Kategoria,Podkategoria,Typ produktu,Grupy typów produktu
Sieci i systemy zabezpieczeń,Szafki,Szafki dystrybucyjne na łączówki LSA, Szafki sieciowe
Sieci i systemy zabezpieczeń,Szafki,Szafki instalatorskie, Szafki sieciowe
Sieci i systemy zabezpieczeń,Szafki,Szafki lokalowe/mieszkaniowe FTTH, Szafki sieciowe
Sieci i systemy zabezpieczeń,Komunikacja i łączność,AccesPoint,AccesPoint
Sieci i systemy zabezpieczeń,Systemy Wi-Fi,Access Pointy,Access Pointy
"Dom, Warsztat i Ogród",Narzędzia - osprzęt,Adaptery,Adaptery
"Gaming: Konsole, Gry i Akcesoria",Konsole,Adaptery,Adaptery
Instrumenty muzyczne,Mikrofony i słuchawki,Adaptery i przejściówki,Adaptery
IT,Kable i adaptery,"Adaptery, przejściówki",Adaptery
Sieci i systemy zabezpieczeń,Inteligenty dom,Adaptery,Adaptery
Sieci i systemy zabezpieczeń,Światłowody,Adaptery Multi-Mode,Adaptery Multi-Mode
Materiały eksploatacyjne i artykuły szkolno-biurow,Artykuły czyszczące,Sprężone powietrze,Aerozol
"Dom, Warsztat i Ogród",Narzędzia i urządzenia elektryczne,Agregaty malarskie,Agregaty
"Dom, Warsztat i Ogród",Narzędzia i urządzenia spalinowe,Agregaty,Agregaty
Zasilanie,Zasilanie awaryjne,Agregaty,Agregaty
Fotografia i film,Drony,Akumulatorki do dronów,Akumulatorki
Fotografia i film,Zasilanie,Akumulatorki,Akumulatorki
Telekomunikacja,Radiokomunikacja,Akumulatorki do krótkofalówek,Akumulatorki
Zasilanie,"Baterie, akumulatorki i ładowarki",Akumulatorki,Akumulatorki
"Dom, Warsztat i Ogród",Narzędzia - osprzęt,Akumulatory,Akumulatory
"Dom, Warsztat i Ogród",Sprzątanie i pielęgnacja domu,Do odkurzaczy - akumulatory,akumulatory
Fotografia i film,Zasilanie,Akumulatory dedykowane do foto,Akumulatory
Gry i zabawki,Sport i rekreacja,Akumulatory do hulajnogi,Akumulatory
Militaria,Strzelectwo,Akumulatory ASG,Akumulatory
Motoryzacja,Elektryka samochodowa,Akumulatory,Akumulatory
Sieci i systemy zabezpieczeń,Inteligenty dom,Alarm - akumulatory,akumulatory
Sieci i systemy zabezpieczeń,Systemy Alarmowe,Akumulatory,Akumulatory
Sieci i systemy zabezpieczeń,Zasilanie,Akumulatory,Akumulatory
Sport i Turystyka,Skating i deskorolki,Akumulatory do hulajnogi,Akumulatory
Zasilanie,"Baterie, akumulatorki i ładowarki",Akumulatory dedykowane,Akumulatory
Zasilanie,Zasilanie awaryjne,Akumulatory,Akumulatory
Zasilanie,Akumulatory do elektronarzędzi,Akumulatory do elektronarzędzi,Akumulatory 
Dla zwierząt,Akwarystyka,Akwaria,Akwaria
Dla zwierząt,Akwarystyka,Akwaria - pokrywy,Akwaria - pokrywy
Militaria,Samoobrona,Alarmy i odstraszacze,Alarmy i odstraszacze
AGD,AGD - Produkty,Alkomaty,Alkomaty
Motoryzacja,Elektronika i akcesoria,Alkomaty,Alkomaty
Motoryzacja,Części zamienne do samochodów,Alternatory,Alternatory
Motoryzacja,Części zamienne do samochodów,Amortyzatory,Amortyzatory
RTV,Odtwarzacze audio-video,Amplitunery,Amplitunery
Militaria,Samoobrona,Amunicja do broni hukowej,Amunicja
Militaria,Samoobrona,Amunicja do broni na kule gumowe,Amunicja
Militaria,Strzelectwo,Kulki do ASG,Amunicja sportowa
Militaria,Strzelectwo,Śruty do wiatrówek,Amunicja sportowa
Militaria,Strzelectwo,Strzały do łuków,Amunicja sportowa
Motoryzacja,Car audio,Anteny samochodowe,Anteny
Motoryzacja,Elektronika i akcesoria,CB Radia - anteny,Anteny
RTV,Car audio,Anteny samochodowe,Anteny
RTV,Odtwarzacze audio-video,Anteny radiowe,Anteny
Sieci i systemy zabezpieczeń,Instalacje telekomunikacyjne,Anteny,Anteny
Sieci i systemy zabezpieczeń,Komunikacja i łączność,Anteny,Anteny
Telekomunikacja,Transmisja danych,Anteny,Anteny
Sieci i systemy zabezpieczeń,Anteny,Anteny 3G/4G/5G,Anteny 
Sieci i systemy zabezpieczeń,Anteny,Anteny Wi-Fi,Anteny 
RTV,Telewizja satelitarna,Anteny satelitarne,Anteny satelitarne
Motoryzacja,Elektronika i akcesoria,Antyradary,Antyradary
"Dom, Warsztat i Ogród",Aparaty elektryczne,Aparatura instalacyjna,Aparatura instalacyjna
Odnawialne źródła energii,Aparaty elektryczne,Aparatura instalacyjna,Aparatura instalacyjna
"Dom, Warsztat i Ogród",Aparaty elektryczne,Aparatura pulpitowa,Aparatura pulpitowa
Odnawialne źródła energii,Aparaty elektryczne,Aparatura pulpitowa,Aparatura pulpitowa
Dla seniora,Sypialnia,Aparaty CPAP (bezdech senny),Aparaty CPAP
Odnawialne źródła energii,Fotowoltaika,Aparaty elektryczne,Aparaty elektryczne
Fotografia i film,Aparaty,Aparaty kompaktowe,Aparaty fotograficzne
Fotografia i film,Aparaty,Aparaty kompaktowe z wymienną optyką,Aparaty fotograficzne
Fotografia i film,Aparaty,Aparaty natychmiastowe,Aparaty fotograficzne
Fotografia i film,Aparaty,Lustrzanki cyfrowe,Aparaty fotograficzne
Dla seniora,Sprzęt rehabilitacyjny,Aparaty na haluksy,Aparaty na haluksy
Dla seniora,Nowoczesny senior,Aparaty słuchowe,Aparaty słuchowe
Zdrowie i Uroda,Urządzenia i sprzęt medyczny,Aparaty słuchowe,Aparaty słuchowe
Motoryzacja,Wyposażenie,Apteczki samochodowe,Apteczki
"Dom, Warsztat i Ogród",Narzędzia i urządzenia akumulatorowe,"Areatory, wertykulatory","Areatory, wertykulatory"
"Dom, Warsztat i Ogród",Narzędzia i urządzenia akumulatorowe,Kultywatory,"Areatory, wertykulatory"
"Dom, Warsztat i Ogród",Narzędzia i urządzenia elektryczne,Wertykulatory,"Areatory, wertykulatory"
Materiały eksploatacyjne i artykuły szkolno-biurow,Artykuły biurowe,"Spinacze, klipy i pinezki",Artykuły biurowe
Materiały eksploatacyjne i artykuły szkolno-biurow,Artykuły biurowe,Zszywacze,Artykuły biurowe
Sport i Turystyka,Siłownia i fitness,Atlasy,Atlasy
Sieci i systemy zabezpieczeń,CCTV Analog,Atrapy,Atrapy
Sieci i systemy zabezpieczeń,CCTV Analog HD,Atrapy,Atrapy
Sieci i systemy zabezpieczeń,CCTV IP,Atrapy,Atrapy
Militaria,Samoobrona,Atrapy broni,Atrapy broni
Militaria,Strzelectwo,Repliki ASG,Atrapy broni
Fotografia i film,Drony,Atrapy,Atrapy dronów
AGD,AGD - Produkty,Automaty do jogurtów,Automaty do jogurtów
AGD,AGD - Produkty,Automaty do pieczenia chleba,Automaty do pieczenia chleba
AGD,AGD - Produkty,Automaty do pieczenia pizzy,Automaty do pieczenia pizzy
AGD,AGD - Produkty,Automaty do popcornu,Automaty do popcornu
"Dom, Warsztat i Ogród",Nawadnianie i opryskiwanie,Automatyczne konewki,Automatyczne konewki
"Dom, Warsztat i Ogród",Ogrodzenia i bramy,Automatyka do bram,Automatyka do bram
Motoryzacja,Wyposażenie,Bagażniki samochodowe,Bagażniki
Sport i Turystyka,Rowery i akcesoria,"Bagażniki, kosze i kufry","Bagażniki, kosze i kufry"
"Dom, Warsztat i Ogród",Architektura ogrodowa,Baldachimy ogrodowe,Baldachimy
Dla seniora,Wózki i balkoniki,Balkoniki do nauki chodzenia,Balkoniki rehabilitacyjne
Dla seniora,Wózki i balkoniki,Balkoniki rehabilitacyjne,Balkoniki rehabilitacyjne
Dla seniora,Wózki i balkoniki,Chodziki rehabilitacyjne,Balkoniki rehabilitacyjne
Dziecko i matka,Mebelki,Barierki do łóżka,Barierki do łóżka
Gry i zabawki,Zabawki ogrodowe,Baseny i brodziki,Baseny i brodziki
"Dom, Warsztat i Ogród",Architektura ogrodowa,"Baseny, brodziki, jacuzzi","Baseny, brodziki, jacuzzi"
Fotografia i film,Zasilanie,Baterie,Baterie
IT,"Notebooki, laptopy, ultrabooki",Baterie do notebooków,Baterie
Telekomunikacja,Akcesoria GSM,Baterie,Baterie
Zasilanie,"Baterie, akumulatorki i ładowarki",Baterie,Baterie
Zasilanie,"Baterie, akumulatorki i ładowarki",Baterie do aparatów słuchowych,Baterie
Zasilanie,"Baterie, akumulatorki i ładowarki",Baterie do notebooków,Baterie
Zasilanie,"Baterie, akumulatorki i ładowarki",Baterie do telefonów,Baterie
AGD,AGD - Produkty,Baterie kuchenne,Baterie do wody
AGD,AGD - Produkty,Baterie łazienkowe,Baterie do wody
"Dom, Warsztat i Ogród",Łazienka i toaleta,Baterie łazienkowe,Baterie do wody
Motoryzacja,Podróż z dzieckiem,Bazy do fotelików dziecięcych,Bazy do fotelików dziecięcych
Dziecko i matka,Foteliki samochodowe,Bazy do fotelików samochodowych,Bazy do fotelików samochodowych
Motoryzacja,Elektryka samochodowa,Bezpieczniki,Bezpieczniki
Materiały eksploatacyjne i artykuły szkolno-biurow,Bębny,Do drukarek Brother,Bębny
Materiały eksploatacyjne i artykuły szkolno-biurow,Bębny,Do drukarek Canon,Bębny
Materiały eksploatacyjne i artykuły szkolno-biurow,Bębny,Do drukarek Epson,Bębny
Materiały eksploatacyjne i artykuły szkolno-biurow,Bębny,Do drukarek G&G,Bębny
Materiały eksploatacyjne i artykuły szkolno-biurow,Bębny,Do drukarek HP,Bębny
Materiały eksploatacyjne i artykuły szkolno-biurow,Bębny,Do drukarek Kyocera,Bębny
Materiały eksploatacyjne i artykuły szkolno-biurow,Bębny,Do drukarek Lexmark,Bębny
Materiały eksploatacyjne i artykuły szkolno-biurow,Bębny,Do drukarek Minolta,Bębny
Materiały eksploatacyjne i artykuły szkolno-biurow,Bębny,Do drukarek OKI,Bębny
Materiały eksploatacyjne i artykuły szkolno-biurow,Bębny,Do drukarek Panasonic,Bębny
Materiały eksploatacyjne i artykuły szkolno-biurow,Bębny,Do drukarek Samsung,Bębny
Materiały eksploatacyjne i artykuły szkolno-biurow,Bębny,Do drukarek Sharp,Bębny
Materiały eksploatacyjne i artykuły szkolno-biurow,Bębny,Do drukarek Xerox,Bębny
Sport i Turystyka,Rowery i akcesoria,Bidony,Bidony
Sport i Turystyka,Akcesoria sportowe i turystyczne,Bidony i Shakery,Bidony i Shakery
Militaria,Odzież,Bielizna termoaktywna,Bielizna
"Obuwie, odzież i galanteria",Bieganie,Bielizna,Bielizna
"Obuwie, odzież i galanteria",Klasyka,Bielizna,Bielizna
"Obuwie, odzież i galanteria",Narciarstwo,Bielizna,Bielizna
Sport i Turystyka,Do biegania,Bielizna,Bielizna
Sport i Turystyka,Narciarstwo,Bielizna,Bielizna
Zdrowie i Uroda,Erotyka,Bielizna,Bielizna
Sport i Turystyka,Siłownia i fitness,Bieżnie,Bieżnie
AGD,Wyposażenie,"Bieżniki, podkładki, podstawki","Bieżniki, podkładki, podstawki"
Materiały eksploatacyjne i artykuły szkolno-biurow,Urządzenia biurowe,Bindownice,Bindownice
"Dom, Warsztat i Ogród",Architektura ogrodowa,"Stołki, krzesła",Biurka i krzesła
"Dom, Warsztat i Ogród",Meble,Biurka,Biurka i krzesła
"Dom, Warsztat i Ogród",Meble,Hokery,Biurka i krzesła
"Dom, Warsztat i Ogród",Meble,Krzesła,Biurka i krzesła
"Dom, Warsztat i Ogród",Meble,Pufy i podnóżki,Biurka i krzesła
"Dom, Warsztat i Ogród",Meble,Stoły,Biurka i krzesła
"Dom, Warsztat i Ogród",Meble,Taborety,Biurka i krzesła
"Dom, Warsztat i Ogród",Meble,Ławki,Biurka i krzesła
"Dom, Warsztat i Ogród",Meble,Ławy i stoły,Biurka i krzesła
"Dom, Warsztat i Ogród",Narzędzia - osprzęt,Stoły narzędziowe,Biurka i krzesła
Dziecko i matka,Mebelki,Biurka dla dzieci,Biurka i krzesła
"Gaming: Konsole, Gry i Akcesoria",Gaming PC,Stoliki i biurka,Biurka i krzesła
Instrumenty muzyczne,Meble,Biurka,Biurka i krzesła
Instrumenty muzyczne,Meble,Stoły,Biurka i krzesła
Instrumenty muzyczne,Meble,Ławy,Biurka i krzesła
"Obuwie, odzież i galanteria",Galanteria i dodatki,Biżuteria,Biżuteria
Zdrowie i Uroda,Erotyka,Biżuteria erotyczna,Biżuteria
AGD,Wyposażenie,Blachy i formy do pieczenia,Blachy i formy do pieczenia
"Dom, Warsztat i Ogród",Meble,Blaty,Blaty
Materiały eksploatacyjne i artykuły szkolno-biurow,Artykuły papiernicze,Bloczki samoprzylepne,Bloczki samoprzylepne
Materiały eksploatacyjne i artykuły szkolno-biurow,Artykuły papiernicze,Bloki i zeszyty,Bloki i zeszyty
IT,Peryferia,Bluetooth,Bluetooth
"Dom, Warsztat i Ogród",Odzież ochronna i BHP,Bluzy,Bluzy
"Dom, Warsztat i Ogród",Odzież ochronna i BHP,Koszule i koszulki,Bluzy
"Dom, Warsztat i Ogród",Odzież ochronna i BHP,Kurtki,Bluzy
Militaria,Odzież,Bluzy,Bluzy
"Obuwie, odzież i galanteria",Bieganie,Bluzy,Bluzy
"Obuwie, odzież i galanteria",Klasyka,Bluzy,Bluzy
"Obuwie, odzież i galanteria",Kolarstwo,Bluzy,Bluzy
"Obuwie, odzież i galanteria",Narciarstwo,Bluzy,Bluzy
"Obuwie, odzież i galanteria",Odzież ochronna i BHP,Bluzy,Bluzy
"Obuwie, odzież i galanteria",Piłka nożna i siatkówka,Bluzy,Bluzy
Sport i Turystyka,Do biegania,Bluzy,Bluzy
Sport i Turystyka,Narciarstwo,Bluzy,Bluzy
Sport i Turystyka,Piłka nożna i siatkówka,Bluzy,Bluzy
Sport i Turystyka,Rowery i akcesoria,Bluzy,Bluzy
Sport i Turystyka,Rowery i akcesoria,Błotniki,Błotniki
AGD,AGD - Produkty,Bojlery,Bojlery
Dziecko i matka,Mebelki,Bramka bezpieczeństwa,Bramka bezpieczeństwa
Gry i zabawki,Sport i rekreacja,Bramki do piłki nożnej,Bramki do piłki nożnej
Telekomunikacja,Internet of Things (IoT),Bramki przemysłowe,Bramki przemysłowe
"Dom, Warsztat i Ogród",Ogrodzenia i bramy,Bramy,Bramy
Militaria,Samoobrona,Broń na kule gumowe,Broń
Militaria,Samoobrona,Pistolety gazowe RMG,Broń
Militaria,Strzelectwo,AIPSC,Broń
"Dom, Warsztat i Ogród",Narzędzia i urządzenia elektryczne,Bruzdownice,Bruzdownice
Gry i zabawki,Zabawki dla najmłodszych (0-3 lata),Bujaki i skoczki,Bujaki i skoczki
Dziecko i matka,Karmienie,Butelki,Butelki
Materiały eksploatacyjne i artykuły szkolno-biurow,Zestawy do uzupełnień,Butelki z tuszem,Butelki z tuszem
Militaria,Odzież,Buty,Buty
"Obuwie, odzież i galanteria",Narciarstwo,Buty,Buty
"Obuwie, odzież i galanteria",Odzież ochronna i BHP,Obuwie,Buty
"Obuwie, odzież i galanteria",Piłka nożna i siatkówka,Buty,Buty
"Obuwie, odzież i galanteria",Siłownia i fitness,Buty,Buty
Sport i Turystyka,Narciarstwo,Buty,Buty
Sport i Turystyka,Piłka nożna i siatkówka,Buty,Buty
Sport i Turystyka,Siłownia i fitness,Buty,Buty
Zdrowie i Uroda,Erotyka,Buty,Buty
Zasilanie,Zasilanie awaryjne,Bypass,Bypass
Motoryzacja,Elektronika i akcesoria,CB Radia,CB Radia
"Dom, Warsztat i Ogród",Materiały budowlane i instalacyjne,Bloczki,Cegły i pustaki
"Dom, Warsztat i Ogród",Materiały budowlane i instalacyjne,Cegły,Cegły i pustaki
"Dom, Warsztat i Ogród",Materiały budowlane i instalacyjne,Pustaki ceramiczne,Cegły i pustaki
Sieci i systemy zabezpieczeń,Inteligenty dom,Alarm - centrale,Centrale systemu
Sieci i systemy zabezpieczeń,Inteligenty dom,Centrale systemu,Centrale systemu
Sieci i systemy zabezpieczeń,Kontrola dostępu,Centrale,Centrale systemu
Sieci i systemy zabezpieczeń,Systemy Alarmowe,Centrale alarmowe,Centrale systemu
Sieci i systemy zabezpieczeń,VoIP,Centralki tel. VoIP,Centralki tel. VoIP
Telekomunikacja,Videokonferencje i VoIP,Centralki tel. VoIP,Centralki tel. VoIP
Dla seniora,Sypialnia,Preparaty na odleżyny,Chemia
Dla seniora,Łazienka i toaleta,Kosmetyki,Chemia
Dla zwierząt,Akwarystyka,Chemia,Chemia
Dla zwierząt,Akwarystyka,Suplementy i preparaty lecznicze,Chemia
Dla zwierząt,Dla Kota,Suplementy i preparaty lecznicze,Chemia
Dla zwierząt,Dla małych zwierząt,Suplementy i preparaty lecznicze,Chemia
Dla zwierząt,Dla psa,Suplementy i preparaty lecznicze,Chemia
Dla zwierząt,Dla zwierząt hodowlanych,Suplementy i preparaty lecznicze,Chemia
Dla zwierząt,Ptaki,Suplementy i preparaty lecznicze,Chemia
Dla zwierząt,VET,Suplementy i preparaty lecznicze dla kota,Chemia
Dla zwierząt,VET,Suplementy i preparaty lecznicze dla psa,Chemia
"Dom, Warsztat i Ogród",Chemia,Kapsułki do prania,Chemia
"Dom, Warsztat i Ogród",Chemia,Kapsułki i tabletki do zmywarki,Chemia
"Dom, Warsztat i Ogród",Chemia,Kleje,Chemia
"Dom, Warsztat i Ogród",Chemia,Lakiery,Chemia
"Dom, Warsztat i Ogród",Chemia,Odtłuszczacze,Chemia
"Dom, Warsztat i Ogród",Chemia,Oliwy,Chemia
"Dom, Warsztat i Ogród",Chemia,Preparaty do czyszczenia okularów,Chemia
"Dom, Warsztat i Ogród",Chemia,Preparaty do czyszczenia toalet,Chemia
"Dom, Warsztat i Ogród",Chemia,Preparaty do mycia i nabłyszczania powierzchni,Chemia
"Dom, Warsztat i Ogród",Chemia,Preparaty do mycia okien,Chemia
"Dom, Warsztat i Ogród",Chemia,Proszki do prania,Chemia
"Dom, Warsztat i Ogród",Chemia,Płyny do dezynfekcji,Chemia
"Dom, Warsztat i Ogród",Chemia,Płyny do mycia naczyń,Chemia
"Dom, Warsztat i Ogród",Chemia,Płyny do prania,Chemia
"Dom, Warsztat i Ogród",Chemia,Płyny do płukania,Chemia
"Dom, Warsztat i Ogród",Chemia,Rozcieńczalniki,Chemia
"Dom, Warsztat i Ogród",Chemia,Rozpuszczalniki,Chemia
"Dom, Warsztat i Ogród",Chemia,Smary,Chemia
"Dom, Warsztat i Ogród",Chemia,Środki antykorozyjne,Chemia
"Dom, Warsztat i Ogród",Chemia,Środki piorące i odplamiające,Chemia
"Dom, Warsztat i Ogród",Chemia,Środki przeciw owadom,Chemia
"Dom, Warsztat i Ogród",Chemia,Woda destylowana,Chemia
"Dom, Warsztat i Ogród",Chemia,Zmywacze do klejów i etykiet,Chemia
"Dom, Warsztat i Ogród",Materiały budowlane i instalacyjne,Podkłady gruntujące,Chemia
"Dom, Warsztat i Ogród",Materiały budowlane i instalacyjne,Tynki,Chemia
"Dom, Warsztat i Ogród",Materiały budowlane i instalacyjne,Zaprawy cementowe,Chemia
"Dom, Warsztat i Ogród",Materiały budowlane i instalacyjne,Zaprawy gipsowe,Chemia
"Dom, Warsztat i Ogród",Narzędzia - osprzęt,Oleje do agregatów,Chemia
"Dom, Warsztat i Ogród",Narzędzia - osprzęt,Preparaty i płyny do myjek,Chemia
"Dom, Warsztat i Ogród",Sprzątanie i pielęgnacja domu,Do nawilżaczy - płyny,Chemia
"Dom, Warsztat i Ogród",Sprzątanie i pielęgnacja domu,Do nawilżaczy powietrza - odkamieniacze i środki h,Chemia
"Dom, Warsztat i Ogród",Sprzątanie i pielęgnacja domu,Do nawilżaczy powietrza - wkłady i olejki zapachow,Chemia
"Dom, Warsztat i Ogród",Sprzątanie i pielęgnacja domu,Środki myjące i czyszczące,Chemia
Materiały eksploatacyjne i artykuły szkolno-biurow,Artykuły biurowe,Kleje,Chemia
Materiały eksploatacyjne i artykuły szkolno-biurow,Artykuły czyszczące,Pianki,Chemia
Materiały eksploatacyjne i artykuły szkolno-biurow,Artykuły czyszczące,Płyny,Chemia
Materiały eksploatacyjne i artykuły szkolno-biurow,Artykuły czyszczące,Płyty czyszczące,Chemia
Militaria,Odzież,Środki do czyszczenia i pielęgnacji,Chemia
Militaria,Survival,Palniki - paliwo,Chemia
Motoryzacja,Kosmetyki i konserwacja,Czyszczenie nadwozia,Chemia
Motoryzacja,Kosmetyki i konserwacja,Czyszczenie wnętrza,Chemia
Motoryzacja,Kosmetyki i konserwacja,Opony i felgi,Chemia
Motoryzacja,Kosmetyki i konserwacja,Zapachy,Chemia
Motoryzacja,Oleje i płyny,Dodatki czyszczące do chłodnic,Chemia
Motoryzacja,Oleje i płyny,Dodatki czyszczące do dolotu powietrza,Chemia
Motoryzacja,Oleje i płyny,Dodatki czyszczące do oleju silnikowego,Chemia
Motoryzacja,Oleje i płyny,Dodatki czyszczące do paliwa,Chemia
Motoryzacja,Oleje i płyny,Dodatki czyszczące do skrzyni biegów,Chemia
Motoryzacja,Oleje i płyny,Dodatki uszlachetniające do paliwa,Chemia
Motoryzacja,Oleje i płyny,Oleje silnikowe,Chemia
Motoryzacja,Oleje i płyny,Płyny do chłodnic,Chemia
Motoryzacja,Oleje i płyny,Płyny do spryskiwaczy,Chemia
Motoryzacja,Oleje i płyny,Płyny do wspomagania,Chemia
Motoryzacja,Oleje i płyny,Płyny hamulcowe,Chemia
Motoryzacja,Oleje i płyny,Smary,Chemia
Motoryzacja,Warsztat samochodowy,Komplety lakiernicze,Chemia
Przemysł,Chemia profesjonalna,Środki czyszczące,Chemia
Przemysł,Chemia profesjonalna,Środki konserwujące,Chemia
Sport i Turystyka,Rowery i akcesoria,Preparaty konserwujące,Chemia
Sport i Turystyka,Wspinaczka,Magnezja,Chemia
Zdrowie i Uroda,Aromaterapia,Olejki eteryczne,Chemia
Zdrowie i Uroda,Do higieny i pielęgnacji,Do dezynfekcji - Płyny i żele antybakteryjne,Chemia
Zdrowie i Uroda,Do higieny i pielęgnacji,Do dezynfekcji - Sterylizatory,Chemia
Zdrowie i Uroda,Do higieny i pielęgnacji,Do woskownic - wosk,Chemia
Zdrowie i Uroda,Do higieny i pielęgnacji,Pianki i żele do golenia,Chemia
Zdrowie i Uroda,Do higieny i pielęgnacji,Pielęgnacja twarzy,Chemia
Zdrowie i Uroda,Do higieny i pielęgnacji,Płyny do płukania i pasty do zębów,Chemia
Zdrowie i Uroda,Do higieny i pielęgnacji,Środki pielęgnacyjne do stóp,Chemia
Zdrowie i Uroda,Do higieny i pielęgnacji,Wybielanie zębów - środki wybielające,Chemia
Zdrowie i Uroda,Erotyka,Feromony,Chemia
Zdrowie i Uroda,Erotyka,Kosmetyki i perfumy,Chemia
Zdrowie i Uroda,Erotyka,Potencja i libido,Chemia
Zdrowie i Uroda,Erotyka,Suplementy i kosmetyki,Chemia
Zdrowie i Uroda,Erotyka,Żele i suplementy,Chemia
Zdrowie i Uroda,Kosmetologia,Peeling kawitacyjny,Chemia
Zdrowie i Uroda,Kosmetyka,Lakiery i odżywki,Chemia
Zdrowie i Uroda,Kosmetyka,Zmywacze,Chemia
Zdrowie i Uroda,Kosmetyki,Dezodoranty,Chemia
Zdrowie i Uroda,Kosmetyki,Do kąpieli,Chemia
Zdrowie i Uroda,Kosmetyki,Do makijażu,Chemia
Zdrowie i Uroda,Kosmetyki,Pielęgnacja ciała,Chemia
Zdrowie i Uroda,Kosmetyki,Pielęgnacja twarzy,Chemia
Zdrowie i Uroda,Kosmetyki,Pielęgnacja włosów,Chemia
Zdrowie i Uroda,Kosmetyki,Zapachy,Chemia
Motoryzacja,Wyposażenie,Chlapacze,Chlapacze
Enterprise i produkty serwerowe,Obudowy i akcesoria,Chłodzenie,Chłodzenie
Enterprise i produkty serwerowe,Obudowy i akcesoria,Chłodzenie dedykowane,Chłodzenie
IT,Chłodzenie,Chłodzenie - zestawy chłodzenia wodnego,Chłodzenie wodne
AGD,AGD - Produkty,Chłodziarki do wina,Chłodziarki
Dziecko i matka,Opieka,Chodziki,Chodziki
Gry i zabawki,Zabawki dla najmłodszych (0-3 lata),Chodziki i jeździki,Chodziki i jeździki
Militaria,Odzież,"Chusty, arafatki, kominy","Chusty, arafatki, kominy"
"Dom, Warsztat i Ogród",Narzędzia i urządzenia ręczne,Chwytaki,Chwytaki
Dla seniora,Pomoce codzienne,Chwytaki do podnoszenia,Chwytaki do podnoszenia
Dla seniora,Diagnostyka,Ciśnieniomierze,Ciśnieniomierze
Zdrowie i Uroda,Urządzenia i sprzęt medyczny,Ciśnieniomierze,Ciśnieniomierze
AGD,AGD - Produkty,Czajniki elektryczne,Czajniki
AGD,AGD - Produkty,Czajniki nieelektryczne,Czajniki
"Gaming: Konsole, Gry i Akcesoria",Gadżety dla graczy,Czapki,Czapki
"Obuwie, odzież i galanteria",Narciarstwo,Czapki,Czapki
Sport i Turystyka,Narciarstwo,Czapki,Czapki
"Dom, Warsztat i Ogród",Odzież ochronna i BHP,Czapki i kaski,Czapki i kaski
Sport i Turystyka,Wspinaczka,Czekany,Czekany
Sport i Turystyka,Pływanie,Czepki,Czepki
Gry i zabawki,Sport i rekreacja,Cześci i akcesoria do hulajnogi,Cześci i akcesoria do hulajnogi
Sport i Turystyka,Skating i deskorolki,Cześci i akcesoria do hulajnogi,Cześci i akcesoria do hulajnogi
Sport i Turystyka,Rowery i akcesoria,Części rowerowe,Części rowerowe
Fotografia i film,Drony,Części zamienne i serwisowe,Części zamienne i serwisowe
Sieci i systemy zabezpieczeń,Systemy Alarmowe,Czujki,Czujki
Sieci i systemy zabezpieczeń,Systemy Sygnalizacji Pożarowej,Czujki,Czujki
"Gaming: Konsole, Gry i Akcesoria",VR - Wirtualna rzeczywistość,Czujniki,Czujniki
Motoryzacja,Części zamienne do samochodów,Czujniki,Czujniki
Sieci i systemy zabezpieczeń,Inteligenty dom,Alarm - czujniki,Czujniki
Sieci i systemy zabezpieczeń,Inteligenty dom,Czujniki,Czujniki
Zasilanie,Zasilanie awaryjne,Czujniki do UPS,Czujniki do UPS
Telekomunikacja,Internet of Things (IoT),Czujniki MEMS,Czujniki MEMS
Motoryzacja,Elektronika i akcesoria,Czujniki parkowania i kamery cofania,Czujniki parkowania i kamery cofania
"Dom, Warsztat i Ogród",Oświetlenie,Czujniki ruchu,Czujniki ruchu
Materiały eksploatacyjne i artykuły szkolno-biurow,Artykuły czyszczące,Czyściki,Czyściki
Materiały eksploatacyjne i artykuły szkolno-biurow,Artykuły czyszczące,Patyczki do czyszczenia klawiatur,Czyściki
Urządzenia sklepowe,Auto ID,Czytniki kodów kreskowych,Czytniki
Urządzenia sklepowe,Auto ID,Czytniki linii papilarnych,Czytniki
Urządzenia sklepowe,Urządzenia sklepowe,Czytniki kodów kreskowych,Czytniki
IT,Multimedia,Czytniki e-Book,Czytniki e-Book
IT,Multimedia,Czytniki Kart,Czytniki Kart
Urządzenia sklepowe,Auto ID,Czytniki kart dostępu,Czytniki kart 
Urządzenia sklepowe,Auto ID,Czytniki kart inteligentnych,Czytniki kart 
Sieci i systemy zabezpieczeń,Kontrola dostępu,Czytniki kart dostępu,Czytniki kart dostępu
Fotografia i film,Pamięci,Czytniki kart pamięci,Czytniki kart pamięci
Sieci i systemy zabezpieczeń,Kontrola dostępu,Czytniki linii papilarnych,Czytniki linii papilarnych
Militaria,Strzelectwo,Dalmierze,Dalmierze
"Dom, Warsztat i Ogród",Urządzenia pomiarowe,"Dalmierze, niwelatory","Dalmierze, niwelatory"
Artykuły spożywcze,Dania gotowe,Dania główne,Dania gotowe
Artykuły spożywcze,Dania gotowe,Dania śniadaniowe,Dania gotowe
Artykuły spożywcze,Dania gotowe,Desery,Dania gotowe
Artykuły spożywcze,Dania gotowe,Zupy,Dania gotowe
Dla zwierząt,Akwarystyka,Dekoracje,Dekoracje
Dziecko i matka,Organizacja przyjęć,Dekoracje,Dekoracje
"Dom, Warsztat i Ogród",Akcesoria do domu,Dekoracje ścienne,Dekoracje 
AGD,AGD - Produkty,Depilatory,Depilatory
Zdrowie i Uroda,Do higieny i pielęgnacji,Depilatory,Depilatory
Sport i Turystyka,Nad wodę,Deski,Deski
AGD,AGD - Produkty,Deski do prasowania,Deski do prasowania
Materiały eksploatacyjne i artykuły szkolno-biurow,Przechowywanie dokumentów,Deski i teczki z klipem,Deski i teczki z klipem
"Dom, Warsztat i Ogród",Łazienka i toaleta,Deski WC i mocowania,Deski WC i mocowania
Gry i zabawki,Sport i rekreacja,Deskorolki elektryczne,Deskorolki
Sport i Turystyka,Skating i deskorolki,Deskorolki elektryczne,Deskorolki
Sport i Turystyka,Skating i deskorolki,Deskorolki tradycyjne,Deskorolki
Gry i zabawki,Sport i rekreacja,Deskorolki tradycyjne,Deskorolki 
Dla seniora,Diagnostyka,Dezynfekcja,Dezynfekcja
Zdrowie i Uroda,Erotyka,Dilda,Dilda
Fotografia i film,Drony,Diody LED,Diody LED
"Dom, Warsztat i Ogród",Narzędzia i urządzenia ręczne,Dłuta,Dłuta
Militaria,Strzelectwo,Dmuchawki,Dmuchawki
Sport i Turystyka,Akcesoria sportowe i turystyczne,Do butów - elementy serwisowe,Do butów - elementy serwisowe
Militaria,Survival,"Saperki, siekiery, piły",do rozbicia
Militaria,Survival,"Śpiwory, hamaki, maty",do rozbicia
Militaria,Survival,"Torby, plecaki, organizery",do rozbicia
Sieci i systemy zabezpieczeń,Systemy Alarmowe,Zasilanie,do rozbicia
Sieci i systemy zabezpieczeń,Systemy Domofonowe,Zasilanie,do rozbicia
Dla zwierząt,Dla Kota,Do snu,Do snu
Dla zwierząt,Dla psa,Do snu,Do snu
Artykuły spożywcze,Dodatki,Bakalie i owoce,Dodatki spożywcze
Artykuły spożywcze,Dodatki,Dodatki sypkie,Dodatki spożywcze
Gry i zabawki,Lalki i akcesoria,Domki dla lalek,Domki dla lalek
Gry i zabawki,Lalki i akcesoria,Meble dla lalek,Domki dla lalek
Gry i zabawki,Zabawki drewniane,Domki dla lalek,Domki dla lalek
"Dom, Warsztat i Ogród",Architektura ogrodowa,Domki ogrodowe,Domki ogrodowe
Gry i zabawki,Zabawki ogrodowe,"Domki, namioty","Domki, namioty dla dzieci"
Sieci i systemy zabezpieczeń,Inteligenty dom,Domofony,Domofony
"Dom, Warsztat i Ogród",Urządzenia pomiarowe,Domowe stacje pogodowe,Domowe stacje pogodowe
"Dom, Warsztat i Ogród",Akcesoria do domu,Donice,Donice
AGD,AGD - Produkty,Dozowniki do mydła,Dozowniki
AGD,AGD - Produkty,Dozowniki do przypraw,Dozowniki
Dla seniora,Pomoce codzienne,Dozowanie kropli do oczu,Dozowniki
"Dom, Warsztat i Ogród",Sprzątanie i pielęgnacja domu,Dozowniki do mydła,Dozowniki
"Dom, Warsztat i Ogród",Sprzątanie i pielęgnacja domu,Dozowniki do ręczników papierowych,Dozowniki
"Dom, Warsztat i Ogród",Akcesoria do domu,"Drabinki, schodki, podstawki",Drabink
"Dom, Warsztat i Ogród",Narzędzia i urządzenia ręczne,Drabiny,Drabiny
Dla zwierząt,Dla Kota,Drapaki,Drapaki
"Obuwie, odzież i galanteria",Bieganie,Dresy,Dresy
Sport i Turystyka,Do biegania,Dresy,Dresy
"Dom, Warsztat i Ogród",Materiały budowlane i instalacyjne,Drewno konstrukcyjne,Drewno konstrukcyjne
"Dom, Warsztat i Ogród",Narzędzia i urządzenia ręczne,Motyki,Drobne narzędzia ogrodowe
"Dom, Warsztat i Ogród",Narzędzia i urządzenia ręczne,Pazurki do spulchniania gleby,Drobne narzędzia ogrodowe
"Dom, Warsztat i Ogród",Narzędzia i urządzenia ręczne,Sekatory,Drobne narzędzia ogrodowe
"Dom, Warsztat i Ogród",Narzędzia i urządzenia ręczne,Siekiery,Drobne narzędzia ogrodowe
"Dom, Warsztat i Ogród",Narzędzia i urządzenia ręczne,Trzonki teleskopowe,Drobne narzędzia ogrodowe
"Dom, Warsztat i Ogród",Narzędzia i urządzenia ręczne,Wertykulatory,Drobne narzędzia ogrodowe
"Dom, Warsztat i Ogród",Narzędzia i urządzenia ręczne,Wiadra,Drobne narzędzia ogrodowe
"Dom, Warsztat i Ogród",Narzędzia i urządzenia ręczne,Widełki do roślin,Drobne narzędzia ogrodowe
"Dom, Warsztat i Ogród",Narzędzia i urządzenia ręczne,Łopatki do roślin,Drobne narzędzia ogrodowe
"Dom, Warsztat i Ogród",Nawadnianie i opryskiwanie,Szczotki do mycia,Drobne narzędzia ogrodowe
Fotografia i film,Drony,Drony,Drony
Sport i Turystyka,Akcesoria sportowe i turystyczne,Drony,Drony
IT,Peryferia,Drukarki (Gwarancje-rozszerzenia),Drukarki
IT,Peryferia,Drukarki 3D,Drukarki
IT,Peryferia,Drukarki 3D - Części zamienne,Drukarki
IT,Peryferia,Drukarki atramentowe,Drukarki
IT,Peryferia,Drukarki etykiet,Drukarki
IT,Peryferia,Drukarki igłowe,Drukarki
IT,Peryferia,Drukarki laserowe,Drukarki
IT,Peryferia,Drukarki termiczne,Drukarki
IT,Peryferia,Drukarki termosublimacyjne,Drukarki
IT,Peryferia,Drukarki-Plotery,Drukarki
IT,UŻYWANE PRODUKTY IT,Drukarki igłowe,Drukarki
IT,UŻYWANE PRODUKTY IT,Drukarki laserowe,Drukarki
Urządzenia sklepowe,Auto ID,Drukarki etykiet,Drukarki
Urządzenia sklepowe,Auto ID,Drukarki termiczne,Drukarki
Urządzenia sklepowe,Urządzenia sklepowe,Drukarki fiskalne,Drukarki
Urządzenia sklepowe,Urządzenia sklepowe,Drukarki termiczne,Drukarki
Zdrowie i Uroda,Kosmetyka,Drukarki do tatuaży,Drukarki 
"Dom, Warsztat i Ogród",Rękodzieło,"Druty, igły, szydełka","Druty, igły, szydełka"
Sieci i systemy zabezpieczeń,Data Center,Drzwi przesuwne do alejek,Drzwi przesuwne
Enterprise i produkty serwerowe,Sieci - Data Center,Drzwi przesuwne do alejek,Drzwi przesuwne do alejek
RTV,Telewizja naziemna,DVB-T Karty komputerowe,DVB-T Karty komputerowe
Dla seniora,Nowoczesny senior,Olejki do aromaterapii i dyfuzory,Dyfuzory
Instrumenty muzyczne,Materiały wygłuszające,Dyfuzory,Dyfuzory
IT,Dyski i akcesoria,Dyski Enterprise HDD,Dyski HDD
IT,Dyski i akcesoria,Dyski Enterprise HDD dedykowane,Dyski HDD
IT,Dyski i akcesoria,Dyski HDD,Dyski HDD
Enterprise i produkty serwerowe,Dyski Enterprise,Dyski Enterprise HDD dedykowane,Dyski HDD 
Enterprise i produkty serwerowe,Dyski Enterprise (HDD / SSD),Dyski Enterprise HDD,Dyski HDD 
IT,Outlet,Dyski twarde,Dyski HDD /Dyski SSD
Enterprise i produkty serwerowe,Dyski Enterprise,Dyski Enterprise SSD,Dyski SSD
Enterprise i produkty serwerowe,Dyski Enterprise,Dyski Enterprise SSD dedykowane,Dyski SSD
"Gaming: Konsole, Gry i Akcesoria",Gaming PC,Dyski SSD,Dyski SSD
IT,Dyski i akcesoria,Dyski Enterprise SSD,Dyski SSD
IT,Dyski i akcesoria,Dyski Enterprise SSD dedykowane,Dyski SSD
IT,Dyski i akcesoria,Dyski SSD,Dyski SSD
IT,Dyski i akcesoria,Dyski SSHD,Dyski SSHD
"Gaming: Konsole, Gry i Akcesoria",Gaming PC,Dyski zewnętrzne,Dyski zewnętrzne
IT,Nośniki i akcesoria,Dyskietki,Dyskietki
AGD,AGD - Produkty,Czekoladowe fontanny,Dystrybutory fontannowe
AGD,AGD - Produkty,Dystrybutory fontannowe,Dystrybutory fontannowe
AGD,Wyposażenie,Dystrybutory na napoje,Dystrybutory na napoje
Motoryzacja,Wyposażenie,Dywaniki samochodowe,Dywaniki
"Dom, Warsztat i Ogród",Narzędzia i urządzenia ręczne,Dziurkacze,Dziurkacze
Materiały eksploatacyjne i artykuły szkolno-biurow,Artykuły biurowe,Dziurkacze,Dziurkacze
"Dom, Warsztat i Ogród",Akcesoria do domu,Dzwonki,Dzwonki
Sport i Turystyka,Rowery i akcesoria,Dzwonki,Dzwonki
Instrumenty muzyczne,Gitary,Efekty gitarowe,Efekty gitarowe
IT,"Notebooki, laptopy, ultrabooki",Ekranowe filtry prywatyzujące,Ekranowe filtry
IT,Systemy audiowizualne,Ekrany LED,Ekrany
Digital Signage & Business TV,Projektory i tablice,Ekrany do projektorów,Ekrany projekcyjne
IT,Systemy audiowizualne,Ekrany do projektorów,Ekrany projekcyjne
Materiały eksploatacyjne i artykuły szkolno-biurow,Prezentacja wizualna,Ekrany projekcyjne,Ekrany projekcyjne
RTV,Projektory i akcesoria,Ekrany projekcyjne,Ekrany projekcyjne
AGD,AGD - Produkty,Ekspresy do herbaty,Ekspresy
AGD,AGD - Produkty,Ekspresy do kawy,Ekspresy
AGD,AGD - Produkty,Ekspresy do kawy - do zabudowy,Ekspresy
AGD,UŻYWANE PRODUKTY AGD,Ekspresy do kawy,Ekspresy
Dziecko i matka,Karmienie,Ekspresy do mleka,Ekspresy
Fotografia i film,Drony,Elektronika do dronów,Elektronika do dronów
Zdrowie i Uroda,Erotyka,Elektrostymulacja,Elektrostymulacja
Zdrowie i Uroda,Fizjoterapia i rehabilitacja,Elektrostymulatory,Elektrostymulatory
Sieci i systemy zabezpieczeń,Kontrola dostępu,Elektrozaczepy i akcesoria,Elektrozaczepy
"Dom, Warsztat i Ogród",Elementy konstrukcyjne i łączące,Gwoździe,Elementy konstrukcyjne i łączące
"Dom, Warsztat i Ogród",Elementy konstrukcyjne i łączące,Liny,Elementy konstrukcyjne i łączące
"Dom, Warsztat i Ogród",Elementy konstrukcyjne i łączące,Napinacze,Elementy konstrukcyjne i łączące
"Dom, Warsztat i Ogród",Elementy konstrukcyjne i łączące,Nity,Elementy konstrukcyjne i łączące
"Dom, Warsztat i Ogród",Elementy konstrukcyjne i łączące,Podkładki,Elementy konstrukcyjne i łączące
"Dom, Warsztat i Ogród",Elementy konstrukcyjne i łączące,Śruby,Elementy konstrukcyjne i łączące
"Dom, Warsztat i Ogród",Elementy konstrukcyjne i łączące,Wkręty,Elementy konstrukcyjne i łączące
Odnawialne źródła energii,Fotowoltaika,Elementy montażowe,Elementy montażowe
IT,Dyski i akcesoria,Etui do dysków zewnętrznych,Etui / Futerały
IT,GPS - nawigacja satelitarna,Etui / Futerały,Etui / Futerały
Fotografia i film,"Torby, plecaki, etui",Etui i futerały,Etui i futerały
IT,Tablety,"Torby, etui",Etui i futerały
Materiały eksploatacyjne i artykuły szkolno-biurow,Przechowywanie dokumentów,Etui / okładki na dokumenty,Etui i futerały
Motoryzacja,Elektronika i akcesoria,GPS - Etui / Futerały,Etui i futerały
Telekomunikacja,Akcesoria GSM,Futerały (etui),Etui i futerały
Telekomunikacja,Radiokomunikacja,"Etui, Futerały",Etui i futerały
Urządzenia sklepowe,Auto ID,Etykiety samoprzylepne,Etykiety
Materiały eksploatacyjne i artykuły szkolno-biurow,Artykuły papiernicze,Etykiety samoprzylepne,Etykiety samoprzylepne
Enterprise i produkty serwerowe,KVM,Extendery konsoli,Extendery
Enterprise i produkty serwerowe,KVM,Extendery Video,Extendery
Sieci i systemy zabezpieczeń,KVM,Extendery konsoli,Extendery
Sieci i systemy zabezpieczeń,KVM,Extendery Video,Extendery
Sport i Turystyka,Rowery i akcesoria,Farby,Farby
Militaria,Survival,Farby do maskowania i kamuflażu,Farby do maskowania i kamuflażu
"Gaming: Konsole, Gry i Akcesoria",Gadżety dla graczy,Figurki,Figurki
Gry i zabawki,Figurki,Akcji,Figurki
Gry i zabawki,Figurki,Dinozaury,Figurki
Gry i zabawki,Figurki,Kolekcjonerskie,Figurki
Gry i zabawki,Figurki,Militarne,Figurki
Gry i zabawki,Figurki,Z bajek,Figurki
Gry i zabawki,Figurki,Zwierzęta,Figurki
Materiały eksploatacyjne i artykuły szkolno-biurow,Filamenty do drukarek i długopisów 3D,Filamenty ABS,Filamenty
Materiały eksploatacyjne i artykuły szkolno-biurow,Filamenty do drukarek i długopisów 3D,Filamenty FLEXY,Filamenty
Materiały eksploatacyjne i artykuły szkolno-biurow,Filamenty do drukarek i długopisów 3D,Filamenty PLA,Filamenty
Zdrowie i Uroda,Erotyka,Filmy,Filmy
Dla zwierząt,Akwarystyka,Filtry,Filtry
Dla zwierząt,Akwarystyka,Filtry - media filtracyjne,Filtry
"Dom, Warsztat i Ogród",Sprzątanie i pielęgnacja domu,Do odkurzaczy - filtry,filtry
Motoryzacja,Części zamienne do samochodów,Filtry oleju,Filtry 
Motoryzacja,Części zamienne do samochodów,Filtry paliwa,Filtry 
Motoryzacja,Części zamienne do samochodów,Filtry powietrza,Filtry 
Fotografia i film,Optyka,Filtry fotograficzne,Filtry fotograficzne
Sieci i systemy zabezpieczeń,Routery,Firewalle i bramy zabezpieczające,Firewalle i bramy zabezpieczające
Sieci i systemy zabezpieczeń,Komunikacja i łączność,Firewalle sprzętowe,Firewalle sprzętowe
Materiały eksploatacyjne i artykuły szkolno-biurow,Urządzenia biurowe,Folie do laminacji,Folie do laminacji
Telekomunikacja,Akcesoria GSM,Folie i szkła,Folie i szkła
Materiały eksploatacyjne i artykuły szkolno-biurow,Artykuły pakowe,Folie pakowe,Folie pakowe
Materiały eksploatacyjne i artykuły szkolno-biurow,Folie termotransferowe,Do faksów Brother,Folie termotransferowe
Materiały eksploatacyjne i artykuły szkolno-biurow,Folie termotransferowe,Do faksów Panasonic,Folie termotransferowe
Materiały eksploatacyjne i artykuły szkolno-biurow,Folie termotransferowe,Do faksów Philips,Folie termotransferowe
Materiały eksploatacyjne i artykuły szkolno-biurow,Folie termotransferowe,Do faksów Sharp,Folie termotransferowe
"Gaming: Konsole, Gry i Akcesoria",Gaming PC,Fotele gamingowe,Fotele gamingowe
Dla seniora,Sprzęt rehabilitacyjny,Fotele geriatryczne,Fotele geriatryczne
"Dom, Warsztat i Ogród",Architektura ogrodowa,Fotele ogrodowe,Fotele ogrodowe
Sport i Turystyka,Rowery i akcesoria,Foteliki rowerowe,Foteliki rowerowe
Dziecko i matka,Foteliki samochodowe,Foteliki samochodowe,Foteliki samochodowe
Motoryzacja,Podróż z dzieckiem,Foteliki samochodowe,Foteliki samochodowe
Sieci i systemy zabezpieczeń,CCTV IP,Fotopułapki,Fotopułapki
"Dom, Warsztat i Ogród",Narzędzia i urządzenia akumulatorowe,Frezarki,Frezarki
"Dom, Warsztat i Ogród",Narzędzia i urządzenia elektryczne,Frezarki,Frezarki
Zdrowie i Uroda,Do higieny i pielęgnacji,Frezarki do pięt,Frezarki do pięt
"Dom, Warsztat i Ogród",Sprzątanie i pielęgnacja domu,Froterki,Froterki
AGD,AGD - Produkty,Frytownice,Frytownice
_Gadżety i materiały reklamowe,_Gadżety i Prezenty,Gadżety,Gadżety
"Gaming: Konsole, Gry i Akcesoria",Gadżety dla graczy,Breloczki,Gadżety 
"Gaming: Konsole, Gry i Akcesoria",Gadżety dla graczy,"Ekspozytory, gabloty i futerały",Gadżety 
"Gaming: Konsole, Gry i Akcesoria",Gadżety dla graczy,Otwieracze,Gadżety 
"Gaming: Konsole, Gry i Akcesoria",Gadżety dla graczy,Plakaty,Gadżety 
AGD,AGD - Produkty,Garnki / patelnie nieelektryczne,Garnki / patelnie nieelektryczne
AGD,AGD - Produkty,Woki,Garnki / patelnie nieelektryczne
AGD,AGD - Produkty,Fondue,Garnki elektryczne
AGD,AGD - Produkty,Cyrkulatory do gotowania,Garnki/patelnie elektryczne
AGD,AGD - Produkty,Garnki / patelnie elektryczne,Garnki/patelnie elektryczne
AGD,AGD - Produkty,Kombiwary,Garnki/patelnie elektryczne
AGD,AGD - Produkty,Prodiże elektryczne,Garnki/patelnie elektryczne
AGD,AGD - Produkty,Szybkowary,Garnki/patelnie elektryczne
AGD,AGD - Produkty,Urządzenia do gotowania ryżu,Garnki/patelnie elektryczne
AGD,AGD - Produkty,Wolnowary,Garnki/patelnie elektryczne
"Dom, Warsztat i Ogród",Urządzenia gaśnicze,Gaśnice,Gaśnice
Sieci i systemy zabezpieczeń,Routery,Gatewaye (bramki),Gatewaye (bramki)
Zdrowie i Uroda,Do higieny i pielęgnacji,Do dezynfekcji - Gaziki,Gaziki
Militaria,Samoobrona,Gazy pieprzowe,Gazy pieprzowe
Materiały eksploatacyjne i artykuły szkolno-biurow,Urządzenia biurowe,"Gilotyny, Trymery","Gilotyny, Trymery"
Instrumenty muzyczne,Gitary,Gitary akustyczne,Gitary i Basy
Instrumenty muzyczne,Gitary,Gitary basowe akustyczne,Gitary i Basy
Instrumenty muzyczne,Gitary,Gitary basowe elektryczne,Gitary i Basy
Instrumenty muzyczne,Gitary,Gitary elektroakustyczne,Gitary i Basy
Instrumenty muzyczne,Gitary,Gitary elektryczne,Gitary i Basy
Instrumenty muzyczne,Gitary,Gitary klasyczne,Gitary i Basy
Instrumenty muzyczne,Gitary,Guitalele,Gitary i Basy
"Dom, Warsztat i Ogród",Narzędzia i urządzenia elektryczne,Glebogryzarki i kultywatory,Glebogryzarki i kultywatory
"Dom, Warsztat i Ogród",Narzędzia i urządzenia spalinowe,Glebogryzarki,Glebogryzarki i kultywatory
Zdrowie i Uroda,Urządzenia i sprzęt medyczny,Glukometry,Glukometry
Instrumenty muzyczne,Nagłośnienie,Głośniki,Głośniki
IT,Peryferia,Głośniki,Głośniki
Motoryzacja,Car audio,Głośniki,Głośniki
RTV,"Głośniki, kolumny, słuchawki",Głośniki do zabudowy,Głośniki
RTV,"Głośniki, kolumny, słuchawki",Głośniki i zestawy głośnikowe,Głośniki
RTV,"Głośniki, kolumny, słuchawki",Głośniki przenośne i bezprzewodowe,Głośniki
Sieci i systemy zabezpieczeń,Inteligenty dom,Nagłośnienie - głośniki,Głośniki
RTV,Car audio,Głośniki samochodowe,Głośniki 
Telekomunikacja,Akcesoria GSM,Głośniki przenośne,Głośniki przenośne
Fotografia i film,Statywy i uchwyty,Głowice do statywów,Głowice
Digital Signage & Business TV,"Kable, gniazda, wtyki","Gniazda, wtyki","Gniazda, wtyki"
Digital Signage & Business TV,Mediaporty,Bloki nablatowe,"Gniazda, wtyki"
Digital Signage & Business TV,Mediaporty,Bloki podblatowe,"Gniazda, wtyki"
Digital Signage & Business TV,Mediaporty,Kolumny wysuwane,"Gniazda, wtyki"
Digital Signage & Business TV,Mediaporty,Wpuszczane w blat - otwarte,"Gniazda, wtyki"
Digital Signage & Business TV,Mediaporty,Wpuszczane w blat - zamykane,"Gniazda, wtyki"
Enterprise i produkty serwerowe,Rozwiązania sieciowe,Gniazda,"Gniazda, wtyki"
Enterprise i produkty serwerowe,Rozwiązania sieciowe,Wtyki,"Gniazda, wtyki"
IT,Kable i adaptery,"Gniazda, wtyki","Gniazda, wtyki"
IT,"Notebooki, laptopy, ultrabooki",Części serwisowe - Gniazda,"Gniazda, wtyki"
Sieci i systemy zabezpieczeń,CCTV Analog,"Gniazda, wtyki","Gniazda, wtyki"
Sieci i systemy zabezpieczeń,CCTV Analog HD,"Gniazda, wtyki","Gniazda, wtyki"
Sieci i systemy zabezpieczeń,CCTV IP,"Gniazda, wtyki","Gniazda, wtyki"
Sieci i systemy zabezpieczeń,Inteligenty dom,Przyciski,"Gniazda, wtyki"
Sieci i systemy zabezpieczeń,"Kable, gniazda i wtyki",Gniazda,"Gniazda, wtyki"
Sieci i systemy zabezpieczeń,"Kable, gniazda i wtyki",Puszki niewyposażone,"Gniazda, wtyki"
Sieci i systemy zabezpieczeń,"Kable, gniazda i wtyki",Puszki wyposażone,"Gniazda, wtyki"
Sieci i systemy zabezpieczeń,"Kable, gniazda i wtyki",Szybkozłączki żelowe,"Gniazda, wtyki"
Sieci i systemy zabezpieczeń,"Kable, gniazda i wtyki",Wtyki,"Gniazda, wtyki"
"Obuwie, odzież i galanteria",Narciarstwo,Gogle,Gogle
Sport i Turystyka,Narciarstwo,Gogle,Gogle
Telekomunikacja,Akcesoria GSM,Gogle wirtualnej rzeczywistości,Gogle
Fotografia i film,Drony,Gogle i okulary,Gogle i okulary
"Gaming: Konsole, Gry i Akcesoria",VR - Wirtualna rzeczywistość,Gogle wirtualnej rzeczywistości,Gogle wirtualnej rzeczywistości
AGD,AGD - Produkty,Golarki,Golarki/Maszynki do strzyżenia
AGD,AGD - Produkty,Golarki do ubrań,Golarki/Maszynki do strzyżenia
AGD,AGD - Produkty,Maszynki do strzyżenia,Golarki/Maszynki do strzyżenia
IT,GPS - nawigacja satelitarna,Urządzenia do nawigacji samochodowej,GPS - nawigacja satelitarna
Militaria,Survival,Nawigacje i komunikatory satelitarne,GPS - nawigacja satelitarna
Motoryzacja,Elektronika i akcesoria,GPS - Urządzenia do nawigacji,GPS - nawigacja satelitarna
"Dom, Warsztat i Ogród",Narzędzia i urządzenia ręczne,Grabie,Grabie
RTV,Odtwarzacze audio-video,Gramofony,Gramofony
Instrumenty muzyczne,Sprzęt DJ,Gramofony DJ,Gramofony 
Militaria,Strzelectwo,"Green Gas, CO2, HPA","Green Gas, CO2, HPA"
AGD,AGD - Produkty,Grille elektryczne,Grille
"Dom, Warsztat i Ogród",Grillowanie,Grille elektryczne,Grille
"Dom, Warsztat i Ogród",Grillowanie,Grille gazowe,Grille
"Dom, Warsztat i Ogród",Grillowanie,Grille węglowe,Grille
"Gaming: Konsole, Gry i Akcesoria",Gry,Gry Nintendo,Gry
"Gaming: Konsole, Gry i Akcesoria",Gry,Gry PC,Gry
"Gaming: Konsole, Gry i Akcesoria",Gry,Gry Playstation 3,Gry
"Gaming: Konsole, Gry i Akcesoria",Gry,Gry Playstation 4,Gry
"Gaming: Konsole, Gry i Akcesoria",Gry,Gry Playstation 5,Gry
"Gaming: Konsole, Gry i Akcesoria",Gry,Gry Playstation Vita,Gry
"Gaming: Konsole, Gry i Akcesoria",Gry,Gry w dystrybucji elektronicznej,Gry
"Gaming: Konsole, Gry i Akcesoria",Gry,Gry Xbox 360,Gry
"Gaming: Konsole, Gry i Akcesoria",Gry,Gry Xbox One,Gry
_Gadżety i materiały reklamowe,_Gadżety i Prezenty,Gry,Gry
Gry i zabawki,Edukacja i rozwój,Gry edukacyjne,Gry edukacyjne
Gry i zabawki,Edukacja i rozwój,Interaktywne,Gry edukacyjne
Gry i zabawki,Edukacja i rozwój,Konstrukcyjne,Gry edukacyjne
Gry i zabawki,Edukacja i rozwój,Wspomaganie nauki,Gry edukacyjne
Gry i zabawki,Gry,Edukacyjne,Gry edukacyjne
Gry i zabawki,Gry,Ekonomiczne,Gry edukacyjne
Gry i zabawki,Gry,Familijne,Gry edukacyjne
Gry i zabawki,Gry,Imprezowe i towarzyskie,Gry edukacyjne
Gry i zabawki,Gry,Karciane,Gry edukacyjne
Gry i zabawki,Gry,Logiczne,Gry edukacyjne
Gry i zabawki,Gry,Strategiczne,Gry edukacyjne
Gry i zabawki,Gry,Zręcznościowe,Gry edukacyjne
Zdrowie i Uroda,Erotyka,Gry erotyczne,Gry erotyczne
Gry i zabawki,Kreatywne i plastyczne,"Biżuteria, koraliki i prasowanki",Gry kreatywne
Gry i zabawki,Kreatywne i plastyczne,Malowanie i rysowanie,Gry kreatywne
Gry i zabawki,Kreatywne i plastyczne,Masy plastyczne,Gry kreatywne
Gry i zabawki,Kreatywne i plastyczne,Mozaiki,Gry kreatywne
Gry i zabawki,Kreatywne i plastyczne,Pieczątki i stempelki,Gry kreatywne
Gry i zabawki,Kreatywne i plastyczne,Robótki ręczne,Gry kreatywne
Gry i zabawki,Kreatywne i plastyczne,Znikopisy i tablice,Gry kreatywne
Gry i zabawki,Kreatywne i plastyczne,Zrób to sam,Gry kreatywne
Sport i Turystyka,Siłownia i fitness,Gryfy,Gryfy
Dla zwierząt,Akwarystyka,Grzałki,Grzałki
Materiały eksploatacyjne i artykuły szkolno-biurow,Urządzenia biurowe,Grzbiety do bindowania,Grzbiety do bindowania
AGD,AGD - Produkty,Grzejniki konwektorowe,Grzejniki
AGD,AGD - Produkty,Grzejniki olejowe,Grzejniki
Zdrowie i Uroda,Ozdoby do włosów,Gumki,Gumki
Sport i Turystyka,Siłownia i fitness,Gumy do ćwiczeń,Gumy do ćwiczeń
Urządzenia sklepowe,Auto ID,Gwarancje - rozszerzenia,Gwarancje - rozszerzenia
Zasilanie,Zasilanie awaryjne,Gwarancje - rozszerzenia,Gwarancje - rozszerzenia
Enterprise i produkty serwerowe,Gwarancje i rozszerzenia,Gwarancje i rozszerzenia do serwerów,Gwarancje i rozszerzenia
Enterprise i produkty serwerowe,Gwarancje i rozszerzenia,Gwarancje i rozszerzenia do storage,Gwarancje i rozszerzenia
Enterprise i produkty serwerowe,Storage,NAS - licencje,Gwarancje i rozszerzenia
Fotografia i film,Drony,Dodatkowe gwarancje,Gwarancje i rozszerzenia
IT,Dyski i akcesoria,Gwarancje - rozszerzenia,Gwarancje i rozszerzenia
IT,Karty i kontrolery,Gwarancje - rozszerzenia,Gwarancje i rozszerzenia
IT,Komputery,Gwarancje - rozszerzenia,Gwarancje i rozszerzenia
IT,"Notebooki, laptopy, ultrabooki",Gwarancje - rozszerzenia,Gwarancje i rozszerzenia
Sieci i systemy zabezpieczeń,Systemy Wi-Fi,Gwarancje,Gwarancje i rozszerzenia
Sieci i systemy zabezpieczeń,Systemy Wi-Fi,Licencje,Gwarancje i rozszerzenia
Sieci i systemy zabezpieczeń,Systemy Wi-Fi,Licencje do access pointów,Gwarancje i rozszerzenia
"Dom, Warsztat i Ogród",Narzędzia i urządzenia pneumatyczne,Gwoździarki,Gwoździarki
"Dom, Warsztat i Ogród",Narzędzia i urządzenia akumulatorowe,Gwoździarki i sztyfciarki,Gwoździarki i sztyfciarki
Sport i Turystyka,Łowiectwo i wędkarstwo,Haczyki i woblery,Haczyki i woblery
"Dom, Warsztat i Ogród",Oświetlenie,Halogeny,Halogeny
"Dom, Warsztat i Ogród",Architektura ogrodowa,Hamaki,Hamaki
"Dom, Warsztat i Ogród",Meble,Hamaki i leżaki,Hamaki i leżaki
Sport i Turystyka,Siłownia i fitness,Hantle,Hantle
Zdrowie i Uroda,Urządzenia i sprzęt medyczny,Holtery,Holtery
IT,Peryferia,Huby USB,Huby USB
Gry i zabawki,Sport i rekreacja,Hulajnogi elektryczne,Hulajnogi
Gry i zabawki,Sport i rekreacja,Hulajnogi tradycyjne,Hulajnogi
Sport i Turystyka,Skating i deskorolki,Hulajnogi elektryczne,Hulajnogi 
Sport i Turystyka,Skating i deskorolki,Hulajnogi tradycyjne,Hulajnogi 
"Dom, Warsztat i Ogród",Architektura ogrodowa,Huśtawki,Huśtawki
"Dom, Warsztat i Ogród",Narzędzia i urządzenia ręczne,Imadła,Imadła
Digital Signage & Business TV,Monitory profesjonalne LFD/LCD,Infokioski / Totemy,Infokioski / Totemy
Zdrowie i Uroda,Urządzenia i sprzęt medyczny,Inhalatory,Inhalatory
Dla seniora,Nowoczesny senior,Inhalatory i nebulizatory,Inhalatory i nebulizatory
Instrumenty muzyczne,Instrumenty dęte,Flety,Instrumenty dęte
Instrumenty muzyczne,Instrumenty dęte,Harmonijki,Instrumenty dęte
Instrumenty muzyczne,Instrumenty dęte,Puzony,Instrumenty dęte
Instrumenty muzyczne,Instrumenty dęte,Saksofony,Instrumenty dęte
Instrumenty muzyczne,Instrumenty dęte,Trąbki,Instrumenty dęte
Instrumenty muzyczne,Instrumenty klawiszowe i MIDI,Akordeony,Instrumenty dęte
Gry i zabawki,Zabawki drewniane,Instrumenty,Instrumenty dla dzieci
Instrumenty muzyczne,Instrumenty klawiszowe i MIDI,Fortepiany,Instrumenty klawiszowe i MIDI
Instrumenty muzyczne,Instrumenty klawiszowe i MIDI,Interfejsy,Instrumenty klawiszowe i MIDI
Instrumenty muzyczne,Instrumenty klawiszowe i MIDI,Keyboardy,Instrumenty klawiszowe i MIDI
Instrumenty muzyczne,Instrumenty klawiszowe i MIDI,MIDI,Instrumenty klawiszowe i MIDI
Instrumenty muzyczne,Instrumenty klawiszowe i MIDI,Pianina,Instrumenty klawiszowe i MIDI
Instrumenty muzyczne,Instrumenty klawiszowe i MIDI,Syntezatory,Instrumenty klawiszowe i MIDI
Gry i zabawki,Edukacja i rozwój,Instrumenty muzyczne,Instrumenty muzyczne
Instrumenty muzyczne,Instrumenty perkusyjne,Naciągi,Instrumenty perkusyjne
Instrumenty muzyczne,Instrumenty perkusyjne,Pałki,Instrumenty perkusyjne
Instrumenty muzyczne,Instrumenty perkusyjne,Perkusje akustyczne,Instrumenty perkusyjne
Instrumenty muzyczne,Instrumenty perkusyjne,Perkusje elektroniczne,Instrumenty perkusyjne
Instrumenty muzyczne,Instrumenty perkusyjne,Perkusjonalia,Instrumenty perkusyjne
Instrumenty muzyczne,Instrumenty perkusyjne,Talerze,Instrumenty perkusyjne
Instrumenty muzyczne,Instrumenty perkusyjne,Werble,Instrumenty perkusyjne
Instrumenty muzyczne,Instrumenty smyczkowe,Skrzypce,Instrumenty smyczkowe
Sieci i systemy zabezpieczeń,Inteligenty dom,Inteligentne doniczki,Inteligentne doniczki
Enterprise i produkty serwerowe,Sieci - Data Center,Inteligentne PDU,Inteligentne PDU
Sieci i systemy zabezpieczeń,Data Center,Inteligentne PDU,Inteligentne PDU
Urządzenia sklepowe,Urządzenia sklepowe,Interkomy kasowe,Interkomy
IT,"Notebooki, laptopy, ultrabooki",Części serwisowe - Invertery,Invertery
Odnawialne źródła energii,Fotowoltaika,Inwertery,Inwertery
AGD,AGD - Produkty,Irygatory,Irygatory
"Dom, Warsztat i Ogród",Materiały budowlane i instalacyjne,Izolacja akustyczna,Izolacja
"Dom, Warsztat i Ogród",Materiały budowlane i instalacyjne,Izolacja cieplna,Izolacja
AGD,AGD - Produkty,Jajowary,Jajowary
"Dom, Warsztat i Ogród",Łazienka i toaleta,Kabiny i brodziki,Kabiny i brodziki
Digital Signage & Business TV,"Kable, gniazda, wtyki",Kable antenowe,Kable
Digital Signage & Business TV,"Kable, gniazda, wtyki",Kable HDMI,Kable
Digital Signage & Business TV,"Kable, gniazda, wtyki",Kable JACK i RCA(Cinch),Kable
Digital Signage & Business TV,"Kable, gniazda, wtyki",Kable optyczne,Kable
Digital Signage & Business TV,"Kable, gniazda, wtyki",Kable SCART,Kable
Digital Signage & Business TV,"Kable, gniazda, wtyki",Patchcable,Kable
"Dom, Warsztat i Ogród",Materiały budowlane i instalacyjne,Kable elektryczne,Kable
Enterprise i produkty serwerowe,Kontrolery dyskowe,Kable,Kable
Enterprise i produkty serwerowe,KVM,Kable,Kable
Enterprise i produkty serwerowe,Obudowy i akcesoria,Kable,Kable
Enterprise i produkty serwerowe,Rozwiązania sieciowe,Kable antenowe,Kable
Enterprise i produkty serwerowe,Rozwiązania sieciowe,Kable sieciowe,Kable
Enterprise i produkty serwerowe,Rozwiązania sieciowe,Kable światłowodowe,Kable
Enterprise i produkty serwerowe,Rozwiązania sieciowe,Kable telefoniczne,Kable
Enterprise i produkty serwerowe,Rozwiązania sieciowe,Patchcable,Kable
Fotografia i film,Drony,Kable i przewody,Kable
"Gaming: Konsole, Gry i Akcesoria",Konsole,Kable,Kable
"Gaming: Konsole, Gry i Akcesoria",VR - Wirtualna rzeczywistość,Kable,Kable
Instrumenty muzyczne,Nagłośnienie,Kable,Kable
Motoryzacja,Elektronika i akcesoria,Kable,Kable
Motoryzacja,Ładowanie pojazdów elektrycznych,Kable,Kable
Odnawialne źródła energii,Fotowoltaika,Kable,Kable
RTV,Kable audio-video,Kable antenowe,Kable
RTV,Kable audio-video,Kable głośnikowe,Kable
RTV,Kable audio-video,Kable HDMI,Kable
RTV,Kable audio-video,Kable JACK i RCA(Cinch),Kable
RTV,Kable audio-video,Kable optyczne,Kable
RTV,Kable audio-video,Kable SCART,Kable
RTV,Kamery,Akcesoria do kamer Video,Kable
Sieci i systemy zabezpieczeń,CCTV Analog,Kable,Kable
Sieci i systemy zabezpieczeń,CCTV Analog HD,Kable,Kable
Sieci i systemy zabezpieczeń,CCTV IP,Kable,Kable
Sieci i systemy zabezpieczeń,"Kable, gniazda i wtyki",Kable antenowe,Kable
Sieci i systemy zabezpieczeń,"Kable, gniazda i wtyki",Kable sieciowe,Kable
Sieci i systemy zabezpieczeń,"Kable, gniazda i wtyki",Kable światłowodowe,Kable
Sieci i systemy zabezpieczeń,"Kable, gniazda i wtyki",Kable telefoniczne,Kable
Sieci i systemy zabezpieczeń,"Kable, gniazda i wtyki",Patchcable,Kable
Sieci i systemy zabezpieczeń,KVM,Kable,Kable
Sieci i systemy zabezpieczeń,Światłowody,Kable światłowodowe,Kable
Sieci i systemy zabezpieczeń,Światłowody,Patchcable,Kable
Sieci i systemy zabezpieczeń,Systemy Alarmowe,Kable,Kable
Sieci i systemy zabezpieczeń,Systemy Domofonowe,Kable,Kable
Telekomunikacja,Akcesoria GSM,Kable USB,Kable
Telekomunikacja,Transmisja danych,Kable telefoniczne,Kable
Telekomunikacja,Videokonferencje i VoIP,Kamery PTZ - kable,Kable
Zasilanie,Kable zasilające,Kable do zasilaczy,Kable
Zasilanie,Kable zasilające,Kable Sata / Molex,Kable
Zasilanie,Kable zasilające,Kable zasilające do płyt głównych,Kable
Zasilanie,Zasilanie awaryjne,Kable do UPS,Kable
IT,Kable i adaptery,Kable antenowe,Kable 
IT,Kable i adaptery,Kable DisplayPort,Kable 
IT,Kable i adaptery,Kable do przełączników KVM,Kable 
IT,Kable i adaptery,Kable do zasilaczy,Kable 
IT,Kable i adaptery,Kable DVI,Kable 
IT,Kable i adaptery,Kable FireWire,Kable 
IT,Kable i adaptery,Kable HDMI,Kable 
IT,Kable i adaptery,Kable JACK i RCA(Cinch),Kable 
IT,Kable i adaptery,Kable LPT,Kable 
IT,Kable i adaptery,Kable optyczne,Kable 
IT,Kable i adaptery,Kable PCI-E,Kable 
IT,Kable i adaptery,Kable PS2,Kable 
IT,Kable i adaptery,Kable RS-232,Kable 
IT,Kable i adaptery,Kable SAS,Kable 
IT,Kable i adaptery,Kable SATA/HDD/Molex,Kable 
IT,Kable i adaptery,Kable SCART,Kable 
IT,Kable i adaptery,Kable sieciowe,Kable 
IT,Kable i adaptery,Kable telefoniczne,Kable 
IT,Kable i adaptery,Kable USB,Kable 
IT,Kable i adaptery,Kable VGA,Kable 
IT,Kable i adaptery,Kable zasilające do płyt głównych,Kable 
IT,Kable i adaptery,Patchcable,Kable 
Motoryzacja,Warsztat samochodowy,Kable rozruchowe,Kable rozruchowe
Militaria,Samoobrona,Kabury i pokrowce,Kabury i pokrowce
Militaria,Strzelectwo,"Kabury, pokrowce, walizki",Kabury i pokrowce
Sport i Turystyka,Nad wodę,Kajaki,Kajaki
Militaria,Samoobrona,Kajdanki,Kajdanki
Materiały eksploatacyjne i artykuły szkolno-biurow,Artykuły biurowe,Kalendarze,Kalendarze
Materiały eksploatacyjne i artykuły szkolno-biurow,Artykuły papiernicze,Notatniki,Kalendarze
Materiały eksploatacyjne i artykuły szkolno-biurow,Artykuły biurowe,Kalkulatory,Kalkulatory
Fotografia i film,Drony,Kamery do dronów,Kamery
Fotografia i film,Drony,Kamery do dronów - Filtry,Kamery
Fotografia i film,Kamery,Kamery cyfrowe,Kamery
Fotografia i film,Kamery,Kamery inspekcyjne,Kamery
Fotografia i film,Kamery,Kamery sportowe,Kamery
"Gaming: Konsole, Gry i Akcesoria",Konsole,Kamery do konsol,Kamery
IT,Peryferia,Kamery internetowe,Kamery
RTV,Kamery,Kamery cyfrowe,Kamery
RTV,Kamery,Kamery sportowe,Kamery
Sieci i systemy zabezpieczeń,CCTV Analog,Kamery,Kamery
Sieci i systemy zabezpieczeń,CCTV Analog HD,Kamery,Kamery
Sieci i systemy zabezpieczeń,CCTV IP,Kamery,Kamery
Sieci i systemy zabezpieczeń,CCTV IP,Kamery termowizyjne,Kamery
Sieci i systemy zabezpieczeń,Inteligenty dom,Kamery,Kamery
Sieci i systemy zabezpieczeń,Systemy Alarmowe,Kamery,Kamery
Sport i Turystyka,Akcesoria sportowe i turystyczne,Kamery sportowe,Kamery
Motoryzacja,Warsztat samochodowy,Kamery inspekcyjne,Kamery inspekcyjne
Telekomunikacja,Videokonferencje i VoIP,Kamery PTZ,Kamery PTZ
"Dom, Warsztat i Ogród",Urządzenia pomiarowe,Kamery termowizyjne,Kamery termowizyjne
Telekomunikacja,Akcesoria GSM,Kamery termowizyjne,Kamery termowizyjne
AGD,AGD - Produkty,Kamienie do Pizzy,Kamienie do Pizzy
"Obuwie, odzież i galanteria",Kolarstwo,Kamizelki,Kamizelki
"Obuwie, odzież i galanteria",Narciarstwo,Kamizelki,Kamizelki
"Obuwie, odzież i galanteria",Piłka nożna i siatkówka,Kamizelki,Kamizelki
Sport i Turystyka,Narciarstwo,Kamizelki,Kamizelki
Sport i Turystyka,Piłka nożna i siatkówka,Kamizelki,Kamizelki
Sport i Turystyka,Rowery i akcesoria,Kamizelki,Kamizelki
Militaria,Strzelectwo,Kamizelki taktyczne i kuloodporne,Kamizelki taktyczne i kuloodporne
"Dom, Warsztat i Ogród",Materiały budowlane i instalacyjne,Kanały elektroinstalacyjne,Kanały elektroinstalacyjne
Motoryzacja,Wyposażenie,Kanistry,Kanistry
Instrumenty muzyczne,Akcesoria do instrumentów,Kapodaster,Kapodaster
Sport i Turystyka,Wspinaczka,Karabińczyki,Karabińczyki
Militaria,Survival,Karabińczyki i breloki,Karabińczyki i breloki
Materiały eksploatacyjne i artykuły szkolno-biurow,Urządzenia biurowe,Karbownice,Karbownice
AGD,AGD - Produkty,Karbownice do włosów,Karbownice do włosów
Dla zwierząt,Dla małych zwierząt,Karma,Karma
Dla zwierząt,Dla psa,Karma mokra,Karma
Dla zwierząt,Dla psa,Karma sucha,Karma
Dla zwierząt,Dla zwierząt hodowlanych,Karma,Karma
Dla zwierząt,Ptaki,Pokarm,Karma
Dla zwierząt,Dla Kota,Karma mokra,Karma 
Dla zwierząt,Dla Kota,Karma sucha,Karma 
Dla zwierząt,VET,Karma mokra dla kota,Karma 
Dla zwierząt,VET,Karma mokra dla psa,Karma 
Dla zwierząt,VET,Karma sucha dla kota,Karma 
Dla zwierząt,VET,Karma sucha dla psa,Karma 
Telekomunikacja,Akcesoria GSM,Karty SIM,Karty
Zasilanie,Zasilanie awaryjne,Karty SNMP,Karty 
"Gaming: Konsole, Gry i Akcesoria",Konsole,Karty do streamingu,Karty do streamingu
Sieci i systemy zabezpieczeń,Kontrola dostępu,Karty dostępu,Karty dostępu
Enterprise i produkty serwerowe,Karty graficzne do stacji roboczych i serwerów,Karty graficzne AMD,Karty graficzne
Enterprise i produkty serwerowe,Karty graficzne do stacji roboczych i serwerów,Karty graficzne do stacji roboczych,Karty graficzne
Enterprise i produkty serwerowe,Karty graficzne do stacji roboczych i serwerów,Karty graficzne Nvidia,Karty graficzne
IT,Karty graficzne,Graficzne karty ( INTEL ),Karty graficzne
IT,Karty graficzne,Graficzne karty ( NVIDIA Graphics PLUS ),Karty graficzne
IT,Karty graficzne,Graficzne karty (ATI),Karty graficzne
IT,Karty graficzne,Karty graficzne do stacji roboczych,Karty graficzne
IT,UŻYWANE PRODUKTY IT,Karty graficzne,Karty graficzne
IT,Karty i kontrolery,Karty HBA,Karty HBA
IT,Karty i kontrolery,Karty muzyczne,Karty muzyczne
Fotografia i film,Pamięci,Pamięci Compact Flash,Karty pamięci
Fotografia i film,Pamięci,Pamięci SecureDigital,Karty pamięci
IT,Pamięci,Pamięci Compact Flash,Karty pamięci
IT,Pamięci,Pamięci MultimediaCard,Karty pamięci
IT,Pamięci,Pamięci SecureDigital,Karty pamięci
IT,Pamięci,Pamięci SIM,Karty pamięci
IT,Pamięci,Pamięci SmartMedia,Karty pamięci
IT,Pamięci,Pamięci SO-DIMM,Karty pamięci
Enterprise i produkty serwerowe,Rozwiązania sieciowe,Karty sieciowe,Karty sieciowe
IT,Karty i kontrolery,Sieciowe karty bezprzewodowe PCI,Karty sieciowe
IT,Karty i kontrolery,Sieciowe karty bezprzewodowe PCMCIA,Karty sieciowe
IT,Karty i kontrolery,Sieciowe karty bezprzewodowe USB,Karty sieciowe
IT,Karty i kontrolery,Sieciowe karty ExpressCard,Karty sieciowe
IT,Karty i kontrolery,Sieciowe karty miniPC,Karty sieciowe
IT,Karty i kontrolery,Sieciowe karty PCI,Karty sieciowe
IT,Karty i kontrolery,Sieciowe karty PCMCIA,Karty sieciowe
IT,Karty i kontrolery,Sieciowe karty USB,Karty sieciowe
Sieci i systemy zabezpieczeń,Karty sieciowe,Sieciowe karty bezprzewodowe PCI,Karty sieciowe
Sieci i systemy zabezpieczeń,Karty sieciowe,Sieciowe karty bezprzewodowe PCMCIA,Karty sieciowe
Sieci i systemy zabezpieczeń,Karty sieciowe,Sieciowe karty bezprzewodowe USB,Karty sieciowe
Sieci i systemy zabezpieczeń,Karty sieciowe,Sieciowe karty ExpressCard,Karty sieciowe
Sieci i systemy zabezpieczeń,Karty sieciowe,Sieciowe karty miniPC,Karty sieciowe
Sieci i systemy zabezpieczeń,Karty sieciowe,Sieciowe karty PCI,Karty sieciowe
Sieci i systemy zabezpieczeń,Karty sieciowe,Sieciowe karty PCMCIA,Karty sieciowe
Sieci i systemy zabezpieczeń,Karty sieciowe,Sieciowe karty USB,Karty sieciowe
Enterprise i produkty serwerowe,Storage,Kasety RDX,Kasety RDX
Enterprise i produkty serwerowe,Storage,Kasety RDX dedykowane,Kasety RDX
IT,Nośniki i akcesoria,Kasety RDX,Kasety RDX
Sieci i systemy zabezpieczeń,Storage,Kasety RDX,Kasety RDX
Sieci i systemy zabezpieczeń,Storage,Kasety RDX dedykowane,Kasety RDX
"Obuwie, odzież i galanteria",Narciarstwo,Kaski,Kaski
"Obuwie, odzież i galanteria",Odzież ochronna i BHP,Czapki i kaski,Kaski
Sport i Turystyka,Narciarstwo,Kaski,Kaski
Sport i Turystyka,Rowery i akcesoria,Kaski,Kaski
Sport i Turystyka,Skating i deskorolki,Kaski,Kaski
Sport i Turystyka,Wspinaczka,Kaski,Kaski
"Dom, Warsztat i Ogród",Narzędzia i urządzenia ręczne,Kastry,Kastry
Urządzenia sklepowe,Urządzenia sklepowe,Kasy fiskalne,Kasy fiskalne
Urządzenia sklepowe,Urządzenia sklepowe,Kasy samoobsługowe,Kasy samoobsługowe
Artykuły spożywcze,Kawa i herbata,Czekolada rozpuszczalna,Kawa i herbata
Artykuły spożywcze,Kawa i herbata,Herbata,Kawa i herbata
Artykuły spożywcze,Kawa i herbata,Kawa mielona,Kawa i herbata
Artykuły spożywcze,Kawa i herbata,Kawa rozpuszczalna,Kawa i herbata
Artykuły spożywcze,Kawa i herbata,Kawa w kapsułkach,Kawa i herbata
Artykuły spożywcze,Kawa i herbata,Kawa ziarnista,Kawa i herbata
Sport i Turystyka,Siłownia i fitness,Kettlebell,Kettlebell
"Dom, Warsztat i Ogród",Narzędzia i urządzenia ręczne,Kielnie,Kielnie
IT,Dyski i akcesoria,Kieszenie HDD,Kieszenie HDD
Sport i Turystyka,Baseball,Kije,Kije
Sport i Turystyka,Akcesoria sportowe i turystyczne,Kije do Nordic Walking i trekkingu,Kije do Nordic Walking i trekkingu
"Dom, Warsztat i Ogród",Narzędzia i urządzenia ręczne,Kilofy,Kilofy
"Dom, Warsztat i Ogród",Oświetlenie,Kinkiety,Kinkiety
Zdrowie i Uroda,Erotyka,Klamerki i przyssawki,Klamerki i przyssawki
Dla zwierząt,Dla Kota,Klatki i transportery,Klatki i transportery
Dla zwierząt,Dla małych zwierząt,Klatki,Klatki i transportery
Dla zwierząt,Dla małych zwierząt,Transportery,Klatki i transportery
Dla zwierząt,Dla psa,Klatki i transportery,Klatki i transportery
Dla zwierząt,Dla zwierząt hodowlanych,Klatki,Klatki i transportery
Dla zwierząt,Dla zwierząt hodowlanych,Transportery,Klatki i transportery
Dla zwierząt,Ptaki,Klatki,Klatki i transportery
"Gaming: Konsole, Gry i Akcesoria",Gaming PC,Klawiaturowe zestawy z myszą,Klawiaturowe zestawy z myszą
IT,Peryferia,Klawiaturowe zestawy z myszą,Klawiaturowe zestawy z myszą
"Gaming: Konsole, Gry i Akcesoria",Gaming PC,Klawiatury,Klawiatury
IT,"Notebooki, laptopy, ultrabooki",Części serwisowe - Klawiatury,Klawiatury
IT,Peryferia,Klawiatury,Klawiatury
IT,Tablety,Klawiatury,Klawiatury
"Dom, Warsztat i Ogród",Klimatyzacja,Klimatory,Klimatory
"Dom, Warsztat i Ogród",Klimatyzacja,Klimatyzatory kanałowe,Klimatory
"Dom, Warsztat i Ogród",Klimatyzacja,Klimatyzatory kasetonowe INVERTER,Klimatory
"Dom, Warsztat i Ogród",Klimatyzacja,Klimatyzatory kasetonowe ON/OFF,Klimatory
"Dom, Warsztat i Ogród",Klimatyzacja,Klimatyzatory multi,Klimatory
"Dom, Warsztat i Ogród",Klimatyzacja,Klimatyzatory przenośne,Klimatory
"Dom, Warsztat i Ogród",Klimatyzacja,Klimatyzatory ścienne INVERTER,Klimatory
"Dom, Warsztat i Ogród",Klimatyzacja,Klimatyzatory ścienne ON/OFF,Klimatory
"Dom, Warsztat i Ogród",Oświetlenie,Klipsy LED,Klipsy LED
Gry i zabawki,Klocki,Drewniane,Klocki
Gry i zabawki,Klocki,Konstrukcyjne,Klocki
Gry i zabawki,Klocki,LEGO,Klocki
Gry i zabawki,Klocki,Magnetyczne,Klocki
Gry i zabawki,Klocki,Plastikowe,Klocki
Gry i zabawki,Klocki,PLAYMOBIL,Klocki
Gry i zabawki,Zabawki drewniane,Klocki,Klocki
"Dom, Warsztat i Ogród",Narzędzia i urządzenia ręczne,Klucze,Klucze
Motoryzacja,Warsztat samochodowy,Klucze,Klucze
"Dom, Warsztat i Ogród",Narzędzia i urządzenia akumulatorowe,Klucze zapadkowe,Klucze 
"Dom, Warsztat i Ogród",Narzędzia i urządzenia pneumatyczne,Klucze pneumatyczne,Klucze pneumatyczne
IT,Peryferia,Klucze sprzętowe,Klucze sprzętowe
"Dom, Warsztat i Ogród",Narzędzia i urządzenia akumulatorowe,Klucze udarowe,Klucze udarowe
"Dom, Warsztat i Ogród",Narzędzia i urządzenia elektryczne,Klucze udarowe,Klucze udarowe
Motoryzacja,Warsztat samochodowy,Klucze udarowe,Klucze udarowe
"Dom, Warsztat i Ogród",Akcesoria do domu,Kłódki,Kłódki
"Dom, Warsztat i Ogród",Urządzenia gaśnicze,Koce gaśnicze,Koce gaśnicze
AGD,AGD - Produkty,Koce i poduszki elektryczne,Koce i poduszki elektryczne
Zdrowie i Uroda,Fizjoterapia i rehabilitacja,"Koce, poduszki i ogrzewacze elektryczne","Koce, poduszki i ogrzewacze elektryczne"
Dla zwierząt,Dla zwierząt hodowlanych,Kojce i wybiegi,Kojce i wybieg
Dla zwierząt,Dla małych zwierząt,Kojce i wybiegi,Kojce i wybiegi
Gry i zabawki,Zabawki drewniane,Kolejki,Kolejki
Odnawialne źródła energii,Kolektory,Kolektory słoneczne,Kolektory słoneczne
Instrumenty muzyczne,Nagłośnienie,Kolumny,Kolumny
Motoryzacja,Wyposażenie,Koła zapasowe,Koła zapasowe
Sport i Turystyka,Łowiectwo i wędkarstwo,Kołowrotki wędkarskie,Kołowrotki wędkarskie
Sport i Turystyka,Siłownia i fitness,Kołyski,Kołyski
Dla seniora,Pomoce codzienne,Kombinezony,Kombinezony
"Obuwie, odzież i galanteria",Klasyka,Kombinezony,Kombinezony
"Obuwie, odzież i galanteria",Kolarstwo,Kombinezony,Kombinezony
Sport i Turystyka,Rowery i akcesoria,Kombinezony,Kombinezony
AGD,AGD - Produkty,Kominki elektryczne,Kominki elektryczne
Militaria,Survival,Kompasy i busole,Kompasy i busole
"Dom, Warsztat i Ogród",Narzędzia i przybory malarsko-lakiernicze,Komplety lakiernicze,Komplety lakiernicze
"Dom, Warsztat i Ogród",Architektura ogrodowa,Komplety mebli,Komplety mebli
RTV,Car audio,Komponenty do Car audio,Komponenty do Car audio
"Dom, Warsztat i Ogród",Nawozy i środki ochrony roślin,Kompostowniki,Kompostowniki
"Dom, Warsztat i Ogród",Narzędzia i urządzenia akumulatorowe,Kompresory,Kompresory
"Dom, Warsztat i Ogród",Narzędzia i urządzenia elektryczne,Kompresory,Kompresory
Motoryzacja,Warsztat samochodowy,Kompresory akumulatorowe,Kompresory
Motoryzacja,Warsztat samochodowy,Kompresory elektryczne,Kompresory
Dla seniora,Sprzęt rehabilitacyjny,Kompresy żelowe ciepło-zimno,Kompresy żelowe ciepło-zimno
"Gaming: Konsole, Gry i Akcesoria",Gaming PC,Komputery,Komputery
IT,Komputery,Komputery Biznesowe,Komputery
IT,Komputery,Komputery Domowe,Komputery
IT,Komputery,Komputery Gaming,Komputery
IT,Komputery,Komputery Media Center,Komputery
IT,Komputery,Komputery Terminale,Komputery
IT,Komputery,Mini komputery,Komputery
IT,Outlet,Komputery PC,Komputery
IT,UŻYWANE PRODUKTY IT,Komputery,Komputery
IT,Komputery,Komputery All-in-one,Komputery All-in-one
IT,Komputery,Komputery Barebone,Komputery Barebone
Militaria,Strzelectwo,Konserwacja,Konserwacja
Militaria,Samoobrona,Konserwacja broni,Konserwacja 
"Gaming: Konsole, Gry i Akcesoria",Konsole,Konsole,Konsole
"Gaming: Konsole, Gry i Akcesoria",Konsole,Konsole przenośne,Konsole
Instrumenty muzyczne,Nagłośnienie,Konsolety mikserskie,Konsolety mikserskie
"Gaming: Konsole, Gry i Akcesoria",Gaming PC,Kontrolery,Kontrolery
"Gaming: Konsole, Gry i Akcesoria",Konsole,Kontrolery,Kontrolery
"Gaming: Konsole, Gry i Akcesoria",VR - Wirtualna rzeczywistość,Kontrolery VR,Kontrolery
Instrumenty muzyczne,Sprzęt DJ,Kontrolery,Kontrolery
IT,Multimedia,Kontrolery DJ,Kontrolery
Odnawialne źródła energii,Energetyka wiatrowa,Kontrolery,Kontrolery
Sieci i systemy zabezpieczeń,Komunikacja i łączność,Kontrolery Access Point,Kontrolery
IT,Karty i kontrolery,Kontrolery COM,Kontrolery 
IT,Karty i kontrolery,Kontrolery DV,Kontrolery 
IT,Karty i kontrolery,Kontrolery Fibre Channel,Kontrolery 
IT,Karty i kontrolery,Kontrolery FireWire,Kontrolery 
IT,Karty i kontrolery,Kontrolery IrDA,Kontrolery 
IT,Karty i kontrolery,Kontrolery LPT / COM,Kontrolery 
IT,Karty i kontrolery,Kontrolery PCMCIA,Kontrolery 
IT,Karty i kontrolery,Kontrolery RAID,Kontrolery 
IT,Karty i kontrolery,Kontrolery SATA,Kontrolery 
IT,Karty i kontrolery,Kontrolery USB,Kontrolery 
Enterprise i produkty serwerowe,Kontrolery dyskowe,Karty HBA,Kontrolery dyskowe
Enterprise i produkty serwerowe,Kontrolery dyskowe,Kontrolery dedykowane,Kontrolery dyskowe
Enterprise i produkty serwerowe,Kontrolery dyskowe,Kontrolery Fibre Channel,Kontrolery dyskowe
Enterprise i produkty serwerowe,Kontrolery dyskowe,Kontrolery FireWire,Kontrolery dyskowe
Enterprise i produkty serwerowe,Kontrolery dyskowe,Kontrolery RAID,Kontrolery dyskowe
Enterprise i produkty serwerowe,Kontrolery dyskowe,Moduły do kontrolerów,Kontrolery dyskowe
Sieci i systemy zabezpieczeń,Systemy Wi-Fi,Kontrolery Wi-Fi,Kontrolery Wi-Fi
IT,Karty i kontrolery,Konwertery,Konwertery
Sieci i systemy zabezpieczeń,Konwertery,"Konwertery, Transceiver",Konwertery
RTV,Telewizja satelitarna,Konwertery LNB,Konwertery 
"Dom, Warsztat i Ogród",Sprzątanie i pielęgnacja domu,Do odkurzaczy - końcówki i szczotki,końcówki i szczotki
"Dom, Warsztat i Ogród",Sprzątanie i pielęgnacja domu,Do parownic - Końcówki,końcówki i szczotki
IT,Komputery,Koparki kryptowalut,Koparki kryptowalut
Materiały eksploatacyjne i artykuły szkolno-biurow,Artykuły pakowe,Koperty,Koperty
Materiały eksploatacyjne i artykuły szkolno-biurow,Artykuły papiernicze,Koperty,Koperty
IT,Peryferia,Kopiarki,Kopiarki
Enterprise i produkty serwerowe,Karty graficzne do stacji roboczych i serwerów,Koprocesory,Koprocesory
RTV,Odtwarzacze audio-video,Korektory graficzne,Korektory graficzne
Zdrowie i Uroda,Erotyka,Korki,Korki
"Dom, Warsztat i Ogród",Narzędzia i urządzenia akumulatorowe,Kosiarki,Kosiarki
"Dom, Warsztat i Ogród",Narzędzia i urządzenia elektryczne,Kosiarki,Kosiarki
"Dom, Warsztat i Ogród",Narzędzia i urządzenia ręczne,Kosiarki,Kosiarki
"Dom, Warsztat i Ogród",Narzędzia i urządzenia spalinowe,Kosiarki,Kosiarki
AGD,AGD - Produkty,Kostkarki do lodu,Kostkarki do lodu
Instrumenty muzyczne,Akcesoria do instrumentów,Kostki,Kostki
"Dom, Warsztat i Ogród",Narzędzia i urządzenia spalinowe,Kosy i Podkaszarki,Kosy i Podkaszarki
"Dom, Warsztat i Ogród",Narzędzia i urządzenia ręczne,Kosze ogrodowe,Kosze
"Dom, Warsztat i Ogród",Sprzątanie i pielęgnacja domu,Kosze,Kosze
"Dom, Warsztat i Ogród",Sprzątanie i pielęgnacja domu,Kosze i pojemniki na bieliznę,Kosze
AGD,AGD - Produkty,Kosze i pojemniki na bieliznę,Kosze i pojemniki 
Militaria,Odzież,Koszule,Koszule
"Obuwie, odzież i galanteria",Łowiectwo i wędkarstwo,Koszule,Koszule
Sport i Turystyka,Łowiectwo i wędkarstwo,Koszule,Koszule
"Obuwie, odzież i galanteria",Odzież ochronna i BHP,Koszule i koszulki,Koszule\Koszulki
"Gaming: Konsole, Gry i Akcesoria",Gadżety dla graczy,Koszulki,Koszulki
Militaria,Odzież,Koszulki,Koszulki
"Obuwie, odzież i galanteria",Bieganie,Koszulki,Koszulki
"Obuwie, odzież i galanteria",Klasyka,Koszulki,Koszulki
"Obuwie, odzież i galanteria",Kolarstwo,Koszulki,Koszulki
"Obuwie, odzież i galanteria",Piłka nożna i siatkówka,Koszulki,Koszulki
"Obuwie, odzież i galanteria",Siłownia i fitness,Koszulki,Koszulki
Sport i Turystyka,Do biegania,Koszulki,Koszulki
Sport i Turystyka,Narciarstwo,T-shirt,Koszulki
Sport i Turystyka,Piłka nożna i siatkówka,Koszulki,Koszulki
Sport i Turystyka,Rowery i akcesoria,Koszulki,Koszulki
Sport i Turystyka,Siłownia i fitness,Koszulki,Koszulki
Sport i Turystyka,Łowiectwo i wędkarstwo,T-shirt,Koszulki
"Dom, Warsztat i Ogród",Akcesoria do domu,Koszyki i torby,Koszyki i torby
AGD,AGD - Produkty,Krajalnice i noże elektryczne,Krajalnice i noże elektryczne
Instrumenty muzyczne,Nagłośnienie,Krosownice,Krosownice
Telekomunikacja,Radiokomunikacja,Krótkofalówki,Krótkofalówki
Przemysł,Maszyny - urządzenia niszczące,Kruszarki do szkła,Kruszarki do szkła
Sport i Turystyka,Kemping,Krzesełka,Krzesełka
Dziecko i matka,Karmienie,Krzesełka wielofunkcyjne,Krzesełka wielofunkcyjne
Dziecko i matka,Mebelki,Krzesełka wielofunkcyjne,Krzesełka wielofunkcyjne
Militaria,Survival,Krzesiwa i zapalniczki,Krzesiwa i zapalniczki
Dla seniora,Łazienka i toaleta,Krzesła prysznicowe,Krzesła prysznicowe
Dla seniora,Łazienka i toaleta,Krzesła toaletowe,Krzesła toaletowe
Dla zwierząt,Dla psa,Książki i czasopisma,Książki
"Gaming: Konsole, Gry i Akcesoria",Gadżety dla graczy,Książki,Książki
Literatura i sztuka,Książki,Biografie i wspomnienia,Książki
Literatura i sztuka,Książki,Dla dzieci i młodzieży,Książki
Literatura i sztuka,Książki,Historia,Książki
Literatura i sztuka,Książki,Komiksy,Książki
Literatura i sztuka,Książki,Literatura faktu,Książki
Literatura i sztuka,Książki,Poezja,Książki
Literatura i sztuka,Książki,Poradniki,Książki
Literatura i sztuka,Książki,Powieść,Książki
Literatura i sztuka,Książki,Psychologia,Książki
AGD,Wyposażenie,Kubki,Kubki
Dla seniora,Kuchnia,Kubki dla niepełnosprawnych,Kubki
Dziecko i matka,Karmienie,Kubki niekapki i bidony,Kubki
"Gaming: Konsole, Gry i Akcesoria",Gadżety dla graczy,Kubki,Kubki
Militaria,Samoobrona,Kubotany i długopisy taktyczne,Kubotany i długopisy taktyczne
AGD,AGD - Produkty,Kuchenki,Kuchenki
AGD,AGD - Produkty,Kuchnie do zabudowy,Kuchenki
AGD,AGD - Produkty,Kuchnie wolnostojące,Kuchenki
AGD,AGD - Produkty,Kuchenki mikrofalowe do zabudowy,Kuchenki mikrofalowe
AGD,AGD - Produkty,Kuchenki mikrofalowe wolnostojące,Kuchenki mikrofalowe
Gry i zabawki,Zabawki drewniane,Kuchnie,Kuchnie
Motoryzacja,Części i akcesoria motocyklowe,Kufry,Kufry
Dla seniora,Poruszanie,Kule ortopedyczne,Kule ortopedyczne
Dla seniora,Poruszanie,Laski ortopedyczne,Kule ortopedyczne
Zdrowie i Uroda,Erotyka,Kulki,Kulki
Militaria,Strzelectwo,Kulochwyty,Kulochwyty
Militaria,Odzież,Kurtki,Kurtki
"Obuwie, odzież i galanteria",Bieganie,Kurtki,Kurtki
"Obuwie, odzież i galanteria",Klasyka,Kurtki,Kurtki
"Obuwie, odzież i galanteria",Kolarstwo,Kurtki,Kurtki
"Obuwie, odzież i galanteria",Odzież ochronna i BHP,Kurtki,Kurtki
"Obuwie, odzież i galanteria",Piłka nożna i siatkówka,Kurtki,Kurtki
"Obuwie, odzież i galanteria",Wspinaczka,Kurtki,Kurtki
Sport i Turystyka,Do biegania,Kurtki,Kurtki
Sport i Turystyka,Piłka nożna i siatkówka,Kurtki,Kurtki
Sport i Turystyka,Rowery i akcesoria,Kurtki,Kurtki
Sport i Turystyka,Wspinaczka,Kurtki,Kurtki
Digital Signage & Business TV,Ekrany LED,Kurtyny LED,Kurtyny LED
Dla zwierząt,Dla Kota,Kuwety,Kuwety
Dziecko i matka,Karmienie,Laktatory,Laktatory
Gry i zabawki,Lalki i akcesoria,Bobasy,Lalki
Gry i zabawki,Lalki i akcesoria,Lalki,Lalki
Gry i zabawki,Lalki i akcesoria,Szmaciane,Lalki
Materiały eksploatacyjne i artykuły szkolno-biurow,Urządzenia biurowe,Laminatory,Laminatory
"Dom, Warsztat i Ogród",Oświetlenie,Lampki choinkowe,Lampki 
"Dom, Warsztat i Ogród",Oświetlenie,Lampki dziecięce,Lampki 
"Dom, Warsztat i Ogród",Oświetlenie,Lampki nabiurkowe i podłogowe,Lampki 
"Dom, Warsztat i Ogród",Oświetlenie,Lampki ozdobne,Lampki 
"Dom, Warsztat i Ogród",Oświetlenie,Lampy owadobójcze,Lampki 
"Dom, Warsztat i Ogród",Oświetlenie,Lampy solarne,Lampki 
"Dom, Warsztat i Ogród",Oświetlenie,Lampy sufitowe,Lampki 
Digital Signage & Business TV,Projektory i tablice,Lampy,Lampy
"Dom, Warsztat i Ogród",Oświetlenie,Lampy uliczne LED,Lampy
"Dom, Warsztat i Ogród",Oświetlenie,Panele ledowe,Lampy
"Dom, Warsztat i Ogród",Oświetlenie,Piktogramy,Lampy
"Dom, Warsztat i Ogród",Oświetlenie,Plafony,Lampy
"Dom, Warsztat i Ogród",Oświetlenie,Reflektory / Naświetlacze,Lampy
Fotografia i film,Lampy,Lampy błyskowe,Lampy
"Dom, Warsztat i Ogród",Oświetlenie,Oświetlenie zewnętrzne,Lampy 
Dla seniora,Nowoczesny senior,Lampy antydepresyjne,Lampy antydepresyjne
IT,Systemy audiowizualne,Lampy do projektorów,Lampy do projektorów
Zdrowie i Uroda,Kosmetologia,Lampy kosmetyczne,Lampy kosmetyczne
Zdrowie i Uroda,Kosmetyka,Lampy UV,Lampy kosmetyczne
Gry i zabawki,Edukacja i rozwój,Laptopy i smartfony edukacyjne,Laptopy i smartfony edukacyjne
"Dom, Warsztat i Ogród",Narzędzia i urządzenia akumulatorowe,Latarki przemysłowe,Latarki
"Dom, Warsztat i Ogród",Oświetlenie,Latarki,Latarki
Militaria,Survival,Latarki i akcesoria,Latarki
Motoryzacja,Warsztat samochodowy,Latarki przemysłowe,Latarki
Sport i Turystyka,Akcesoria sportowe i turystyczne,Latarki,Latarki
"Obuwie, odzież i galanteria",Bieganie,Leginsy,Leginsy
Sport i Turystyka,Do biegania,Leginsy,Leginsy
"Dom, Warsztat i Ogród",Narzędzia i urządzenia ręczne,Lewarki,Lewarki
Motoryzacja,Warsztat samochodowy,Lewarki,Lewarki
Dziecko i matka,Mebelki,Leżaczki i huśtawki,Leżaczki i huśtawki
"Dom, Warsztat i Ogród",Architektura ogrodowa,Leżaki,Leżaki
"Dom, Warsztat i Ogród",Narzędzia i urządzenia ręczne,Leżanka warsztatowa,Leżanka warsztatowa
Motoryzacja,Warsztat samochodowy,Leżanka warsztatowa,Leżanka warsztatowa
Zdrowie i Uroda,Fizjoterapia i rehabilitacja,Leżanki,Leżanki
Urządzenia sklepowe,Urządzenia sklepowe,Liczarki pieniędzy,Liczarki
Sport i Turystyka,Rowery i akcesoria,Liczniki / Czujniki prędkości i kadencji,Liczniki / Czujniki prędkości i kadencji
"Dom, Warsztat i Ogród",Aparaty elektryczne,Liczniki energii,Liczniki energii
Odnawialne źródła energii,Aparaty elektryczne,Liczniki energii,Liczniki energii
Odnawialne źródła energii,Fotowoltaika,Liczniki energii,Liczniki energii
Zdrowie i Uroda,Kosmetologia,Lifting twarzy,Lifting twarzy
Sport i Turystyka,Wspinaczka,Liny,Liny
Motoryzacja,Wyposażenie,Liny holownicze,Liny holownicze
"Dom, Warsztat i Ogród",Oświetlenie,Listwy oświetleniowe i reflektorki,Listwy oświetleniowe
Enterprise i produkty serwerowe,Szafy rack,Listwy zasilające RACK,Listwy zasilające
Sieci i systemy zabezpieczeń,Szafy rack,Listwy zasilające RACK,Listwy zasilające
Zasilanie,Listwy i przedłużacze,Listwy zasilające,Listwy zasilające
Zasilanie,Listwy i przedłużacze,Listwy zasilające PDU,Listwy zasilające
Zasilanie,Listwy i przedłużacze,Listwy zasilające RACK,Listwy zasilające
Digital Signage & Business TV,Mediaporty,Listwy zasilające dedykowane do przyłączy stołowyc,Listwy zasilające 
Digital Signage & Business TV,Mediaporty,Listwy zasilające podblatowe,Listwy zasilające 
AGD,AGD - Produkty,Lodówki do zabudowy,Lodówki
AGD,AGD - Produkty,Lodówki turystyczne,Lodówki
AGD,AGD - Produkty,Lodówki wolnostojące,Lodówki
IT,GPS - nawigacja satelitarna,Lokalizatory,Lokalizatory
Sport i Turystyka,Wspinaczka,Lokalizatory,Lokalizatory
AGD,AGD - Produkty,Lokówki do włosów,Lokówki do włosów
AGD,AGD - Produkty,Lokówko-suszarki do włosów,Lokówki do włosów
Militaria,Optyka,Lornetki,Lornetki
Fotografia i film,Optyka,Lornetki,Lornetki i lunety
Fotografia i film,Optyka,Lornetki operowe,Lornetki i lunety
Fotografia i film,Optyka,Lunety,Lornetki i lunety
Sport i Turystyka,Badminton,Lotki,Lotki
Motoryzacja,Części zamienne do samochodów,Lusterka,Lusterka
Sport i Turystyka,Rowery i akcesoria,Lusterka,Lusterka
Zdrowie i Uroda,Kosmetyka,Lusterka kosmetyczne,Lusterka
"Dom, Warsztat i Ogród",Meble,Lustra,Lustra
"Dom, Warsztat i Ogród",Narzędzia i urządzenia elektryczne,Lutownice,Lutownice
Fotografia i film,Zasilanie,Ładowarki dedykowane do foto,Ładowark
Fotografia i film,Zasilanie,Ładowarki do akumulatorków,Ładowark
Fotografia i film,Drony,Ładowarki akumulatorowe,Ładowarki
Fotografia i film,Drony,Ładowarki do dronów,Ładowarki
IT,Tablety,Ładowarki,Ładowarki
Militaria,Strzelectwo,Ładowarki do akumulatorów ASG,Ładowarki
Motoryzacja,Elektronika i akcesoria,Ładowarki samochodowe,Ładowarki
Sport i Turystyka,Rowery i akcesoria,Ładowarki,Ładowarki
Telekomunikacja,Akcesoria GSM,Ładowarki samochodowe,Ładowarki
Telekomunikacja,Akcesoria GSM,Ładowarki sieciowe,Ładowarki
Telekomunikacja,Akcesoria GSM,Ładowarki solarne,Ładowarki
Telekomunikacja,Radiokomunikacja,Ładowarki,Ładowarki
Zasilanie,Akumulatory do elektronarzędzi,Ładowarki do akumulatorów,Ładowarki
Zasilanie,"Baterie, akumulatorki i ładowarki",Ładowarki akumulatorowe,Ładowarki
Zasilanie,"Baterie, akumulatorki i ładowarki",Ładowarki dedykowane,Ładowarki
Zasilanie,Zasilanie do telefonów,Ładowarki sieciowe,Ładowarki
Zasilanie,Zasilanie do telefonów,Ładowarki solarne,Ładowarki
Zasilanie,Zasilanie samochodowe,Ładowarki samochodowe,Ładowarki
Zasilanie,Zasilanie samochodowe,Ładowarki samochodowe do pojazdów elektrycznych,Ładowarki
"Dom, Warsztat i Ogród",Narzędzia - osprzęt,Ładowarki do akumulatorów,Ładowarki do akumulatorów
Motoryzacja,Elektryka samochodowa,Ładowarki do pojazdów elektrycznych,Ładowarki do pojazdów elektrycznych
Odnawialne źródła energii,Fotowoltaika,Ładowarki do pojazdów elektrycznych,Ładowarki do pojazdów elektrycznych
Motoryzacja,Ładowanie pojazdów elektrycznych,Ładowarki mobilne,Ładowarki mobilne
"Dom, Warsztat i Ogród",Architektura ogrodowa,Stoły,Ławki i stoły
"Dom, Warsztat i Ogród",Architektura ogrodowa,Ławki i stoły,Ławki i stoły
Sport i Turystyka,Siłownia i fitness,Ławki i stoły,Ławki i stoły
Sport i Turystyka,Nad wodę,Łodzie,Łodzie
Sport i Turystyka,Wspinaczka,Łopaty,Łopaty
"Dom, Warsztat i Ogród",Narzędzia i urządzenia ręczne,Łopaty i szpadle,Łopaty i szpadle
Motoryzacja,Części zamienne do samochodów,Łożyska,Łożyska
"Dom, Warsztat i Ogród",Meble,Materace,Łóżka i materace
"Dom, Warsztat i Ogród",Meble,Szezlongi,Łóżka i materace
"Dom, Warsztat i Ogród",Meble,Łóżka,Łóżka i materace
Dziecko i matka,Do snu,Materace,Łóżka i materace
Dziecko i matka,Do snu,Łóżeczka dziecięce,Łóżka i materace
Dziecko i matka,Mebelki,Materace,Łóżka i materace
Dziecko i matka,Mebelki,Łóżeczka dziecięce,Łóżka i materace
Dziecko i matka,Mebelki,Łóżeczka turystyczne i kojce,Łóżka i materace
Dla seniora,Sypialnia,Łóżka rehabilitacyjne,Łóżka rehabilitacyjne
Militaria,Strzelectwo,Łuki klasyczne i bloczkowe,Łuki
"Dom, Warsztat i Ogród",Narzędzia i urządzenia elektryczne,Łuparki do drewna,Łuparki do drewna
Sport i Turystyka,Łyżwiarstwo,Łyżwy,Łyżwy
Enterprise i produkty serwerowe,Storage,Macierze dyskowe,Macierze dyskowe
Sieci i systemy zabezpieczeń,CCTV Analog,Macierze dyskowe,Macierze dyskowe
Sieci i systemy zabezpieczeń,CCTV Analog HD,Macierze dyskowe,Macierze dyskowe
Sieci i systemy zabezpieczeń,CCTV IP,Macierze dyskowe,Macierze dyskowe
Sieci i systemy zabezpieczeń,Storage,Macierze dyskowe,Macierze dyskowe
Militaria,Samoobrona,Magazynki i bębny,Magazynki i bębny
Militaria,Strzelectwo,Magazynki i ładowarki,Magazynki i ładowarki
Odnawialne źródła energii,Fotowoltaika,Magazyny energii,Magazyny energii
RTV,Odtwarzacze audio-video,Magnetofony,Magnetofony
Dziecko i matka,Opieka,Majtki poporodowe i podkłady poporodowe,Majtki
Zdrowie i Uroda,Kosmetyka,Manicure / Pedicure,Manicure / Pedicure
Sieci i systemy zabezpieczeń,Systemy Alarmowe,Manipulatory,Manipulatory
Dla seniora,Sprzęt rehabilitacyjny,Urządzenia do masażu,Masażery
Zdrowie i Uroda,Erotyka,Gadżety do masażu,Masażery
Zdrowie i Uroda,Erotyka,Masażery,Masażery
Zdrowie i Uroda,Fizjoterapia i rehabilitacja,Masażery,Masażery
"Dom, Warsztat i Ogród",Odzież ochronna i BHP,Maski,Maski
"Obuwie, odzież i galanteria",Odzież ochronna i BHP,Maski,Maski
Zdrowie i Uroda,Erotyka,Maski na oczy,Maski
Dla seniora,Diagnostyka,Maseczki ochronne,Maski ochronne
Dla seniora,Pomoce codzienne,Maski antysmogowe,Maski ochronne
Sport i Turystyka,Akcesoria sportowe i turystyczne,Maski antysmogowe,Maski ochronne
"Gaming: Konsole, Gry i Akcesoria",Gadżety dla graczy,Maskotki,Maskotki
Digital Signage & Business TV,Telewizja hotelowa,Maskownice kabli,Maskownice kabli
RTV,Telewizory i akcesoria,Maskownice kabli,Maskownice kabli
Zdrowie i Uroda,Erotyka,Masturbatory,Masturbatory
Zdrowie i Uroda,Do higieny i pielęgnacji,Maszynki do golenia,Maszynki do golenia
AGD,AGD - Produkty,Maszynki do lodów,Maszynki do lodów
AGD,AGD - Produkty,Maszynki do makaronu,Maszynki do makaronu
AGD,AGD - Produkty,Maszynki do mielenia,Maszynki do mielenia
Przemysł,Maszyny - urządzenia czyszczące i piorące,Maszyny czyszcząco-piorące,Maszyny - urządzenia czyszczące i piorące
Przemysł,Maszyny - urządzenia czyszczące i piorące,Maszyny polerujące,Maszyny - urządzenia czyszczące i piorące
Przemysł,Maszyny - urządzenia czyszczące i piorące,Maszyny szorująco-zbierające,Maszyny - urządzenia czyszczące i piorące
AGD,AGD - Produkty,Maszyny do szycia,Maszyny do szycia
AGD,AGD - Produkty,Maszyny do waty cukrowej,Maszyny do waty cukrowej
Dla seniora,Sypialnia,Materace ortopedyczne i medyczne,Materace
Dla seniora,Sypialnia,Materace przeciwodleżynowe piankowe,Materace
Dla seniora,Sypialnia,Materace przeciwodleżynowe zmiennociśnieniowe,Materace
Sport i Turystyka,Kemping,Materace,Materace
Fotografia i film,Drony,Materiały reklamowe,Materiały reklamowe
IT,Systemy audiowizualne,Infokioski / Totemy,Materiały reklamowe
_Gadżety i materiały reklamowe,_Materiały reklamowe,Materiały reklamowe,Materiały reklamowe
IT,"Notebooki, laptopy, ultrabooki",Części serwisowe - Matryce,Matryce
Sieci i systemy zabezpieczeń,Inteligenty dom,Nagłośnienie - matryce,matryce
Dziecko i matka,Opieka,Maty do zabawy,Maty
Sport i Turystyka,Siłownia i fitness,Maty do Jogi,Maty
Dla seniora,Łazienka i toaleta,Maty antypoślizgowe,Maty antypoślizgowe
Zdrowie i Uroda,Fizjoterapia i rehabilitacja,Maty i nakładki masujące,Maty i nakładki masujące
Instrumenty muzyczne,Materiały wygłuszające,Maty tłumiące szerokie i niskie pasma,Maty tłumiące
Instrumenty muzyczne,Materiały wygłuszające,Standardowe maty tłumiące,Maty tłumiące
"Dom, Warsztat i Ogród",Architektura ogrodowa,Regały,Meble do przechowywania
"Dom, Warsztat i Ogród",Architektura ogrodowa,Szafki,Meble do przechowywania
"Dom, Warsztat i Ogród",Meble,Barki i lady,Meble do przechowywania
"Dom, Warsztat i Ogród",Meble,Bufety i witryny,Meble do przechowywania
"Dom, Warsztat i Ogród",Meble,Komody,Meble do przechowywania
"Dom, Warsztat i Ogród",Meble,Kontenerki,Meble do przechowywania
"Dom, Warsztat i Ogród",Meble,Meble kuchenne,Meble do przechowywania
"Dom, Warsztat i Ogród",Meble,Meble przedpokojowe,Meble do przechowywania
"Dom, Warsztat i Ogród",Meble,Meble łazienkowe,Meble do przechowywania
"Dom, Warsztat i Ogród",Meble,Meblościanki,Meble do przechowywania
"Dom, Warsztat i Ogród",Meble,Półki meblowe,Meble do przechowywania
"Dom, Warsztat i Ogród",Meble,Regały,Meble do przechowywania
"Dom, Warsztat i Ogród",Meble,Skrzynie,Meble do przechowywania
"Dom, Warsztat i Ogród",Meble,Szafki nocne,Meble do przechowywania
"Dom, Warsztat i Ogród",Meble,Szafki RTV,Meble do przechowywania
"Dom, Warsztat i Ogród",Meble,Szafy,Meble do przechowywania
"Dom, Warsztat i Ogród",Meble,Toaletki i konsole,Meble do przechowywania
Dziecko i matka,Do kąpieli,Regały kąpielowe,Meble do przechowywania
Dziecko i matka,Mebelki,Skrzynie,Meble do przechowywania
Dziecko i matka,Mebelki,Szafy,Meble do przechowywania
Instrumenty muzyczne,Meble,Segregatory,Meble do przechowywania
Instrumenty muzyczne,Meble,Szafki,Meble do przechowywania
IT,Mediaporty,Bloki nablatowe,Mediaporty
IT,Mediaporty,Bloki podblatowe,Mediaporty
IT,Mediaporty,Kolumny wysuwane,Mediaporty
IT,Mediaporty,Listwy zasilające dedykowane do przyłączy stołowyc,Mediaporty
IT,Mediaporty,Listwy zasilające podblatowe,Mediaporty
IT,Mediaporty,Moduły indywidualne,Mediaporty
IT,Mediaporty,Wpuszczane w blat - otwarte,Mediaporty
IT,Mediaporty,Wpuszczane w blat - zamykane,Mediaporty
RTV,"Głośniki, kolumny, słuchawki",Megafony,Megafony
Urządzenia sklepowe,Urządzenia sklepowe,Metkownice,Metkownice
Instrumenty muzyczne,Akcesoria do instrumentów,Metronomy i tunery,Metronomy i tunery
"Dom, Warsztat i Ogród",Urządzenia pomiarowe,Miarki i taśmy miernicze,Miarki
"Dom, Warsztat i Ogród",Urządzenia pomiarowe,Mierniki,Mierniki
Motoryzacja,Warsztat samochodowy,Mierniki grubości lakieru,Mierniki grubości lakieru
Sport i Turystyka,Akcesoria sportowe i turystyczne,Mierniki tłuszczu,Mierniki tłuszczu
Sieci i systemy zabezpieczeń,Zasilanie,Mieszacze POE,Mieszacze POE
Zasilanie,Zasilanie sieciowe i CCTV,Mieszacze POE,Mieszacze POE
"Dom, Warsztat i Ogród",Narzędzia i urządzenia ręczne,Mieszadła,Mieszadła
"Dom, Warsztat i Ogród",Narzędzia i urządzenia akumulatorowe,Mieszarki,Mieszarki
"Dom, Warsztat i Ogród",Narzędzia i urządzenia elektryczne,Mieszarki,Mieszarki
Zdrowie i Uroda,Kosmetologia,Mikrodermabrazja,Mikrodermabrazja
Instrumenty muzyczne,Mikrofony i słuchawki,Mikrofony,Mikrofony
Instrumenty muzyczne,Nagłośnienie,Mikrofony,Mikrofony
IT,Peryferia,Mikrofony,Mikrofony
Sieci i systemy zabezpieczeń,Inteligenty dom,Nagłośnienie - mikrofony,mikrofony
Telekomunikacja,Radiokomunikacja,"Mikrofony, Głośniki",Mikrofony/Głośniki
Telekomunikacja,Internet of Things (IoT),Mikrokomputery,Mikrokomputery
Fotografia i film,Optyka,Mikroskopy,Mikroskopy
IT,Multimedia,Mikroskopy,Mikroskopy
Sieci i systemy zabezpieczeń,Inteligenty dom,Nagłośnienie - miksery,miksery
AGD,AGD - Produkty,Miksery / Blendery,Miksery / Blendery
RTV,Odtwarzacze audio-video,Mini wieże,Mini wieże
AGD,AGD - Produkty,Minutniki,Minutniki
"Dom, Warsztat i Ogród",Sprzątanie i pielęgnacja domu,"Miotły, zmiotki i szufelki","Miotły, zmiotki i szufelki"
"Dom, Warsztat i Ogród",Sprzątanie i pielęgnacja domu,"Mopy, miotły i szczotki","Miotły, zmiotki i szufelki"
Dla zwierząt,Dla Kota,"Miski, pojemniki i poidełka","Miski, pojemniki i poidełka"
Dla zwierząt,Dla psa,"Miski, pojemniki i poidełka","Miski, pojemniki i poidełka"
"Dom, Warsztat i Ogród",Narzędzia i urządzenia pneumatyczne,Młotki,Młotki
Motoryzacja,Warsztat samochodowy,Młotki,Młotki
"Dom, Warsztat i Ogród",Narzędzia i urządzenia akumulatorowe,Młotowiertarki,Młotowiertarki
"Dom, Warsztat i Ogród",Narzędzia i urządzenia elektryczne,Młotowiertarki,Młotowiertarki
"Dom, Warsztat i Ogród",Narzędzia i urządzenia akumulatorowe,Młoty udarowe,Młoty udarowe
"Dom, Warsztat i Ogród",Narzędzia i urządzenia elektryczne,Młoty udarowe,Młoty udarowe
AGD,AGD - Produkty,Młynki do kawy,Młynki
AGD,AGD - Produkty,Młynki do przypraw,Młynki
Digital Signage & Business TV,Monitory profesjonalne LFD/LCD,Uchwyty,Mocowani/Uchwyty
Digital Signage & Business TV,Telewizja hotelowa,Uchwyty do telewizorów/monitorów,Mocowani/Uchwyty
Digital Signage & Business TV,Monitory profesjonalne LFD/LCD,Mocowania specjalistyczne do ekranów LED/LCD,Mocowania/Uchwyty
Digital Signage & Business TV,Projektory i tablice,Uchwyty do projektorów,Mocowania/Uchwyty
Digital Signage & Business TV,Projektory i tablice,Uchwyty i stojaki do tablic,Mocowania/Uchwyty
Motoryzacja,Elektronika i akcesoria,Uchwyty do tabletów,Mocowania/Uchwyty
Motoryzacja,Elektronika i akcesoria,Uchwyty do telefonów,Mocowania/Uchwyty
RTV,"Głośniki, kolumny, słuchawki",Uchwyty głośnikowe,Mocowania/Uchwyty
RTV,"Głośniki, kolumny, słuchawki",Uchwyty słuchawkowe,Mocowania/Uchwyty
Sieci i systemy zabezpieczeń,Instalacje telekomunikacyjne,Mocowania i uchwyty,Mocowania/Uchwyty
IT,"Notebooki, laptopy, ultrabooki",Modemy 3G/4G,Modemy
IT,Tablety,Modemy 3G/4G,Modemy
Sieci i systemy zabezpieczeń,Akcesoria sieciowe,Modemy 3G/4G/5G,Modemy
Telekomunikacja,Transmisja danych,Modemy 3G/4G,Modemy
Sieci i systemy zabezpieczeń,Komunikacja i łączność,Modemy 3G/4G,Modemy 
Sieci i systemy zabezpieczeń,Komunikacja i łączność,Modularne Systemy Wi-Fi,Modularne Systemy Wi-Fi
Sieci i systemy zabezpieczeń,Instalacje telekomunikacyjne,Modulatory i transmodulatory,Modulatory i transmodulatory
Enterprise i produkty serwerowe,Zasilanie,Moduły bateryjne,Moduły bateryjne
Odnawialne źródła energii,Fotowoltaika,Moduły bateryjne,Moduły bateryjne
Sieci i systemy zabezpieczeń,Zasilanie,Moduły bateryjne,Moduły bateryjne
Zasilanie,Zasilanie awaryjne,Moduły bateryjne,Moduły bateryjne
IT,Karty i kontrolery,Moduły do kart sieciowych,Moduły do kart sieciowych
Sieci i systemy zabezpieczeń,Karty sieciowe,Moduły do kart sieciowych,Moduły do kart sieciowych
Sieci i systemy zabezpieczeń,Komunikacja i łączność,Moduły do Switch'y,Moduły do Switch'y
Odnawialne źródła energii,Fotowoltaika,Moduły fotowoltaiczne,Moduły fotowoltaiczne
Sieci i systemy zabezpieczeń,Inteligenty dom,Alarm - moduły GSM,Moduły GSM
Digital Signage & Business TV,Mediaporty,Moduły indywidualne,Moduły indywidualne
Enterprise i produkty serwerowe,Rozwiązania sieciowe,Transceivery (Moduły optyczne),Moduły optyczne
Materiały eksploatacyjne i artykuły szkolno-biurow,Moduły wygrzewacza (fuser),Do drukarek Epson,Moduły wygrzewacza
Materiały eksploatacyjne i artykuły szkolno-biurow,Moduły wygrzewacza (fuser),Do drukarek HP,Moduły wygrzewacza
Materiały eksploatacyjne i artykuły szkolno-biurow,Moduły wygrzewacza (fuser),Do drukarek OKI,Moduły wygrzewacza
"Dom, Warsztat i Ogród",Oświetlenie,Moduły zasilania awaryjnego,Moduły zasilania awaryjnego
Digital Signage & Business TV,Monitory medyczne,Monitory medyczne,Monitory
Digital Signage & Business TV,Monitory profesjonalne LFD/LCD,Monitory bezramkowe,Monitory
Digital Signage & Business TV,Monitory profesjonalne LFD/LCD,Monitory dotykowe,Monitory
Digital Signage & Business TV,Monitory profesjonalne LFD/LCD,Monitory standardowe,Monitory
Digital Signage & Business TV,Monitory profesjonalne LFD/LCD,Monitory zewnętrzne,Monitory
Fotografia i film,Drony,Monitory,Monitory
"Gaming: Konsole, Gry i Akcesoria",Gaming PC,Monitory LCD,Monitory
IT,Monitory,CCTV/ Monitory do monitoringu,Monitory
IT,Monitory,Monitory bezramkowe,Monitory
IT,Monitory,Monitory dotykowe,Monitory
IT,Monitory,Monitory dotykowe - Komputery,Monitory
IT,Monitory,Monitory LCD,Monitory
IT,Monitory,Monitory LFD wielkoformatowe,Monitory
IT,Monitory,Monitory plazmowe,Monitory
IT,Monitory,Monitory serwisowe,Monitory
IT,Monitory,Monitory zewnętrzne,Monitory
IT,Outlet,"Monitory LCD 19""",Monitory
IT,Outlet,"Monitory LCD 22""",Monitory
IT,Outlet,"Monitory LCD 24""",Monitory
IT,Systemy audiowizualne,Monitory bezramkowe,Monitory
IT,Systemy audiowizualne,Monitory dotykowe,Monitory
IT,Systemy audiowizualne,Monitory LFD wielkoformatowe,Monitory
IT,Systemy audiowizualne,Monitory zewnętrzne,Monitory
IT,UŻYWANE PRODUKTY IT,Monitory,Monitory
Sieci i systemy zabezpieczeń,CCTV Analog,Monitory do monitoringu,Monitory
Sieci i systemy zabezpieczeń,CCTV Analog HD,Monitory do monitoringu,Monitory
Sieci i systemy zabezpieczeń,CCTV IP,Monitory do monitoringu,Monitory
Sieci i systemy zabezpieczeń,Systemy Domofonowe,Monitory,Monitory
Sieci i systemy zabezpieczeń,Systemy Alarmowe,CCTV/ Monitory do monitoringu,Monitory 
Sport i Turystyka,Akcesoria sportowe i turystyczne,Monitory aktywności i snu,Monitory aktywności i snu
Zdrowie i Uroda,Urządzenia i sprzęt medyczny,Monitory aktywności i snu,Monitory aktywności i snu
Dziecko i matka,Opieka,Monitory oddechu,Monitory oddechu
Fotografia i film,Optyka,Monokulary,Monokulary
Militaria,Optyka,Monokulary,Monokulary
"Dom, Warsztat i Ogród",Akcesoria do domu,Moskitiery,Moskitiery
Militaria,Survival,Moskitiery,Moskitiery
Sport i Turystyka,Kemping,Moskitiery,Moskitiery
Motoryzacja,Pojazdy elektryczne,Motocykle i skutery,Motocykle i skutery
AGD,AGD - Produkty,Moździerze,Moździerze
Sieci i systemy zabezpieczeń,Instalacje telekomunikacyjne,Multiswitche,Multiswitche
Digital Signage & Business TV,Telewizja hotelowa,"Multiswitche, konwertery","Multiswitche, konwertery"
IT,Systemy audiowizualne,"Multiswitche, konwertery","Multiswitche, konwertery"
Militaria,Survival,Multitoole,Multitoole
AGD,AGD - Produkty,Myjki do szyb,Myjki
"Dom, Warsztat i Ogród",Sprzątanie i pielęgnacja domu,Mopy parowe,Myjki
"Dom, Warsztat i Ogród",Sprzątanie i pielęgnacja domu,Myjki elektryczne do szyb,Myjki
"Dom, Warsztat i Ogród",Sprzątanie i pielęgnacja domu,Myjki i ściągaczki do szyb,Myjki
"Dom, Warsztat i Ogród",Sprzątanie i pielęgnacja domu,Myjki parowe,Myjki
"Dom, Warsztat i Ogród",Sprzątanie i pielęgnacja domu,Myjki ultradźwiękowe,Myjki
Motoryzacja,Warsztat samochodowy,Myjki ciśnieniowe,Myjki
"Dom, Warsztat i Ogród",Narzędzia i urządzenia akumulatorowe,Myjki ciśnieniowe,Myjki ciśnieniowe
"Dom, Warsztat i Ogród",Narzędzia i urządzenia elektryczne,Myjki ciśnieniowe,Myjki ciśnieniowe
AGD,AGD - Produkty,Mopy parowe,Myjki parowe
AGD,AGD - Produkty,Myjki parowe,Myjki parowe
AGD,AGD - Produkty,Parownice,Myjki parowe
AGD,AGD - Produkty,Myjki ultradźwiękowe,Myjki ultradźwiękowe
"Gaming: Konsole, Gry i Akcesoria",Gaming PC,Myszy,Myszy
IT,Peryferia,Myszy,Myszy
Zdrowie i Uroda,Erotyka,Naciągacze jąder,Naciągacze jąder
Sport i Turystyka,Akcesoria sportowe i turystyczne,Naciągi tenisowe,Naciągi tenisowe
AGD,Wyposażenie,Naczynia,Naczynia
Dla seniora,Kuchnia,"Miski, talerze i pojemniki",Naczynia
Sport i Turystyka,Akcesoria sportowe i turystyczne,Naczynia turystyczne,Naczynia turystyczne
AGD,AGD - Produkty,Naczynia żaroodporne,Naczynia żaroodporne
Militaria,Survival,Naczynia i sztućce,Naczynia/Sztućce i przybory kuchenne
Telekomunikacja,Internet of Things (IoT),Nadajniki Bluetooth,Nadajniki Bluetooth
Telekomunikacja,Internet of Things (IoT),Nadajniki NFC,Nadajniki NFC
"Dom, Warsztat i Ogród",Narzędzia i urządzenia akumulatorowe,Nagrzewnice olejowe,Nagrzewnice
"Dom, Warsztat i Ogród",Narzędzia i urządzenia elektryczne,Nagrzewnice olejowe,Nagrzewnice 
Sport i Turystyka,Rowery i akcesoria,Naklejki,Naklejki
Dla seniora,Poruszanie,Nakładki antypoślizgowe na buty,Nakładki antypoślizgowe na buty
Motoryzacja,Wyposażenie,Nakładki na kierownicę,Nakładki na kierownicę
Militaria,Odzież,Nakolanniki i Nałokietniki,Nakolanniki i Nałokietniki
Militaria,Odzież,Nakrycia głowy,Nakrycia głowy
"Obuwie, odzież i galanteria",Bieganie,Nakrycia głowy,Nakrycia głowy
"Obuwie, odzież i galanteria",Klasyka,Czapki,Nakrycia głowy
"Obuwie, odzież i galanteria",Kolarstwo,Czapki,Nakrycia głowy
"Obuwie, odzież i galanteria",Narciarstwo,Opaski na głowę,Nakrycia głowy
Sport i Turystyka,Do biegania,Nakrycia głowy,Nakrycia głowy
Sport i Turystyka,Narciarstwo,Opaski na głowę,Nakrycia głowy
Militaria,Survival,Namioty i tarpy,Namioty i tarpy
Militaria,Survival,Płachty biwakowe,Namioty i tarpy
Sport i Turystyka,Kemping,Namioty,Namioty i tarpy
Sport i Turystyka,Kemping,Płachty biwakowe,Namioty i tarpy
IT,Napędy,Nagrywarki CD,Napędy
IT,Napędy,Nagrywarki DVD,Napędy
IT,Napędy,Napędy Blu-ray,Napędy
IT,Napędy,Napędy CD-ROM,Napędy
IT,Napędy,Napędy DVD-ROM,Napędy
IT,Napędy,Napędy FDD,Napędy
IT,Napędy,Napędy RDX,Napędy
IT,Napędy,Napędy taśmowe (STREAMERY),Napędy
IT,"Notebooki, laptopy, ultrabooki",Napędy do notebooków,Napędy
Sieci i systemy zabezpieczeń,Storage,Napędy dedykowane,Napędy
Sieci i systemy zabezpieczeń,Storage,Napędy optyczne,Napędy
Sieci i systemy zabezpieczeń,Storage,Napędy RDX,Napędy
Sieci i systemy zabezpieczeń,Storage,Napędy taśmowe (STREAMERY),Napędy
Sieci i systemy zabezpieczeń,Storage,Napędy taśmowe (STREAMERY) dedykowane,Napędy
Enterprise i produkty serwerowe,Storage,Napędy dedykowane,Napędy optyczne
Enterprise i produkty serwerowe,Storage,Napędy optyczne,Napędy optyczne
Enterprise i produkty serwerowe,Storage,Napędy RDX,Napędy RDX
Enterprise i produkty serwerowe,Storage,Napędy taśmowe (STREAMERY),Napędy taśmowe
Enterprise i produkty serwerowe,Storage,Napędy taśmowe (STREAMERY) dedykowane,Napędy taśmowe
Artykuły spożywcze,Napoje,Gazowane,Napoje
Artykuły spożywcze,Napoje,Niegazowane,Napoje
Artykuły spożywcze,Napoje,Soki,Napoje
Dla zwierząt,Akwarystyka,Napowietrzacze,Napowietrzacze
"Obuwie, odzież i galanteria",Galanteria i dodatki,Naprasowanki,Naprasowanki
Sport i Turystyka,Narciarstwo,Narty,Narty
Sieci i systemy zabezpieczeń,Narzędzia,Narzędzia,Narzędzia
Sport i Turystyka,Rowery i akcesoria,Narzędzia,Narzędzia
Zdrowie i Uroda,Kosmetyka,Narzędzia,Narzędzia
"Dom, Warsztat i Ogród",Narzędzia - osprzęt,Akcesoria do lutowania,Narzędzia - osprzęt
"Dom, Warsztat i Ogród",Narzędzia - osprzęt,Akcesoria do nożyc,Narzędzia - osprzęt
"Dom, Warsztat i Ogród",Narzędzia - osprzęt,Akcesoria do opalarek,Narzędzia - osprzęt
"Dom, Warsztat i Ogród",Narzędzia - osprzęt,Akcesoria polerujące,Narzędzia - osprzęt
"Dom, Warsztat i Ogród",Narzędzia - osprzęt,Brzeszczoty,Narzędzia - osprzęt
"Dom, Warsztat i Ogród",Narzędzia - osprzęt,Części zamienne i eksploatacyjne do myjek,Narzędzia - osprzęt
"Dom, Warsztat i Ogród",Narzędzia - osprzęt,Frezy,Narzędzia - osprzęt
"Dom, Warsztat i Ogród",Narzędzia - osprzęt,Gwintowanie,Narzędzia - osprzęt
"Dom, Warsztat i Ogród",Narzędzia - osprzęt,Gwoździe,Narzędzia - osprzęt
"Dom, Warsztat i Ogród",Narzędzia - osprzęt,Głowice i żyłki do podkaszarek,Narzędzia - osprzęt
"Dom, Warsztat i Ogród",Narzędzia - osprzęt,Końcówki do wkręcania,Narzędzia - osprzęt
"Dom, Warsztat i Ogród",Narzędzia - osprzęt,Magazynki do wkrętów,Narzędzia - osprzęt
"Dom, Warsztat i Ogród",Narzędzia - osprzęt,Nity,Narzędzia - osprzęt
"Dom, Warsztat i Ogród",Narzędzia - osprzęt,Noże zamienne,Narzędzia - osprzęt
"Dom, Warsztat i Ogród",Narzędzia - osprzęt,Opaski zaciskowe,Narzędzia - osprzęt
"Dom, Warsztat i Ogród",Narzędzia - osprzęt,Osełki,Narzędzia - osprzęt
"Dom, Warsztat i Ogród",Narzędzia - osprzęt,Osprzęt kujący,Narzędzia - osprzęt
"Dom, Warsztat i Ogród",Narzędzia - osprzęt,Ostrza do noży,Narzędzia - osprzęt
"Dom, Warsztat i Ogród",Narzędzia - osprzęt,Otwornice,Narzędzia - osprzęt
"Dom, Warsztat i Ogród",Narzędzia - osprzęt,Papier ścierny,Narzędzia - osprzęt
"Dom, Warsztat i Ogród",Narzędzia - osprzęt,Pasy,Narzędzia - osprzęt
"Dom, Warsztat i Ogród",Narzędzia - osprzęt,Pistolety do pompowania kół,Narzędzia - osprzęt
"Dom, Warsztat i Ogród",Narzędzia - osprzęt,Podstawy jezdne do kosiarek,Narzędzia - osprzęt
"Dom, Warsztat i Ogród",Narzędzia - osprzęt,Prowadnice do cięcia,Narzędzia - osprzęt
"Dom, Warsztat i Ogród",Narzędzia - osprzęt,Przewody pneumatyczne,Narzędzia - osprzęt
"Dom, Warsztat i Ogród",Narzędzia - osprzęt,Skrzynie i torby narzędziowe,Narzędzia - osprzęt
"Dom, Warsztat i Ogród",Narzędzia - osprzęt,Szczotki druciane do elektronarzędzi,Narzędzia - osprzęt
"Dom, Warsztat i Ogród",Narzędzia - osprzęt,Tarcze tnące i szlifierskie,Narzędzia - osprzęt
"Dom, Warsztat i Ogród",Narzędzia - osprzęt,Uchwyty do wiertarek,Narzędzia - osprzęt
"Dom, Warsztat i Ogród",Narzędzia - osprzęt,Wiertła,Narzędzia - osprzęt
"Dom, Warsztat i Ogród",Narzędzia - osprzęt,Wkłady klejowe do pistoletów,Narzędzia - osprzęt
"Dom, Warsztat i Ogród",Narzędzia - osprzęt,Worki na pył,Narzędzia - osprzęt
"Dom, Warsztat i Ogród",Narzędzia - osprzęt,Wytłoczki do walizek,Narzędzia - osprzęt
"Dom, Warsztat i Ogród",Narzędzia - osprzęt,Zszywki do zszywaczy,Narzędzia - osprzęt
"Dom, Warsztat i Ogród",Narzędzia - osprzęt,Łańcuchy tnące,Narzędzia - osprzęt
IT,Kable i adaptery,Narzędzia,Narzędzia - osprzęt
"Dom, Warsztat i Ogród",Narzędzia i urządzenia ręczne,Młotki,Narzędzia budowlane
"Dom, Warsztat i Ogród",Narzędzia i urządzenia ręczne,Nitownice,Narzędzia budowlane
"Dom, Warsztat i Ogród",Narzędzia i urządzenia ręczne,Pace,Narzędzia budowlane
"Dom, Warsztat i Ogród",Narzędzia i urządzenia ręczne,Pilniki,Narzędzia budowlane
"Dom, Warsztat i Ogród",Narzędzia i urządzenia ręczne,Pistolety do kleju i pianek,Narzędzia budowlane
"Dom, Warsztat i Ogród",Narzędzia i urządzenia ręczne,Piły,Narzędzia budowlane
"Dom, Warsztat i Ogród",Narzędzia i urządzenia ręczne,Przecinaki,Narzędzia budowlane
"Dom, Warsztat i Ogród",Narzędzia i urządzenia ręczne,Punktaki,Narzędzia budowlane
"Dom, Warsztat i Ogród",Narzędzia i urządzenia ręczne,Rozpieraki,Narzędzia budowlane
"Dom, Warsztat i Ogród",Narzędzia i urządzenia ręczne,Ściągacze,Narzędzia budowlane
"Dom, Warsztat i Ogród",Narzędzia i urządzenia ręczne,Ściski sprężynowe,Narzędzia budowlane
"Dom, Warsztat i Ogród",Narzędzia i urządzenia ręczne,Ściski stolarskie,Narzędzia budowlane
"Dom, Warsztat i Ogród",Narzędzia i urządzenia ręczne,Sita,Narzędzia budowlane
"Dom, Warsztat i Ogród",Narzędzia i urządzenia ręczne,Spirale kanalizacyjne,Narzędzia budowlane
"Dom, Warsztat i Ogród",Narzędzia i urządzenia ręczne,Strugi,Narzędzia budowlane
"Dom, Warsztat i Ogród",Narzędzia i urządzenia ręczne,Szczotki druciane,Narzędzia budowlane
"Dom, Warsztat i Ogród",Narzędzia i urządzenia ręczne,Szczypce,Narzędzia budowlane
"Dom, Warsztat i Ogród",Narzędzia i urządzenia ręczne,Szpachle,Narzędzia budowlane
"Dom, Warsztat i Ogród",Narzędzia i urządzenia ręczne,Uchwyty do szyb,Narzędzia budowlane
"Dom, Warsztat i Ogród",Narzędzia i urządzenia ręczne,Wkrętaki,Narzędzia budowlane
"Dom, Warsztat i Ogród",Narzędzia i urządzenia ręczne,Zaginarki do blach,Narzędzia budowlane
"Dom, Warsztat i Ogród",Narzędzia i urządzenia ręczne,Zapalarki,Narzędzia budowlane
"Dom, Warsztat i Ogród",Narzędzia i urządzenia ręczne,Zdzieraki,Narzędzia budowlane
"Dom, Warsztat i Ogród",Narzędzia i urządzenia ręczne,Zszywacze,Narzędzia budowlane
"Dom, Warsztat i Ogród",Narzędzia i urządzenia ręczne,Łapki do gwoździ,Narzędzia budowlane
"Dom, Warsztat i Ogród",Narzędzia i urządzenia ręczne,Łomy,Narzędzia budowlane
Enterprise i produkty serwerowe,Storage,NAS - serwery plików,NAS
Sieci i systemy zabezpieczeń,Storage,Sprzętowy serwer plików NAS,NAS
Dla seniora,Łazienka i toaleta,Nasadki podwyższające sedes,Nasadki podwyższające sedes
"Dom, Warsztat i Ogród",Rośliny,Nasiona,Nasiona
Sieci i systemy zabezpieczeń,Inteligenty dom,Inteligentne doniczki - nasiona,Nasiona
Militaria,Odzież,Naszywki,Naszywki
Sport i Turystyka,Akcesoria sportowe i turystyczne,Urządzenia do nawigacji turystycznej,Nawigacja
Sport i Turystyka,Rowery i akcesoria,Urządzenia do nawigacji rowerowej,Nawigacja
Dziecko i matka,Opieka,Nianie elektroniczne,Nianie elektroniczne
"Dom, Warsztat i Ogród",Rękodzieło,Nici,Nici
Militaria,Odzież,Nieśmiertelniki,Nieśmiertelniki
"Dom, Warsztat i Ogród",Oświetlenie,Niezintegrowane świetlówki kompaktowe,Niezintegrowane świetlówki kompaktowe
Materiały eksploatacyjne i artykuły szkolno-biurow,Urządzenia biurowe,Niszczarki,Niszczarki
"Dom, Warsztat i Ogród",Narzędzia i urządzenia akumulatorowe,Nitownice,Nitownice
Dziecko i matka,Opieka,"Nocniki, nakładki na sedes","Nocniki, nakładki na sedes"
Dziecko i matka,Opieka,Nosidełka,Nosidełka
IT,Nośniki i akcesoria,BD-R Płytki (Blu-ray),Nośniki
IT,Nośniki i akcesoria,BD-RE Płytki (Blu-ray),Nośniki
IT,Nośniki i akcesoria,CD-R Płytki,Nośniki
IT,Nośniki i akcesoria,CD-RW Płytki,Nośniki
IT,Nośniki i akcesoria,DVD+R Płytki,Nośniki
IT,Nośniki i akcesoria,DVD+RW Płytki,Nośniki
IT,Nośniki i akcesoria,DVD-R Płytki,Nośniki
IT,Nośniki i akcesoria,DVD-RAM Płytki,Nośniki
IT,Nośniki i akcesoria,DVD-RW Płytki,Nośniki
IT,"Notebooki, laptopy, ultrabooki",Notebooki,Notebooki
IT,Outlet,Netbooki,Notebooki
IT,Outlet,Notebooki,Notebooki
IT,Outlet,Ultrabooki,Notebooki
IT,UŻYWANE PRODUKTY IT,Notebooki,Notebooki
"Dom, Warsztat i Ogród",Narzędzia i urządzenia ręczne,Noże,Noże
Militaria,Survival,"Noże, scyzoryki, maczety","Noże, scyzoryki, maczety"
"Dom, Warsztat i Ogród",Narzędzia i urządzenia akumulatorowe,Nożyce do blachy,Nożyce
"Dom, Warsztat i Ogród",Narzędzia i urządzenia akumulatorowe,Nożyce do cementu,Nożyce
"Dom, Warsztat i Ogród",Narzędzia i urządzenia akumulatorowe,Nożyce do trawy,Nożyce
"Dom, Warsztat i Ogród",Narzędzia i urządzenia akumulatorowe,Nożyce do żywopłotu i gałęzi,Nożyce
"Dom, Warsztat i Ogród",Narzędzia i urządzenia elektryczne,Nożyce do blachy,Nożyce
"Dom, Warsztat i Ogród",Narzędzia i urządzenia elektryczne,Nożyce do żywopłotu i gałęzi,Nożyce
"Dom, Warsztat i Ogród",Narzędzia i urządzenia ręczne,Nożyce do blachy,Nożyce
"Dom, Warsztat i Ogród",Narzędzia i urządzenia ręczne,Nożyce do żywopłotu i gałęzi,Nożyce
"Dom, Warsztat i Ogród",Narzędzia i urządzenia spalinowe,Nożyce do żywopłotu,Nożyce do żywopłotu
Dla seniora,Pomoce codzienne,Nożyczki,Nożyczki
Zdrowie i Uroda,Kosmetyka,Nożyczki,Nożyczki
Materiały eksploatacyjne i artykuły szkolno-biurow,Artykuły biurowe,Nożyczki i Nożyki,Nożyczki i Nożyki
Fotografia i film,Drony,Nóżki i płozy,Nóżki i płozy
Sport i Turystyka,Siłownia i fitness,Obciążniki,Obciążniki
Fotografia i film,Optyka,Obiektywy,Obiektywy
Sieci i systemy zabezpieczeń,CCTV IP,Obiektywy,Obiektywy
Telekomunikacja,Akcesoria GSM,Obiektywy,Obiektywy
Zdrowie i Uroda,Erotyka,Obroże i kneble,Obroże i kneble
"Dom, Warsztat i Ogród",Architektura ogrodowa,Obrzeża i palisady,Obrzeża i palisady
IT,Obudowy i zasilacze,Obudowy - akcesoria,Obudowy
IT,Obudowy i zasilacze,Obudowy do Miningu,Obudowy
IT,Obudowy i zasilacze,Obudowy komputerowe,Obudowy
IT,Obudowy i zasilacze,Obudowy serwerowe,Obudowy
Sieci i systemy zabezpieczeń,Inteligenty dom,Alarm - obudowy,Obudowy
Sieci i systemy zabezpieczeń,Systemy Alarmowe,Obudowy,Obudowy
Digital Signage & Business TV,Monitory profesjonalne LFD/LCD,Obudowy i standy do ekranów LED/LCD,Obudowy 
Fotografia i film,Drony,Obudowy do dronów,Obudowy do dronów
"Dom, Warsztat i Ogród",Aparaty elektryczne,Obudowy instalacyjne,Obudowy instalacyjne
Odnawialne źródła energii,Aparaty elektryczne,Obudowy instalacyjne,Obudowy instalacyjne
Enterprise i produkty serwerowe,Obudowy i akcesoria,Obudowy serwerowe,Obudowy komputerowe
IT,Dyski i akcesoria,Obudowy zewnętrzne na dyski,Obudowy zewnętrzne na dyski
"Dom, Warsztat i Ogród",Odzież ochronna i BHP,Obuwie,Obuwie
"Obuwie, odzież i galanteria",Bieganie,Obuwie,Obuwie
"Obuwie, odzież i galanteria",Klasyka,Obuwie,Obuwie
Sport i Turystyka,Do biegania,Obuwie,Obuwie
Sport i Turystyka,Pływanie,Obuwie,Obuwie
Militaria,Strzelectwo,Ochraniacze łucznicze,Ochraniacze
Sport i Turystyka,Narciarstwo,Ochraniacze,Ochraniacze
Sport i Turystyka,Piłka nożna i siatkówka,Ochraniacze,Ochraniacze
Sport i Turystyka,Skating i deskorolki,Ochraniacze,Ochraniacze
Dla seniora,Sypialnia,Ochraniacze i podkłady przeciwodleżynowe,Ochraniacze i podkłady przeciwodleżynowe
Militaria,Strzelectwo,Ochrona oczu,Ochrona oczu
Dziecko i matka,Opieka,Ochrona piersi,Ochrona piersi
"Dom, Warsztat i Ogród",Odzież ochronna i BHP,Ochrona słuchu,Ochrona słuchu
Militaria,Strzelectwo,Ochrona słuchu,Ochrona słuchu
Militaria,Strzelectwo,Ochrona twarzy,Ochrona twarzy
Militaria,Survival,Maski ochronne i przeciwgazowe,Ochrona twarzy
AGD,AGD - Produkty,Ociekacze i suszarki do naczyń,Ociekacze i suszarki do naczyń
AGD,AGD - Produkty,Oczyszczacze i nawilżacze powietrza,Oczyszczacze i nawilżacze powietrza
AGD,AGD - Produkty,Osuszacze powietrza,Oczyszczacze i nawilżacze powietrza
Dla seniora,Nowoczesny senior,Oczyszczacze i nawilżacze powietrza,Oczyszczacze i nawilżacze powietrza
"Dom, Warsztat i Ogród",Sprzątanie i pielęgnacja domu,Oczyszczacze i nawilżacze powietrza,Oczyszczacze i nawilżacze powietrza
Dziecko i matka,Opieka,Oczyszczacze i nawilżacze powietrza,Oczyszczacze i nawilżacze powietrza
Militaria,Survival,Oczyszczacze wody,Oczyszczacze wody
AGD,AGD - Produkty,Odkurzacze,Odkurzacze
"Dom, Warsztat i Ogród",Narzędzia i urządzenia akumulatorowe,Odkurzacze i dmuchawy do liści,Odkurzacze
"Dom, Warsztat i Ogród",Narzędzia i urządzenia akumulatorowe,Odkurzacze przemysłowe,Odkurzacze
"Dom, Warsztat i Ogród",Narzędzia i urządzenia elektryczne,Odkurzacze i dmuchawy do liści,Odkurzacze
"Dom, Warsztat i Ogród",Narzędzia i urządzenia elektryczne,Odkurzacze przemysłowe,Odkurzacze
"Dom, Warsztat i Ogród",Sprzątanie i pielęgnacja domu,Odkurzacze,Odkurzacze
Przemysł,Maszyny - urządzenia czyszczące i piorące,Odkurzacze profesjonalne,Odkurzacze 
"Dom, Warsztat i Ogród",Narzędzia i urządzenia spalinowe,Odkurzacze i dmuchawy do liści,Odkurzacze i dmuchawy do liści
"Dom, Warsztat i Ogród",Akcesoria do domu,Odstraszacze gryzoni,Odstraszacze
"Dom, Warsztat i Ogród",Akcesoria do domu,Odstraszacze owadów,Odstraszacze
Motoryzacja,Zabezpieczenia,Odstraszacze gryzoni,Odstraszacze gryzoni
Militaria,Survival,Odstraszacze owadów,Odstraszacze owadów
"Dom, Warsztat i Ogród",Narzędzia i urządzenia akumulatorowe,Odśnieżarki,Odśnieżarki
"Dom, Warsztat i Ogród",Narzędzia i urządzenia elektryczne,Odśnieżarki,Odśnieżarki
"Dom, Warsztat i Ogród",Narzędzia i urządzenia spalinowe,Odśnieżarki,Odśnieżarki
"Dom, Warsztat i Ogród",Sprzątanie i pielęgnacja domu,Odświeżacze powietrza,Odświeżacze powietrza
Sieci i systemy zabezpieczeń,Inteligenty dom,Nagłośnienie - odtwarzacze,odtwarzacze
RTV,Odtwarzacze audio-video,Odtwarzacze Blu-ray stacjonarne,Odtwarzacze 
RTV,Odtwarzacze audio-video,Odtwarzacze CD stacjonarne,Odtwarzacze 
RTV,Odtwarzacze audio-video,Odtwarzacze DVD przenośne,Odtwarzacze 
RTV,Odtwarzacze audio-video,Odtwarzacze DVD stacjonarne,Odtwarzacze 
IT,Multimedia,Odtwarzacze MP3,Odtwarzacze multimedialne
IT,Multimedia,Odtwarzacze multimedialne,Odtwarzacze multimedialne
Dla zwierząt,Dla psa,Odzież,Odzież dla zwierząt
Militaria,Odzież,Odzież maskująca,Odzież maskująca
Sport i Turystyka,Odżywki i suplementy,Aminokwasy,Odżywki i suplementy
Sport i Turystyka,Odżywki i suplementy,Batony energetyczne,Odżywki i suplementy
Sport i Turystyka,Odżywki i suplementy,Gainery - odżywki na masę,Odżywki i suplementy
Sport i Turystyka,Odżywki i suplementy,Kreatyny,Odżywki i suplementy
Sport i Turystyka,Odżywki i suplementy,Napoje izotoniczne i energetyczne,Odżywki i suplementy
Sport i Turystyka,Odżywki i suplementy,Odżywki białkowe,Odżywki i suplementy
Sport i Turystyka,Odżywki i suplementy,Odżywki potreningowe,Odżywki i suplementy
Sport i Turystyka,Odżywki i suplementy,Suplementy diety,Odżywki i suplementy
Sport i Turystyka,Odżywki i suplementy,Żele energetyczne,Odżywki i suplementy
"Dom, Warsztat i Ogród",Aparaty elektryczne,Ograniczniki przepięć,Ograniczniki przepięć
Odnawialne źródła energii,Aparaty elektryczne,Ograniczniki przepięć,Ograniczniki przepięć
"Dom, Warsztat i Ogród",Ogrodzenia i bramy,Ogrodzenia,Ogrodzenia
"Dom, Warsztat i Ogród",Architektura ogrodowa,Ogrzewacze tarasowe,Ogrzewacze
"Dom, Warsztat i Ogród",Narzędzia i urządzenia gazowe,Ogrzewacze gazowe,Ogrzewacze 
Militaria,Survival,Ogrzewacze chemiczne,Ogrzewacze chemiczne
Sport i Turystyka,Akcesoria sportowe i turystyczne,Ogrzewacze do rąk,Ogrzewacze do rąk
AGD,AGD - Produkty,Okapy kuchenne,Okapy kuchenne
Dziecko i matka,Do kąpieli,Okrycia kąpielowe,Okrycia kąpielowe
"Dom, Warsztat i Ogród",Odzież ochronna i BHP,Okulary,Okulary
Dziecko i matka,Opieka,Okulary przeciwsłoneczne,Okulary
"Obuwie, odzież i galanteria",Odzież ochronna i BHP,Okulary,Okulary
Sport i Turystyka,Pływanie,Okulary,Okulary
Sport i Turystyka,Rowery i akcesoria,Okulary,Okulary
Sport i Turystyka,Triathlon,Okulary,Okulary
Sport i Turystyka,Łowiectwo i wędkarstwo,Okulary,Okulary
Zdrowie i Uroda,Erotyka,Olejki i świece do masażu,Olejki i świece do masażu
"Dom, Warsztat i Ogród",Narzędzia i urządzenia akumulatorowe,Opalarki,Opalarki
"Dom, Warsztat i Ogród",Narzędzia i urządzenia elektryczne,Opalarki,Opalarki
Sport i Turystyka,Akcesoria sportowe i turystyczne,Opaski,Opaski
Zdrowie i Uroda,Ozdoby do włosów,Opaski do włosów,Opaski do włosów
Dla seniora,Nowoczesny senior,Opaski SOS,Opaski medyczne
AGD,AGD - Produkty,Opiekacze,Opiekacze
Motoryzacja,Opony,Do maszyn rolniczych,Opony
Motoryzacja,Opony,Do motocykli i skuterów,Opony
Motoryzacja,Opony,Do pojazdów przemysłowych,Opony
Motoryzacja,Opony,Do quadów,Opony
Motoryzacja,Opony,Do samochodów,Opony
"Dom, Warsztat i Ogród",Oświetlenie,Oprawy biurowe,Oprawy
"Dom, Warsztat i Ogród",Oświetlenie,Oprawy dekoracyjne,Oprawy
"Dom, Warsztat i Ogród",Oświetlenie,Oprawy ewakuacyjne / awaryjne,Oprawy
"Dom, Warsztat i Ogród",Oświetlenie,Oprawy kloszowe,Oprawy
"Dom, Warsztat i Ogród",Oświetlenie,Oprawy meblowe,Oprawy
"Dom, Warsztat i Ogród",Oświetlenie,Oprawy oświetleniowe LED Downlight,Oprawy
"Dom, Warsztat i Ogród",Oświetlenie,Oprawy przemysłowe,Oprawy
Digital Signage & Business TV,Projektory i tablice,Oprogramowanie,Oprogramowanie
Enterprise i produkty serwerowe,Gwarancje i rozszerzenia,Oprogramowanie systemowe do storage – licencje imi,Oprogramowanie
Instrumenty muzyczne,Oprogramowanie,Oprogramowanie DAW,Oprogramowanie
Instrumenty muzyczne,Oprogramowanie,Oprogramowanie DAW ESD,Oprogramowanie
IT,Systemy audiowizualne,Oprogramowanie,Oprogramowanie
Oprogramowanie,Oprogramowanie,Oprogramowanie (inne),Oprogramowanie
Oprogramowanie,Oprogramowanie,Oprogramowanie - syntezator mowy,Oprogramowanie
Oprogramowanie,Oprogramowanie,Oprogramowanie antyszpiegowskie,Oprogramowanie
Oprogramowanie,Oprogramowanie,Oprogramowanie antywirusowe,Oprogramowanie
Oprogramowanie,Oprogramowanie,Oprogramowanie backup,Oprogramowanie
Oprogramowanie,Oprogramowanie,Oprogramowanie biurowe,Oprogramowanie
Oprogramowanie,Oprogramowanie,Oprogramowanie CAD,Oprogramowanie
Oprogramowanie,Oprogramowanie,Oprogramowanie CRM,Oprogramowanie
Oprogramowanie,Oprogramowanie,Oprogramowanie DAW,Oprogramowanie
Oprogramowanie,Oprogramowanie,Oprogramowanie do archiwizacji danych,Oprogramowanie
Oprogramowanie,Oprogramowanie,Oprogramowanie do obróbki VIDEO,Oprogramowanie
Oprogramowanie,Oprogramowanie,Oprogramowanie do obróbki zdjęć,Oprogramowanie
Oprogramowanie,Oprogramowanie,Oprogramowanie do odzyskiwania danych,Oprogramowanie
Oprogramowanie,Oprogramowanie,Oprogramowanie do WWW,Oprogramowanie
Oprogramowanie,Oprogramowanie,Oprogramowanie edukacyjne i językowe,Oprogramowanie
Oprogramowanie,Oprogramowanie,Oprogramowanie finansowo-księgowe,Oprogramowanie
Oprogramowanie,Oprogramowanie,Oprogramowanie GIS,Oprogramowanie
Oprogramowanie,Oprogramowanie,Oprogramowanie graficzne,Oprogramowanie
Oprogramowanie,Oprogramowanie,Oprogramowanie kadrowo-płacowe,Oprogramowanie
Oprogramowanie,Oprogramowanie,Oprogramowanie narzędziowe,Oprogramowanie
Oprogramowanie,Oprogramowanie,Oprogramowanie obsługujące sprzedaż,Oprogramowanie
Oprogramowanie,Oprogramowanie,Oprogramowanie programistyczne,Oprogramowanie
Oprogramowanie,Oprogramowanie,Oprogramowanie serwerowe,Oprogramowanie
Oprogramowanie,Oprogramowanie,Oprogramowanie serwerowe dedykowane,Oprogramowanie
Oprogramowanie,Oprogramowanie,Oprogramowanie systemowe,Oprogramowanie
Oprogramowanie,Oprogramowanie,Oprogramowanie użytkowe,Oprogramowanie
Oprogramowanie,Oprogramowanie - Licencje imienne,Oprogramowanie antywirusowe - licencje imienne,Oprogramowanie
Oprogramowanie,Oprogramowanie - Licencje imienne,Oprogramowanie biurowe - licencje imienne,Oprogramowanie
Oprogramowanie,Oprogramowanie - Licencje imienne,Oprogramowanie do archiwizacji danych - licencje i,Oprogramowanie
Oprogramowanie,Oprogramowanie - Licencje imienne,Oprogramowanie graficzne - licencje imienne,Oprogramowanie
Oprogramowanie,Oprogramowanie ESD,Oprogramowanie antywirusowe ESD,Oprogramowanie
Oprogramowanie,Oprogramowanie ESD,Oprogramowanie backup ESD,Oprogramowanie
Oprogramowanie,Oprogramowanie ESD,Oprogramowanie biurowe ESD,Oprogramowanie
Oprogramowanie,Oprogramowanie ESD,Oprogramowanie DAW ESD,Oprogramowanie
Oprogramowanie,Oprogramowanie ESD,Oprogramowanie finansowo-księgowe ESD,Oprogramowanie
Oprogramowanie,Oprogramowanie ESD,Oprogramowanie graficzne ESD,Oprogramowanie
Oprogramowanie,Oprogramowanie ESD,Oprogramowanie kadrowo-płacowe ESD,Oprogramowanie
Oprogramowanie,Oprogramowanie ESD,Oprogramowanie narzędziowe ESD,Oprogramowanie
Oprogramowanie,Oprogramowanie ESD,Oprogramowanie obsługujące sprzedaż ESD,Oprogramowanie
Oprogramowanie,Oprogramowanie ESD,Oprogramowanie systemowe ESD,Oprogramowanie
Sieci i systemy zabezpieczeń,Dodatkowa gwarancja oraz oprogramowanie,Dodatkowe gwarancje do urządzeń do monitoringu,Oprogramowanie
Sieci i systemy zabezpieczeń,Dodatkowa gwarancja oraz oprogramowanie,Dodatkowe gwarancje do urządzeń sieciowych,Oprogramowanie
Sieci i systemy zabezpieczeń,Dodatkowa gwarancja oraz oprogramowanie,Licencje elektroniczne,Oprogramowanie
Sieci i systemy zabezpieczeń,Routery,Gwarancje,Oprogramowanie
Sieci i systemy zabezpieczeń,Routery,Licencje,Oprogramowanie
Sieci i systemy zabezpieczeń,Storage,Sprzętowy serwer plików NAS - gwarancje,Oprogramowanie
Sieci i systemy zabezpieczeń,Switch-e,Gwarancje,Oprogramowanie
Sieci i systemy zabezpieczeń,Switch-e,Licencje,Oprogramowanie
Sieci i systemy zabezpieczeń,Systemy Alarmowe,Oprogramowanie,Oprogramowanie
Enterprise i produkty serwerowe,Oprogramowanie,Oprogramowanie backup,Oprogramowanie 
Enterprise i produkty serwerowe,Oprogramowanie,Oprogramowanie backup ESD,Oprogramowanie 
Enterprise i produkty serwerowe,Oprogramowanie,Oprogramowanie serwerowe,Oprogramowanie 
Enterprise i produkty serwerowe,Oprogramowanie,Oprogramowanie serwerowe dedykowane,Oprogramowanie 
"Dom, Warsztat i Ogród",Nawadnianie i opryskiwanie,Opryskiwacze,Opryskiwacze
Militaria,Strzelectwo,Optyka i celowniki,Optyka i celowniki
Odnawialne źródła energii,Fotowoltaika,Optymalizatory,Optymalizatory
Sport i Turystyka,Siłownia i fitness,Orbitreki,Orbitreki
AGD,Wyposażenie,Organizery,Organizery
Digital Signage & Business TV,Mediaporty,Organizery kablowe,Organizery
Enterprise i produkty serwerowe,Rozwiązania sieciowe,Akcesoria do kabli,Organizery
Enterprise i produkty serwerowe,Szafy rack,Organizery,Organizery
IT,Kable i adaptery,Organizery kablowe,Organizery
IT,Mediaporty,Organizery kablowe,Organizery
Sieci i systemy zabezpieczeń,Szafy rack,Organizery,Organizery
Dla seniora,Ortezy i stabilizatory,Barku,Ortezy i stabilizatory
Dla seniora,Ortezy i stabilizatory,Gorsety i ortezy kręgosłupa,Ortezy i stabilizatory
Dla seniora,Ortezy i stabilizatory,Kolana,Ortezy i stabilizatory
Dla seniora,Ortezy i stabilizatory,Kończyny dolnej,Ortezy i stabilizatory
Dla seniora,Ortezy i stabilizatory,Kończyny górnej,Ortezy i stabilizatory
Dla seniora,Ortezy i stabilizatory,Kołnierze ortopedyczne,Ortezy i stabilizatory
Dla seniora,Ortezy i stabilizatory,Pasy biodrowe,Ortezy i stabilizatory
Dla seniora,Ortezy i stabilizatory,Pasy brzuszne,Ortezy i stabilizatory
Dla seniora,Ortezy i stabilizatory,Pasy żebrowe,Ortezy i stabilizatory
Dla seniora,Ortezy i stabilizatory,Stopy,Ortezy i stabilizatory
Dla seniora,Ortezy i stabilizatory,Temblaki,Ortezy i stabilizatory
Dla seniora,Ortezy i stabilizatory,Łokcia,Ortezy i stabilizatory
Motoryzacja,Części zamienne do samochodów,Osłony amortyzatora,Osłony amortyzatora
Instrumenty muzyczne,Mikrofony i słuchawki,Osłony przeciwwietrzne,Osłony przeciwwietrzne
"Dom, Warsztat i Ogród",Materiały budowlane i instalacyjne,Osprzęt elektroinstalacyjny,Osprzęt elektroinstalacyjny
Zdrowie i Uroda,Do higieny i pielęgnacji,Ostrza do maszynek do golenia,Ostrza
AGD,AGD - Produkty,Ostrzałki,Ostrzałki
"Dom, Warsztat i Ogród",Narzędzia i urządzenia elektryczne,Ostrzałki,Ostrzałki
Dla zwierząt,Akwarystyka,Oświetlenie,Oświetlenie
Sport i Turystyka,Rowery i akcesoria,Oświetlenie,Oświetlenie
Motoryzacja,Oświetlenie,Kierunkowskazy,Oświetlenie samochodowe
Motoryzacja,Oświetlenie,Lampki tablicy rejestracyjnej,Oświetlenie samochodowe
Motoryzacja,Oświetlenie,Lampy przednie,Oświetlenie samochodowe
Motoryzacja,Oświetlenie,Lampy tylne,Oświetlenie samochodowe
Motoryzacja,Oświetlenie,Oświetlenie ozdobne,Oświetlenie samochodowe
Motoryzacja,Oświetlenie,Światła do jazdy dziennej,Oświetlenie samochodowe
Motoryzacja,Oświetlenie,Światło chemiczne,Oświetlenie samochodowe
Motoryzacja,Oświetlenie,Żarówki,Oświetlenie samochodowe
Instrumenty muzyczne,Oświetlenie sceniczne,Belki LED,Oświetlenie sceniczne
Instrumenty muzyczne,Oświetlenie sceniczne,Efekty dyskotekowe,Oświetlenie sceniczne
Instrumenty muzyczne,Oświetlenie sceniczne,Głowice ruchome,Oświetlenie sceniczne
Instrumenty muzyczne,Oświetlenie sceniczne,Reflektory PAR,Oświetlenie sceniczne
Zdrowie i Uroda,Urządzenia i sprzęt medyczny,Otoskopy,Otoskopy
"Dom, Warsztat i Ogród",Akcesoria do domu,Ozdoby,Ozdoby
Zdrowie i Uroda,Erotyka,Packi i pejcze,Packi i pejcze
Militaria,Survival,Palniki,Palniki
Militaria,Samoobrona,Pałki obronne,Pałki obronne
Enterprise i produkty serwerowe,Pamięci,Pamięci - rozszerzenie pamięci,Pamięci
Enterprise i produkty serwerowe,Pamięci,Pamięci DDR3,Pamięci
Enterprise i produkty serwerowe,Pamięci,Pamięci DDR4,Pamięci
Enterprise i produkty serwerowe,Pamięci,Pamięci DDR5,Pamięci
Enterprise i produkty serwerowe,Pamięci,Pamięci serwerowe dedykowane,Pamięci
IT,"Notebooki, laptopy, ultrabooki",Pamięci SO-DIMM,Pamięci
IT,Pamięci,Pamięci - rozszerzenie pamięci,Pamięci
IT,Pamięci,Pamięci dedykowane,Pamięci
IT,Pamięci,Pamięci DIMM (DDR II),Pamięci
IT,Pamięci,Pamięci DIMM (DDR III),Pamięci
IT,Pamięci,Pamięci DIMM (DDR IV),Pamięci
IT,Pamięci,Pamięci DIMM (DDR V),Pamięci
IT,Pamięci,Pamięci DIMM (DDR),Pamięci
IT,Pamięci,Pamięci DIMM (SDRAM),Pamięci
IT,Pamięci,Pamięci Intel Optane,Pamięci
IT,Pamięci,Pamięci RIMM,Pamięci
IT,Pamięci,Pamięci serwerowe dedykowane,Pamięci
IT,Pamięci,Pamięci FlashDrive,Pamięci FlashDrive
IT,Pamięci,Pamięci Memory Stick,Pamięci FlashDrive
Sieci i systemy zabezpieczeń,Światłowody,Panele,Panele
Sieci i systemy zabezpieczeń,Systemy Domofonowe,Panele,Panele
Enterprise i produkty serwerowe,Szafy rack,Panele krosownicze,Panele krosownicze
Sieci i systemy zabezpieczeń,Szafy rack,Panele krosownicze,Panele krosownicze
Materiały eksploatacyjne i artykuły szkolno-biurow,Artykuły papiernicze,Papier biurowy,Papier 
Materiały eksploatacyjne i artykuły szkolno-biurow,Artykuły papiernicze,Papier fotograficzny,Papier 
Materiały eksploatacyjne i artykuły szkolno-biurow,Artykuły papiernicze,Papier kolorowy,Papier 
Materiały eksploatacyjne i artykuły szkolno-biurow,Artykuły papiernicze,Papier Xero,Papier 
Materiały eksploatacyjne i artykuły szkolno-biurow,Artykuły pakowe,Papiery pakowe i ozdobne,Papiery pakowe i ozdobne
"Dom, Warsztat i Ogród",Architektura ogrodowa,Parasole,Parasole
"Obuwie, odzież i galanteria",Klasyka,Parasolki,Parasolki
"Dom, Warsztat i Ogród",Architektura ogrodowa,Parawany,Parawany
"Dom, Warsztat i Ogród",Meble,Parawany,Parawany
Sport i Turystyka,Nad wodę,Parawany,Parawany
AGD,AGD - Produkty,Parowary,Parowary
Dziecko i matka,Karmienie,Parowary,Parowary
"Dom, Warsztat i Ogród",Sprzątanie i pielęgnacja domu,Parownice,Parownice
"Dom, Warsztat i Ogród",Odzież ochronna i BHP,Paski,Paski
"Obuwie, odzież i galanteria",Galanteria i dodatki,Paski,Paski
"Obuwie, odzież i galanteria",Narciarstwo,Paski,Paski
"Obuwie, odzież i galanteria",Odzież ochronna i BHP,Paski,Paski
"Obuwie, odzież i galanteria",Łowiectwo i wędkarstwo,Paski,Paski
Sport i Turystyka,Narciarstwo,Paski,Paski
Sport i Turystyka,Łowiectwo i wędkarstwo,Paski,Paski
Sport i Turystyka,Akcesoria sportowe i turystyczne,Paski do zegarków i smartwatchy,Paski do zegarków i smartwatchy
Telekomunikacja,Akcesoria GSM,Paski do zegarków i smartwatchy,Paski do zegarków i smartwatchy
IT,Chłodzenie,Pasty termoprzewodzące,Pasty termoprzewodzące
Militaria,Odzież,Pasy,Pasy
Zdrowie i Uroda,Erotyka,Pasy cnoty,Pasy cnoty
Instrumenty muzyczne,Akcesoria do instrumentów,Pasy gitarowe,Pasy gitarowe
Dla seniora,Sypialnia,Pasy krępujące,Pasy krępujące
Materiały eksploatacyjne i artykuły szkolno-biurow,Pasy transmisyjne,Do drukarek Brother,Pasy transmisyjne
Materiały eksploatacyjne i artykuły szkolno-biurow,Pasy transmisyjne,Do drukarek Epson,Pasy transmisyjne
Materiały eksploatacyjne i artykuły szkolno-biurow,Pasy transmisyjne,Do drukarek HP,Pasy transmisyjne
Materiały eksploatacyjne i artykuły szkolno-biurow,Pasy transmisyjne,Do drukarek OKI,Pasy transmisyjne
Materiały eksploatacyjne i artykuły szkolno-biurow,Pasy transmisyjne,Do drukarek Samsung,Pasy transmisyjne
Materiały eksploatacyjne i artykuły szkolno-biurow,Pasy transmisyjne,Do drukarek Xerox,Pasy transmisyjne
Dla seniora,Wózki i balkoniki,Pasy zabezpieczające do wózków inwalidzkich,Pasy zabezpieczające do wózków inwalidzkich
Sieci i systemy zabezpieczeń,Światłowody,Pasywa,Pasywa
Sieci i systemy zabezpieczeń,Passive Optical Network,GEPON OLT,Pasywna sieć optyczna
Sieci i systemy zabezpieczeń,Passive Optical Network,GPON ONU,Pasywna sieć optyczna
AGD,Wyposażenie,"Patery, etażerki","Patery, etażerki"
Sport i Turystyka,Rowery i akcesoria,Peleryny,Peleryny
"Dom, Warsztat i Ogród",Narzędzia i przybory malarsko-lakiernicze,Pędzle,Pędzle
Zdrowie i Uroda,Kosmetyka,Pędzle do makijażu,Pędzle
IT,Multimedia,Pętle indukcyjne,Pętle indukcyjne
Sport i Turystyka,Triathlon,Pianki,Pianki
AGD,AGD - Produkty,Mini piekarniki,Piekarniki
AGD,AGD - Produkty,Piekarniki do zabudowy,Piekarniki
Dla zwierząt,Dla Kota,Pielęgnacja,Pielęgnacja
Dla zwierząt,Dla małych zwierząt,Pielęgnacja,Pielęgnacja
Dla zwierząt,Dla psa,Pielęgnacja,Pielęgnacja
Dla zwierząt,Dla zwierząt hodowlanych,Pielęgnacja,Pielęgnacja
Dla zwierząt,Ptaki,Pielęgnacja,Pielęgnacja
Dla seniora,Sypialnia,Pieluchomajtki,Pieluchomajtki
Dziecko i matka,Opieka,Pieluchy,Pieluchy
Zdrowie i Uroda,Erotyka,Pierścienie,Pierścienie
Militaria,Survival,Pierwsza pomoc,Pierwsza pomoc
Sieci i systemy zabezpieczeń,Światłowody,Pigtaile,Pigtaile
Dla seniora,Diagnostyka,Pikflometry,Pikflometry
"Dom, Warsztat i Ogród",Narzędzia i urządzenia elektryczne,Pilarki stołowe,Pilark
"Dom, Warsztat i Ogród",Narzędzia i urządzenia elektryczne,Pilarki szablaste,Pilark
"Dom, Warsztat i Ogród",Narzędzia i urządzenia elektryczne,Pilarki tarczowe,Pilark
"Dom, Warsztat i Ogród",Narzędzia i urządzenia elektryczne,Pilarki łańcuchowe,Pilark
"Dom, Warsztat i Ogród",Narzędzia i urządzenia akumulatorowe,Pilarki do gałęzi,Pilarki
"Dom, Warsztat i Ogród",Narzędzia i urządzenia akumulatorowe,Pilarki tarczowe,Pilarki
"Dom, Warsztat i Ogród",Narzędzia i urządzenia akumulatorowe,Pilarki taśmowe,Pilarki
"Dom, Warsztat i Ogród",Narzędzia i urządzenia akumulatorowe,Pilarki łańcuchowe,Pilarki
"Dom, Warsztat i Ogród",Narzędzia i urządzenia pneumatyczne,Pilarki szablaste,Pilarki
Zdrowie i Uroda,Kosmetyka,Pilniki i bloki,Pilniki i bloki
Fotografia i film,Statywy i uchwyty,Piloty,Piloty
RTV,Telewizja naziemna,Piloty do tunerów DVB-T,Piloty
RTV,Telewizory i akcesoria,Piloty do zdalnego sterowania,Piloty 
Digital Signage & Business TV,Telewizja hotelowa,Piloty do zdalnego sterowania,Piloty do zdalnego sterowania
Gry i zabawki,Zabawki ogrodowe,Piłki,Piłki
Sport i Turystyka,Koszykówka,Piłki,Piłki
Sport i Turystyka,Piłka nożna i siatkówka,Piłki,Piłki
Sport i Turystyka,Siatkówka,Piłki,Piłki
Sport i Turystyka,Siłownia i fitness,Piłki do ćwiczeń,Piłki
"Dom, Warsztat i Ogród",Narzędzia i urządzenia akumulatorowe,Piły szablaste,Piły 
"Dom, Warsztat i Ogród",Narzędzia i urządzenia elektryczne,Piły taśmowe,Piły 
"Dom, Warsztat i Ogród",Narzędzia i urządzenia spalinowe,Pilarki łańcuchowe,Piły 
"Dom, Warsztat i Ogród",Narzędzia i urządzenia spalinowe,Piły spalinowe,Piły 
Zdrowie i Uroda,Erotyka,Piórka do łaskotania,Piórka do łaskotania
Materiały eksploatacyjne i artykuły szkolno-biurow,Artykuły biurowe,Piórniki,Piórniki
Militaria,Survival,Pirotechnika sygnalizacyjna,Pirotechnika sygnalizacyjna
"Dom, Warsztat i Ogród",Materiały budowlane i instalacyjne,Kredy traserskie,Pisaki
"Dom, Warsztat i Ogród",Materiały budowlane i instalacyjne,Markery,Pisaki
"Dom, Warsztat i Ogród",Materiały budowlane i instalacyjne,Ołówki stolarskie,Pisaki
Materiały eksploatacyjne i artykuły szkolno-biurow,Artykuły biurowe,Przybory do pisania (długopisy i pióra),Pisaki
"Dom, Warsztat i Ogród",Narzędzia i przybory malarsko-lakiernicze,Pistolety lakiernicze,Pistolety przemysłowe
"Dom, Warsztat i Ogród",Narzędzia i urządzenia akumulatorowe,Pistolety do kleju i pianek,Pistolety przemysłowe
"Dom, Warsztat i Ogród",Narzędzia i urządzenia elektryczne,Pistolety do kleju,Pistolety przemysłowe
"Dom, Warsztat i Ogród",Narzędzia i urządzenia pneumatyczne,Pistolety,Pistolety przemysłowe
"Dom, Warsztat i Ogród",Nawadnianie i opryskiwanie,Pistolety i końcówki zraszające,Pistolety przemysłowe
Motoryzacja,Warsztat samochodowy,Pistolety do pomopowania kół,Pistolety przemysłowe
Motoryzacja,Warsztat samochodowy,Pistolety lakiernicze,Pistolety przemysłowe
Gry i zabawki,Zabawki ogrodowe,"Pistolety, wyrzutnie, karabiny","Pistolety, wyrzutnie, karabiny dla dzieci"
Gry i zabawki,Zabawki ogrodowe,Place zabaw,Place zabaw
"Dom, Warsztat i Ogród",Materiały budowlane i instalacyjne,Plandeki,Plandeki
Enterprise i produkty serwerowe,Platformy serwerowe,Platformy serwerowe RACK,Platformy serwerowe RACK
Enterprise i produkty serwerowe,Platformy serwerowe,Platformy serwerowe TOWER,Platformy serwerowe TOWER
Digital Signage & Business TV,Playery DS,Playery DS,Playery DS
Fotografia i film,"Torby, plecaki, etui",Plecaki,Plecaki
Sport i Turystyka,Bagaż,Plecaki,Plecaki
Sport i Turystyka,Triathlon,"Plecaki, torby i walizki",Plecaki
Sport i Turystyka,Wspinaczka,Plecaki,Plecaki
Gry i zabawki,Pluszaki,Interaktywne,Pluszaki
Gry i zabawki,Pluszaki,Kukiełki i pacynki,Pluszaki
Gry i zabawki,Pluszaki,Maskotki,Pluszaki
Gry i zabawki,Pluszaki,Maskotki z bajek,Pluszaki
Militaria,Odzież,Płaszcze przeciwdeszczowe,Płaszcze 
"Obuwie, odzież i galanteria",Klasyka,Płaszcze i peleryny,Płaszcze i peleryny
"Obuwie, odzież i galanteria",Kolarstwo,Peleryny,Płaszcze i peleryny
"Dom, Warsztat i Ogród",Rękodzieło,Płótna,Płótna
"Dom, Warsztat i Ogród",Materiały budowlane i instalacyjne,Płyty laminowane,Płyty budowlane
"Dom, Warsztat i Ogród",Materiały budowlane i instalacyjne,Płyty surowe,Płyty budowlane
Enterprise i produkty serwerowe,Płyty główne,Płyty główne serwerowe AMD,Płyty główne
Enterprise i produkty serwerowe,Płyty główne,Płyty główne serwerowe INTEL,Płyty główne
IT,Płyty główne,Płyty główne - dodatki,Płyty główne
IT,Płyty główne,Płyty główne Socket-1150,Płyty główne
IT,Płyty główne,Płyty główne Socket-1151,Płyty główne
IT,Płyty główne,Płyty główne Socket-1155,Płyty główne
IT,Płyty główne,Płyty główne Socket-1200,Płyty główne
IT,Płyty główne,Płyty główne Socket-1366,Płyty główne
IT,Płyty główne,Płyty główne Socket-1700,Płyty główne
IT,Płyty główne,Płyty główne Socket-1851,Płyty główne
IT,Płyty główne,Płyty główne Socket-2011,Płyty główne
IT,Płyty główne,Płyty główne Socket-2066,Płyty główne
IT,Płyty główne,Płyty główne Socket-3647,Płyty główne
IT,Płyty główne,Płyty główne Socket-4094,Płyty główne
IT,Płyty główne,Płyty główne Socket-AM1,Płyty główne
IT,Płyty główne,Płyty główne Socket-AM3 (AMD64),Płyty główne
IT,Płyty główne,Płyty główne Socket-AM4,Płyty główne
IT,Płyty główne,Płyty główne Socket-AM5,Płyty główne
IT,Płyty główne,Płyty główne Socket-FM1,Płyty główne
IT,Płyty główne,Płyty główne Socket-FM2,Płyty główne
IT,Płyty główne,Płyty główne Socket-sTR5,Płyty główne
IT,Płyty główne,Płyty główne Socket-sTRX4,Płyty główne
IT,Płyty główne,Płyty główne Socket-sWRX8,Płyty główne
IT,Płyty główne,Płyty główne Socket-TR4,Płyty główne
Sieci i systemy zabezpieczeń,Systemy Sygnalizacji Pożarowej,Płyty główne,Płyty główne
AGD,AGD - Produkty,Płyty grzejne do zabudowy,Płyty grzejne
AGD,AGD - Produkty,Podajniki do folii i papieru,Podajniki do folii i papieru
AGD,AGD - Produkty,Podgrzewacze do butelek,Podgrzewacze
AGD,AGD - Produkty,Podgrzewacze do potraw,Podgrzewacze
Dziecko i matka,Karmienie,Podgrzewacze do butelek,Podgrzewacze
"Dom, Warsztat i Ogród",Narzędzia i urządzenia akumulatorowe,Podkaszarki,Podkaszarki
"Dom, Warsztat i Ogród",Narzędzia i urządzenia elektryczne,Podkaszarki,Podkaszarki
"Gaming: Konsole, Gry i Akcesoria",Gaming PC,Podkładki pod myszkę,Podkładki
Materiały eksploatacyjne i artykuły szkolno-biurow,Artykuły biurowe,Podkładki pod myszkę,Podkładki
Materiały eksploatacyjne i artykuły szkolno-biurow,Ergonomia użytkowania,Podkładki do siedzenia,Podkładki
Materiały eksploatacyjne i artykuły szkolno-biurow,Ergonomia użytkowania,Podkładki pod nadgarstki,Podkładki
IT,Peryferia,Podkładki pod myszkę,Podkładki 
Dziecko i matka,Mebelki,Podkłady do przewijania,Podkłady
Dziecko i matka,Mebelki,Podkłady nieprzemakalne,Podkłady
Dla seniora,Sypialnia,Podkłady i prześcieradła nieprzemakalne,Podkłady i prześcieradła nieprzemakalne
Enterprise i produkty serwerowe,Sieci - Data Center,Podłogi podniesione,Podłogi podniesione
Sieci i systemy zabezpieczeń,Data Center,Podłogi podniesione,Podłogi podniesione
Dla zwierząt,Akwarystyka,Podłoża,Podłoża
Dla zwierząt,Dla małych zwierząt,Podłoża i trociny,Podłoża i trociny
Dla zwierząt,Dla zwierząt hodowlanych,Podłoża i trociny,Podłoża i trociny
Dla zwierząt,Ptaki,Piasek,Podłoża i trociny
"Dom, Warsztat i Ogród",Narzędzia i urządzenia ręczne,Podnośniki hydrauliczne,Podnośniki hydrauliczne
Motoryzacja,Warsztat samochodowy,Podnośniki hydrauliczne,Podnośniki hydrauliczne
Dla seniora,Poruszanie,Podnośniki i Pionizatory,Podnośniki i Pionizatory
Dla seniora,Łazienka i toaleta,Podnośniki wannowe,Podnośniki wannowe
Materiały eksploatacyjne i artykuły szkolno-biurow,Ergonomia użytkowania,Podnóżki,Podnóżki
Zdrowie i Uroda,Do higieny i pielęgnacji,Podpaski i tampony,Podpaski i tampony
"Dom, Warsztat i Ogród",Narzędzia i urządzenia ręczne,Podpórki / kobyłki,Podpórki / kobyłki
Dla seniora,Łazienka i toaleta,Podpórki do wstawania z sedesu,Podpórki i poręcze
Dla seniora,Łazienka i toaleta,Poręcze dla niepełnosprawnych,Podpórki i poręcze
Materiały eksploatacyjne i artykuły szkolno-biurow,Ergonomia użytkowania,Podpórki pod plecy,Podpórki pod plecy
Dla seniora,Wózki i balkoniki,Podpórki trójkołowe,Podpórki trójkołowe
IT,"Notebooki, laptopy, ultrabooki",Podstawki pod notebooki,Podstawki
Materiały eksploatacyjne i artykuły szkolno-biurow,Ergonomia użytkowania,Podstawki pod notebooka,Podstawki
IT,Chłodzenie,Podstawki pod notebooki,Podstawki 
Materiały eksploatacyjne i artykuły szkolno-biurow,Ergonomia użytkowania,Podstawki pod monitor,Podstawki 
Digital Signage & Business TV,Monitory profesjonalne LFD/LCD,Podstawki i stelaże,Podstawki i stelaże
IT,Systemy audiowizualne,Podstawki i stelaże,Podstawki i stelaże
"Dom, Warsztat i Ogród",Aparaty elektryczne,Podstawy bezpiecznikowe,Podstawy bezpiecznikowe
Odnawialne źródła energii,Aparaty elektryczne,Podstawy bezpiecznikowe,Podstawy bezpiecznikowe
"Dom, Warsztat i Ogród",Architektura ogrodowa,Podstawy pod parasole,Podstawy pod parasole
Dla seniora,Pomoce codzienne,Poduszki obrotowe,Poduszki
Dla seniora,Wózki i balkoniki,Poduszki na wóżek inwalidzki,Poduszki
Dla seniora,Sypialnia,Poduszki ortopedyczne,Poduszki ortopedyczne
Gry i zabawki,Pojazdy,Budowlane,Pojazdy dziecięce
Gry i zabawki,Pojazdy,Garaże i tory,Pojazdy dziecięce
Gry i zabawki,Pojazdy,Kolejki i akcesoria,Pojazdy dziecięce
Gry i zabawki,Pojazdy,Modele do sklejania,Pojazdy dziecięce
Gry i zabawki,Pojazdy,Motocykle,Pojazdy dziecięce
Gry i zabawki,Pojazdy,Samochody,Pojazdy dziecięce
Gry i zabawki,Pojazdy,Samoloty i statki,Pojazdy dziecięce
Gry i zabawki,Pojazdy,Traktory i maszyny rolnicze,Pojazdy dziecięce
Gry i zabawki,Pojazdy,Wojskowe,Pojazdy dziecięce
Gry i zabawki,Pojazdy,Zdalnie sterowane,Pojazdy dziecięce
Gry i zabawki,Zabawki dla najmłodszych (0-3 lata),Pojazdy,Pojazdy dziecięce
Gry i zabawki,Sport i rekreacja,Pojazdy elektryczne,Pojazdy elektryczne
Gry i zabawki,Sport i rekreacja,Quady na pedały,Pojazdy na pedały
Gry i zabawki,Sport i rekreacja,Samochody na pedały,Pojazdy na pedały
AGD,AGD - Produkty,Pojemniki do zlewów,Pojemniki
AGD,AGD - Produkty,Pojemniki na środki czyszczące,Pojemniki
AGD,AGD - Produkty,Pojemniki na żywność,Pojemniki
Dla seniora,Pomoce codzienne,Pojemniki i kasetki na leki,Pojemniki
"Dom, Warsztat i Ogród",Narzędzia - osprzęt,Pojemniki na pył,Pojemniki
"Dom, Warsztat i Ogród",Narzędzia i przybory malarsko-lakiernicze,Pojemniki do farb,Pojemniki
"Dom, Warsztat i Ogród",Sprzątanie i pielęgnacja domu,Pojemniki na środki czyszczące,Pojemniki
"Dom, Warsztat i Ogród",Sprzątanie i pielęgnacja domu,Pojemniki uniwersalne,Pojemniki
Dziecko i matka,Karmienie,Przechowywanie pokarmu,Pojemniki
IT,Nośniki i akcesoria,Pudełka i akcesoria na nośniki,Pojemniki
Sport i Turystyka,Kemping,Pojemniki na paliwo,Pojemniki 
"Dom, Warsztat i Ogród",Nawadnianie i opryskiwanie,Pojemniki na deszczówkę,pojemniki przemysłowe
Dla zwierząt,Akwarystyka,Pokarm,Pokarm
Instrumenty muzyczne,Akcesoria do instrumentów,Pokrowce,Pokrowce
Motoryzacja,Wyposażenie,Osłony na fotele,Pokrowce
Motoryzacja,Wyposażenie,Osłony na okno,Pokrowce
Sport i Turystyka,Rowery i akcesoria,Pokrowce,Pokrowce
Enterprise i produkty serwerowe,Sieci - Data Center,Pokrywy dachowe do alejek,Pokrywy dachowe do alejek
Sieci i systemy zabezpieczeń,Data Center,Pokrywy dachowe do alejek,Pokrywy dachowe do alejek
Fotografia i film,Drony,Pokrywy ochronne,Pokrywy ochronne
Militaria,Odzież,Polary,Polary
AGD,AGD - Produkty,Polerki do obuwia,Polerki
"Dom, Warsztat i Ogród",Narzędzia i urządzenia akumulatorowe,Polerki,Polerki
"Dom, Warsztat i Ogród",Narzędzia i urządzenia elektryczne,Polerki,Polerki
Dla seniora,Diagnostyka,Pomiar składu ciała,Pomiar składu ciała
Sport i Turystyka,Akcesoria sportowe i turystyczne,Pomiar uderzenia,Pomiar uderzenia
Dla seniora,Pomoce codzienne,Pomoce do ubierania,Pomoce do ubierania
Motoryzacja,Wyposażenie,Pompki,Pompki
Sport i Turystyka,Akcesoria sportowe i turystyczne,Pompki,Pompki
Sport i Turystyka,Rowery i akcesoria,Pompki,Pompki
Sport i Turystyka,Kemping,Pompki do materacy,Pompki 
Zdrowie i Uroda,Erotyka,Pompki do penisa,Pompki do penisa
Dla zwierząt,Akwarystyka,Pompy,Pompy
"Dom, Warsztat i Ogród",Narzędzia i urządzenia akumulatorowe,Pompy,Pompy
"Dom, Warsztat i Ogród",Narzędzia i urządzenia elektryczne,Pompy,Pompy
"Dom, Warsztat i Ogród",Narzędzia i urządzenia ręczne,Pompy,Pompy
"Dom, Warsztat i Ogród",Nawadnianie i opryskiwanie,Pompy,Pompy
Motoryzacja,Części zamienne do samochodów,Pompy,Pompy
"Dom, Warsztat i Ogród",Pompy ciepła,Jednostki wewnętrzne,Pompy ciepła
"Dom, Warsztat i Ogród",Pompy ciepła,Jednostki zewnętrzne,Pompy ciepła
"Dom, Warsztat i Ogród",Pompy ciepła,Monoblok,Pompy ciepła
"Dom, Warsztat i Ogród",Pompy ciepła,Split,Pompy ciepła
"Dom, Warsztat i Ogród",Pompy ciepła,Z zintegrowanym zasobnikiem C.W.U.,Pompy ciepła
"Dom, Warsztat i Ogród",Pompy ciepła,Zasobniki C.W.U.,Pompy ciepła
"Dom, Warsztat i Ogród",Pompy ciepła,Zbiorniki buforowe,Pompy ciepła
Odnawialne źródła energii,Pompy ciepła,Jednostki wewnętrzne,Pompy ciepła
Odnawialne źródła energii,Pompy ciepła,Jednostki zewnętrzne,Pompy ciepła
Odnawialne źródła energii,Pompy ciepła,Monoblok,Pompy ciepła
Odnawialne źródła energii,Pompy ciepła,Split,Pompy ciepła
Odnawialne źródła energii,Pompy ciepła,Z zintegrowanym zasobnikiem C.W.U.,Pompy ciepła
Sport i Turystyka,Nad wodę,Pontony,Pontony
Dla seniora,Sypialnia,Poręcze do łóżka,Poręcze do łóżka
Dla seniora,Poruszanie,Akcesoria do kul i lasek,Porozbijać po kategoriach
Dla seniora,Poruszanie,Poruszanie kończyn,Porozbijać po kategoriach
Dla seniora,Pomoce codzienne,Czas wolny i gry,Porozbijać po kategoriach 
Dla seniora,Pomoce codzienne,Gadżety do domu,Porozbijać po kategoriach 
Dla seniora,Pomoce codzienne,Narzędzia ogrodnicze,Porozbijać po kategoriach 
Dla seniora,Pomoce codzienne,Produkty rozgrzewające,Porozbijać po kategoriach 
"Obuwie, odzież i galanteria",Galanteria i dodatki,Portfele,Portfele
Fotografia i film,Zasilanie,Powerbanki,Powerbanki
IT,Tablety,Powerbanki,Powerbanki
Telekomunikacja,Akcesoria GSM,Powerbanki,Powerbanki
Zasilanie,Zasilanie do telefonów,Powerbanki,Powerbanki
Zdrowie i Uroda,Erotyka,Powerbanki i baterie,Powerbanki
Sieci i systemy zabezpieczeń,Komunikacja i łączność,PowerLine – Home Plug,PowerLine – Home Plug
Zdrowie i Uroda,Erotyka,Powiększanie penisa,Powiększanie penisa
Zdrowie i Uroda,Erotyka,"Powiększanie piersi, pośladków","Powiększanie piersi, pośladków"
"Dom, Warsztat i Ogród",Urządzenia pomiarowe,Poziomice,Poziomice
Digital Signage & Business TV,Telewizja hotelowa,Półki pod sprzęt RTV,Półki
RTV,Telewizory i akcesoria,Półki pod sprzęt RTV,Półki
Sieci i systemy zabezpieczeń,Szafy rack,Półki,Półki
AGD,AGD - Produkty,Pralki do zabudowy,Pralki
AGD,AGD - Produkty,Pralki wolnostojące,Pralki
AGD,AGD - Produkty,Pralko-suszarki do zabudowy,Pralko-suszarki
AGD,AGD - Produkty,Pralko-suszarki wolnostojące,Pralko-suszarki
Zdrowie i Uroda,Erotyka,Prezerwatywy,Prezerwatywy
Sieci i systemy zabezpieczeń,Akcesoria sieciowe,Print Serwery,Print Serwery
Sieci i systemy zabezpieczeń,Komunikacja i łączność,PrintSerwer - Serwery wydruku,PrintSerwer
Militaria,Strzelectwo,Proce i akcesoria,Proce
Enterprise i produkty serwerowe,Procesory,Procesory AMD Epyc,Procesory
Enterprise i produkty serwerowe,Procesory,Procesory AMD Threadripper,Procesory
Enterprise i produkty serwerowe,Procesory,Procesory dedykowane,Procesory
Enterprise i produkty serwerowe,Procesory,Procesory Intel Xeon,Procesory
IT,Procesory,Procesory AM4,Procesory
IT,Procesory,Procesory AMD APU,Procesory
IT,Procesory,Procesory AMD Athlon,Procesory
IT,Procesory,Procesory AMD Epyc,Procesory
IT,Procesory,Procesory AMD Ryzen,Procesory
IT,Procesory,Procesory AMD Threadripper,Procesory
IT,Procesory,Procesory Intel Celeron,Procesory
IT,Procesory,Procesory Intel Core i3,Procesory
IT,Procesory,Procesory Intel Core i5,Procesory
IT,Procesory,Procesory Intel Core i7,Procesory
IT,Procesory,Procesory Intel Core i9,Procesory
IT,Procesory,Procesory Intel Pentium Dual-Core,Procesory
IT,Procesory,Procesory Intel Xeon,Procesory
Instrumenty muzyczne,Nagłośnienie,Procesory Audio,Procesory Audio
Artykuły spożywcze,Żywność dla dzieci,Produkty bezmleczne,Produkty bezmleczne
Dziecko i matka,Żywność dla dzieci,Produkty bezmleczne,Produkty bezmleczne
Artykuły spożywcze,Produkty mączne,Do wypieku,produkty mączne
Artykuły spożywcze,Produkty mączne,Gotowe,produkty mączne
Artykuły spożywcze,Żywność dla dzieci,Produkty mleczne,Produkty mleczne
Dziecko i matka,Żywność dla dzieci,Produkty mleczne,Produkty mleczne
Zdrowie i Uroda,Fizjoterapia i rehabilitacja,Produkty obciążeniowe,Produkty obciążeniowe
Dla seniora,Nowoczesny senior,Produkty z konopii,Produkty z konopii
"Dom, Warsztat i Ogród",Oświetlenie,Profile do taśm LED,Profile
Digital Signage & Business TV,Projektory i tablice,Projektory biznesowe,Projektory
Digital Signage & Business TV,Projektory i tablice,Projektory do kina domowego,Projektory
Digital Signage & Business TV,Projektory i tablice,Projektory laserowe,Projektory
IT,Systemy audiowizualne,Projektory biznesowe,Projektory
IT,Systemy audiowizualne,Projektory do kina domowego,Projektory
IT,Systemy audiowizualne,Projektory laserowe,Projektory
Materiały eksploatacyjne i artykuły szkolno-biurow,Prezentacja wizualna,Projektory multimedialne,Projektory
Materiały eksploatacyjne i artykuły szkolno-biurow,Prezentacja wizualna,Projektory multimedialne - akcesoria,Projektory
Materiały eksploatacyjne i artykuły szkolno-biurow,Prezentacja wizualna,Projektory multimedialne - lampy,Projektory
RTV,Projektory i akcesoria,Projektory biznesowe,Projektory
RTV,Projektory i akcesoria,Projektory do kina domowego,Projektory
RTV,Projektory i akcesoria,Projektory laserowe,Projektory
AGD,AGD - Produkty,Prostownice do włosów,Prostownice do włosów
Motoryzacja,Elektryka samochodowa,Prostowniki,Prostowniki
Zdrowie i Uroda,Erotyka,Przebrania i dodatki,Przebrania
AGD,Wyposażenie,Przechowywanie żywności,Przechowywanie żywności
Odnawialne źródła energii,Fotowoltaika,Przeciwpożarowe wyłączniki bezpieczeństwa,Przeciwpożarowe wyłączniki bezpieczeństwa
"Dom, Warsztat i Ogród",Narzędzia i urządzenia elektryczne,Przedłużacze bębnowe,Przedłużacze
Zasilanie,Listwy i przedłużacze,Przedłużacze elektryczne,Przedłużacze elektryczne
Enterprise i produkty serwerowe,KVM,Przełączniki,Przełączniki
Enterprise i produkty serwerowe,KVM,Przełączniki LCD,Przełączniki
Enterprise i produkty serwerowe,KVM,Przełączniki video,Przełączniki
IT,Peryferia,Przełączniki do drukarek,Przełączniki
IT,Peryferia,Przełączniki i splitery,Przełączniki
Sieci i systemy zabezpieczeń,Kontrola dostępu,Przyciski wyjścia,Przełączniki
Sieci i systemy zabezpieczeń,KVM,Przełączniki,Przełączniki
Sieci i systemy zabezpieczeń,KVM,Przełączniki LCD,Przełączniki
Zasilanie,Zasilanie awaryjne,Przełączniki ATS,Przełączniki
Motoryzacja,Elektronika i akcesoria,Przetwornice,Przetwornice
Zasilanie,Zasilanie samochodowe,Przetwornice,Przetwornice
Dziecko i matka,Mebelki,Przewijaki,Przewijaki
Dla seniora,Łazienka i toaleta,Przybory do mycia ciała,Przybory do mycia
Dla seniora,Łazienka i toaleta,Przybory do mycia niepełnosprawnego,Przybory do mycia
Dla seniora,Łazienka i toaleta,Przybory sanitarne,Przybory do mycia
"Dom, Warsztat i Ogród",Narzędzia i przybory malarsko-lakiernicze,Folie i osłony malarskie,przybory malarsko-lakiernicze
"Dom, Warsztat i Ogród",Narzędzia i przybory malarsko-lakiernicze,Kuwety i kratki,przybory malarsko-lakiernicze
Sport i Turystyka,Rowery i akcesoria,Przyczepki,Przyczepki
"Dom, Warsztat i Ogród",Nawadnianie i opryskiwanie,Przyłącza kranowe,Przyłącza kranowe
Sport i Turystyka,Łowiectwo i wędkarstwo,Przynęty,Przynęty
Dla seniora,Sprzęt rehabilitacyjny,Przyrządy do ćwiczeń,Przyrządy do ćwiczeń
Dla seniora,Sprzęt rehabilitacyjny,Przyrządy przeciwbólowe,Przyrządy przeciwbólowe
Dla zwierząt,Dla Kota,Przysmaki,Przysmaki
Dla zwierząt,Dla małych zwierząt,Przysmaki,Przysmaki
Dla zwierząt,Dla psa,Przysmaki,Przysmaki
Dla zwierząt,Dla zwierząt hodowlanych,Przysmaki,Przysmaki
Dla zwierząt,Ptaki,Przysmaki,Przysmaki
Materiały eksploatacyjne i artykuły szkolno-biurow,Artykuły pakowe,Pudełka kartonowe,Pudełka
Dziecko i matka,Mebelki,Pufy i poduszki,Pufy i poduszki
Zdrowie i Uroda,Erotyka,Pulsatory,Pulsatory
Dla seniora,Diagnostyka,Pulsoksymetry,Pulsoksymetry
Zdrowie i Uroda,Urządzenia i sprzęt medyczny,Pulsoksymetry,Pulsoksymetry
Sport i Turystyka,Akcesoria sportowe i turystyczne,Pulsometry,Pulsometry
Zdrowie i Uroda,Urządzenia i sprzęt medyczny,Pulsometry,Pulsometry
Enterprise i produkty serwerowe,Rozwiązania sieciowe,Puszki niewyposażone,Puszki
Enterprise i produkty serwerowe,Rozwiązania sieciowe,Puszki wyposażone,Puszki
"Gaming: Konsole, Gry i Akcesoria",Gadżety dla graczy,Puzzle,Puzzle
Gry i zabawki,Puzzle,3D i 4D,Puzzle
Gry i zabawki,Puzzle,Drewniane,Puzzle
Gry i zabawki,Puzzle,Magnetyczne,Puzzle
Gry i zabawki,Puzzle,Piankowe,Puzzle
Gry i zabawki,Puzzle,Tradycyjne,Puzzle
Militaria,Samoobrona,Race i flary,Race i flary
IT,Chłodzenie,Chłodzenie RAM,Radiator
RTV,Odtwarzacze audio-video,Radiobudziki,Radiobudziki
RTV,Odtwarzacze audio-video,Radioodbiorniki i boomboxy,Radioodbiorniki i boomboxy
Motoryzacja,Car audio,Radioodtwarzacze,Radioodtwarzacze
RTV,Car audio,Radioodtwarzacze samochodowe,Radioodtwarzacze
Sport i Turystyka,Wspinaczka,Raki,Raki
Sport i Turystyka,Badminton,Rakiety,Rakiety
Sport i Turystyka,Squash,Rakiety,Rakiety
Sport i Turystyka,Tenis,Rakiety,Rakiety
Sport i Turystyka,Tenis stołowy,Rakietki,Rakiety
Sport i Turystyka,Wspinaczka,Rakiety śnieżne,Rakiety śnieżne
Digital Signage & Business TV,Mediaporty,Ramki,Ramki
Fotografia i film,Ramki,Oprawy zdjęć,Ramki
Fotografia i film,Ramki,Ramki cyfrowe,Ramki
IT,Mediaporty,Ramki,Ramki
Enterprise i produkty serwerowe,Obudowy i akcesoria,Ramki do dysków,Ramki do dysków
Sport i Turystyka,Skating i deskorolki,Rampy,Rampy
Dla seniora,Poruszanie,Rampy progowe i podjazdowe,Rampy progowe i podjazdowe
Odnawialne źródła energii,Fotowoltaika,Regulatory ładowania,Regulatory ładowania
Instrumenty muzyczne,Rejestratory dźwięku,Rejestratory przenośne,Rejestratory
Sieci i systemy zabezpieczeń,CCTV Analog,Rejestratory,Rejestratory
Sieci i systemy zabezpieczeń,CCTV Analog HD,Rejestratory,Rejestratory
Sieci i systemy zabezpieczeń,CCTV IP,Rejestratory,Rejestratory
Urządzenia sklepowe,Auto ID,Rejestratory czasu pracy,Rejestratory czasu pracy
"Dom, Warsztat i Ogród",Akcesoria do domu,Relingi,Relingi
Sieci i systemy zabezpieczeń,Komunikacja i łączność,Repeatery,Repeatery
Sieci i systemy zabezpieczeń,Systemy Wi-Fi,Repeatery,Repeatery
Sieci i systemy zabezpieczeń,Systemy Sygnalizacji Pożarowej,Ręczne Ostrzegacze,Ręczne Ostrzegacze
Sport i Turystyka,Pływanie,Ręczniki,Ręczniki
"Dom, Warsztat i Ogród",Sprzątanie i pielęgnacja domu,Papier toaletowy,"Ręczniki papierowe, chusteczki higieniczne"
"Dom, Warsztat i Ogród",Sprzątanie i pielęgnacja domu,"Ręczniki papierowe, chusteczki higieniczne, serwet","Ręczniki papierowe, chusteczki higieniczne"
"Dom, Warsztat i Ogród",Odzież ochronna i BHP,Rękawice,Rękawice
"Dom, Warsztat i Ogród",Sprzątanie i pielęgnacja domu,Rękawice,Rękawice
Motoryzacja,Odzież,Rękawice,Rękawice
"Obuwie, odzież i galanteria",Odzież ochronna i BHP,Rękawice,Rękawice
Sport i Turystyka,Boks,Rękawice,Rękawice
Sport i Turystyka,Narciarstwo,Rękawice,Rękawice
Sport i Turystyka,Piłka nożna i siatkówka,Rękawice,Rękawice
Sport i Turystyka,Siłownia i fitness,Rękawice,Rękawice
Dla seniora,Diagnostyka,Rękawice jednorazowe,Rękawice jednorazowe
Dla seniora,Pomoce codzienne,Rękawice ochronne,Rękawice ochronne
Militaria,Odzież,Rękawiczki,Rękawiczki
"Obuwie, odzież i galanteria",Bieganie,Rękawiczki,Rękawiczki
"Obuwie, odzież i galanteria",Klasyka,Rękawiczki,Rękawiczki
"Obuwie, odzież i galanteria",Kolarstwo,Rękawiczki,Rękawiczki
"Obuwie, odzież i galanteria",Motoryzacja,Rękawice,Rękawiczki
"Obuwie, odzież i galanteria",Narciarstwo,Rękawice,Rękawiczki
"Obuwie, odzież i galanteria",Piłka nożna i siatkówka,Rękawice,Rękawiczki
"Obuwie, odzież i galanteria",Siłownia i fitness,Rękawice,Rękawiczki
Sport i Turystyka,Do biegania,Rękawiczki,Rękawiczki
Sport i Turystyka,Rowery i akcesoria,Rękawiczki,Rękawiczki
Enterprise i produkty serwerowe,Obudowy i akcesoria,Riser Card,Riser Card
"Dom, Warsztat i Ogród",Narzędzia i urządzenia akumulatorowe,Roboty koszące,Roboty koszące
AGD,AGD - Produkty,Roboty kuchenne,Roboty kuchenne
AGD,AGD - Produkty,Roboty sprzątające,Roboty sprzątające
Zdrowie i Uroda,Do higieny i pielęgnacji,Do frezarek - rolki,rolki
Materiały eksploatacyjne i artykuły szkolno-biurow,Artykuły papiernicze,Rolki faksowe,Rolki papierowe
Materiały eksploatacyjne i artykuły szkolno-biurow,Artykuły papiernicze,Rolki kasowe,Rolki papierowe
Gry i zabawki,Sport i rekreacja,"Rolki, wrotki","Rolki, wrotki"
Sport i Turystyka,Skating i deskorolki,"Rolki, wrotki","Rolki, wrotki"
Dla seniora,Sprzęt rehabilitacyjny,Rotory do ćwiczeń rąk i nóg,Rotory do ćwiczeń rąk i nóg
IT,Outlet,Routery,Routery
Sieci i systemy zabezpieczeń,Komunikacja i łączność,Routery,Routery
Sieci i systemy zabezpieczeń,Komunikacja i łączność,Routery 3G/4G/5G,Routery
Sieci i systemy zabezpieczeń,Routery,Routery,Routery
Sieci i systemy zabezpieczeń,Routery,Routery 3G/4G/5G,Routery
Telekomunikacja,Transmisja danych,Routery 3G/4G/5G,Routery
Gry i zabawki,Sport i rekreacja,Rowery dziecięce,Rowery
Sport i Turystyka,Rowery i akcesoria,Rowery,Rowery
Dla seniora,Poruszanie,Rowery rehabilitacyjne trójkołowe,Rowery rehabilitacyjne
Sport i Turystyka,Siłownia i fitness,Rowery treningowe,Rowery treningowe
"Dom, Warsztat i Ogród",Narzędzia i urządzenia elektryczne,Rozdrabniarki,Rozdrabniarki
"Dom, Warsztat i Ogród",Narzędzia i urządzenia elektryczne,Rozdrabniarki,Rozdrabniarki
Zasilanie,Listwy i przedłużacze,Rozgałęziacze zasilania,Rozgałęziacze
"Dom, Warsztat i Ogród",Aparaty elektryczne,Rozłączniki izolacyjne,Rozłączniki izolacyjne
Odnawialne źródła energii,Aparaty elektryczne,Rozłączniki izolacyjne,Rozłączniki izolacyjne
Enterprise i produkty serwerowe,Storage,Rozszerzenia do macierzy (półki dyskowe),Rozszerzenia do macierzy
Sieci i systemy zabezpieczeń,Storage,Rozszerzenia do macierzy (półki dyskowe),Rozszerzenia do macierzy
Materiały eksploatacyjne i artykuły szkolno-biurow,Artykuły biurowe,Rozszywacze,Rozszywacze
IT,Tablety,Rysiki,Rysiki
Artykuły spożywcze,"Ryże, makarony, kasze",Kasze,"Ryże, makarony, kasze"
Artykuły spożywcze,"Ryże, makarony, kasze",Makarony,"Ryże, makarony, kasze"
Artykuły spożywcze,"Ryże, makarony, kasze",Ryże,"Ryże, makarony, kasze"
IT,Systemy audiowizualne,Rzutniki pisma,Rzutniki pisma
Materiały eksploatacyjne i artykuły szkolno-biurow,Prezentacja wizualna,Rzutniki pisma,Rzutniki pisma
AGD,Wyposażenie,Salaterki i półmiski,Salaterki i półmiski
Motoryzacja,Elektronika i akcesoria,Samochodowe odtwarzacze DVD,Samochodowe odtwarzacze DVD
Motoryzacja,Car audio,Samochodowe radioodtwarzacze video,Samochodowe radioodtwarzacze video
RTV,Car audio,Samochodowe radioodtwarzacze video,Samochodowe radioodtwarzacze video
Sieci i systemy zabezpieczeń,Kontrola dostępu,Samozamykacze,Samozamykacze
Gry i zabawki,Sport i rekreacja,Sanki,Sanki
"Obuwie, odzież i galanteria",Galanteria i dodatki,Saszetki i nerki,Saszetki i nerki
Sport i Turystyka,Akcesoria sportowe i turystyczne,Saszetki i nerki,Saszetki i nerki
AGD,AGD - Produkty,Saturatory,Saturatory
Dla seniora,Łazienka i toaleta,Schodki do wanny,Schodki do wanny
Dla seniora,Poruszanie,Schodołazy,Schodołazy
Materiały eksploatacyjne i artykuły szkolno-biurow,Przechowywanie dokumentów,Segregatory,Segregatory i skoroszyty
Materiały eksploatacyjne i artykuły szkolno-biurow,Przechowywanie dokumentów,Skoroszyty,Segregatory i skoroszyty
Materiały eksploatacyjne i artykuły szkolno-biurow,Artykuły biurowe,Sejfy i kasetki,Sejfy i kasetki
"Dom, Warsztat i Ogród",Narzędzia i urządzenia akumulatorowe,Sekatory,Sekatory
Enterprise i produkty serwerowe,Serwery i stacje robocze,Serwery dedykowane,Serwery
Enterprise i produkty serwerowe,Serwery i stacje robocze,Serwery Rack,Serwery
Enterprise i produkty serwerowe,Serwery i stacje robocze,Serwery Tower,Serwery
Zdrowie i Uroda,Erotyka,Sex Machine,Sex Machine
Sport i Turystyka,Badminton,Siatki,Siatki
RTV,Odtwarzacze audio-video,Sieciowe odtwarzacze multimediów,Sieciowe odtwarzacze multimediów
Dla seniora,Łazienka i toaleta,Siedziska wannowe,Siedziska wannowe
"Dom, Warsztat i Ogród",Narzędzia i urządzenia ręczne,Siewniki ogrodowe,Siewniki ogrodowe
Fotografia i film,Drony,Silniki,Silniki
Motoryzacja,Części i akcesoria do łodzi,Silniki,Silniki
Sport i Turystyka,Nad wodę,Silniki,Silniki
Sport i Turystyka,Rowery i akcesoria,Siodełka,Siodełka
"Dom, Warsztat i Ogród",Narzędzia i urządzenia ręczne,Siodełka glazurnicze,Siodełka glazurnicze
Sport i Turystyka,Siłownia i fitness,Skakanki,Skakanki
IT,Peryferia,Skanery,Skanery
Sieci i systemy zabezpieczeń,Kontrola dostępu,Skanery twarzy,Skanery twarzy
Urządzenia sklepowe,Auto ID,Skanery twarzy,Skanery twarzy
"Obuwie, odzież i galanteria",Kolarstwo,Skarpetki,Skarpetki
Sport i Turystyka,Rowery i akcesoria,Skarpetki,Skarpetki
Dla seniora,Pomoce codzienne,Skarpety zdrowotne,Skarpety
"Dom, Warsztat i Ogród",Odzież ochronna i BHP,Skarpety,Skarpety
"Gaming: Konsole, Gry i Akcesoria",Gadżety dla graczy,Skarpety,Skarpety
Militaria,Odzież,Skarpety,Skarpety
"Obuwie, odzież i galanteria",Bieganie,Skarpety,Skarpety
"Obuwie, odzież i galanteria",Narciarstwo,Skarpety,Skarpety
"Obuwie, odzież i galanteria",Odzież ochronna i BHP,Skarpety,Skarpety
Sport i Turystyka,Do biegania,Skarpety,Skarpety
Sport i Turystyka,Narciarstwo,Skarpety,Skarpety
Odnawialne źródła energii,Fotowoltaika,Skrzynki przyłączeniowe,Skrzynki przyłączeniowe
Sieci i systemy zabezpieczeń,Szafki,Skrzynki rozdzielcze,Skrzynki rozdzielcze
Sieci i systemy zabezpieczeń,Instalacje telekomunikacyjne,Skrzynki telekomunikacyjne,Skrzynki telekomunikacyjne
Dla seniora,Wózki i balkoniki,Skutery inwalidzkie elektryczne,Skutery inwalidzkie elektryczne
Artykuły spożywcze,Słodycze i przekąski,Batony,Słodycze i przekąski
Artykuły spożywcze,Słodycze i przekąski,Ciasta,Słodycze i przekąski
Artykuły spożywcze,Słodycze i przekąski,Ciastka,Słodycze i przekąski
Artykuły spożywcze,Słodycze i przekąski,Czekolady,Słodycze i przekąski
Artykuły spożywcze,Słodycze i przekąski,Gumy do żucia,Słodycze i przekąski
Artykuły spożywcze,Słodycze i przekąski,Krakersy,Słodycze i przekąski
Artykuły spożywcze,Słodycze i przekąski,Orzechy i mieszanki,Słodycze i przekąski
Artykuły spożywcze,Słodycze i przekąski,"Pralinki, czekoladki",Słodycze i przekąski
Artykuły spożywcze,Słodycze i przekąski,Przekąski słodkie,Słodycze i przekąski
Artykuły spożywcze,Słodycze i przekąski,Przekąski słone,Słodycze i przekąski
Artykuły spożywcze,Słodycze i przekąski,Przekąski zbożowe,Słodycze i przekąski
Artykuły spożywcze,Słodycze i przekąski,"Sezamki, chałwa",Słodycze i przekąski
Artykuły spożywcze,Słodycze i przekąski,Żelki,Słodycze i przekąski
AGD,Wyposażenie,Słoiki i butelki,Słoiki i butelki
"Gaming: Konsole, Gry i Akcesoria",Gaming PC,Słuchawki,Słuchawki
"Gaming: Konsole, Gry i Akcesoria",Konsole,Słuchawki,Słuchawki
Instrumenty muzyczne,Mikrofony i słuchawki,Słuchawki,Słuchawki
Instrumenty muzyczne,Sprzęt DJ,Słuchawki DJ,Słuchawki
IT,Peryferia,Słuchawki,Słuchawki
RTV,"Głośniki, kolumny, słuchawki",Słuchawki,Słuchawki
Telekomunikacja,Akcesoria GSM,Słuchawki bluetooth,Słuchawki
Telekomunikacja,Akcesoria GSM,Słuchawki przewodowe,Słuchawki
Telekomunikacja,Radiokomunikacja,Słuchawki,Słuchawki
"Dom, Warsztat i Ogród",Narzędzia i urządzenia akumulatorowe,Smarownice,Smarownice
"Dom, Warsztat i Ogród",Narzędzia i urządzenia pneumatyczne,Smarownice,Smarownice
IT,Outlet,Smartfony,Smartfony
Telekomunikacja,Telefony komórkowe,Smartfony,Smartfony
Dziecko i matka,Opieka,Smoczki i gryzaki,Smoczki i gryzaki
Zdrowie i Uroda,Erotyka,Soft BDSM,Soft BDSM
"Dom, Warsztat i Ogród",Architektura ogrodowa,"Sofy, narożniki",Sofy i fotele
"Dom, Warsztat i Ogród",Meble,Fotele,Sofy i fotele
"Dom, Warsztat i Ogród",Meble,Narożniki,Sofy i fotele
"Dom, Warsztat i Ogród",Meble,Sofy i tapczany,Sofy i fotele
Dziecko i matka,Mebelki,Fotele dziecięce,Sofy i fotele
AGD,AGD - Produkty,Sokowirówki,Sokowirówki
Sport i Turystyka,Łowiectwo i wędkarstwo,Sonary,Sonary i echosondy
Sport i Turystyka,Wspinaczka,Sondy,Sondy
Zdrowie i Uroda,Erotyka,Sondy,Sondy
RTV,"Głośniki, kolumny, słuchawki",Soundbary,Soundbary
Sieci i systemy zabezpieczeń,Światłowody,Spawarki światłowodowe,Spawarki światłowodowe
AGD,AGD - Produkty,Spieniacze do mleka,Spieniacze do mleka
Zdrowie i Uroda,Ozdoby do włosów,"Spinki, klamry, wsuwki","Spinki, klamry, wsuwki"
Sieci i systemy zabezpieczeń,Światłowody,Splitery,Splitery
Digital Signage & Business TV,Monitory profesjonalne LFD/LCD,Splitery i przełączniki video,Splitery i przełączniki video
Sport i Turystyka,Rowery i akcesoria,Spodenki,Spodenki
"Obuwie, odzież i galanteria",Bieganie,Spodenki krótkie,Spodenki krótkie
"Obuwie, odzież i galanteria",Klasyka,Spodnie krótkie,Spodenki krótkie
"Obuwie, odzież i galanteria",Kolarstwo,Spodenki,Spodenki krótkie
Sport i Turystyka,Do biegania,Spodenki krótkie,Spodenki krótkie
"Dom, Warsztat i Ogród",Odzież ochronna i BHP,Spodnie,Spodnie
Militaria,Odzież,Spodnie,Spodnie
"Obuwie, odzież i galanteria",Bieganie,Spodnie długie,Spodnie
"Obuwie, odzież i galanteria",Klasyka,Spodnie długie,Spodnie
"Obuwie, odzież i galanteria",Narciarstwo,Spodnie,Spodnie
"Obuwie, odzież i galanteria",Odzież ochronna i BHP,Spodnie,Spodnie
"Obuwie, odzież i galanteria",Siłownia i fitness,Spodnie,Spodnie
"Obuwie, odzież i galanteria",Wspinaczka,Spodnie,Spodnie
"Obuwie, odzież i galanteria",Łowiectwo i wędkarstwo,Spodnie,Spodnie
Sport i Turystyka,Do biegania,Spodnie długie,Spodnie
Sport i Turystyka,Narciarstwo,Spodnie,Spodnie
Sport i Turystyka,Siłownia i fitness,Spodnie,Spodnie
Sport i Turystyka,Wspinaczka,Spodnie,Spodnie
Sport i Turystyka,Łowiectwo i wędkarstwo,Spodnie,Spodnie
Militaria,Odzież,Spódnice,Spódnice
"Obuwie, odzież i galanteria",Bieganie,Spódnice,Spódnice
Sport i Turystyka,Do biegania,Spódnice,Spódnice
Motoryzacja,Części zamienne do samochodów,Sprężyny,Sprężyny
Sport i Turystyka,Narciarstwo,Sprzęt lawinowy,Sprzęt lawinowy
Fotografia i film,Stabilizatory do kamer i aparatów,Stabilizatory do kamer i aparatów,Stabilizatory
"Dom, Warsztat i Ogród",Narzędzia - osprzęt,Stacje dokujące,Stacje dokujące
"Dom, Warsztat i Ogród",Sprzątanie i pielęgnacja domu,Do odkurzaczy - stacje dokujące,stacje dokujące
"Gaming: Konsole, Gry i Akcesoria",Konsole,Stacje dokujące do kontrolerów,Stacje dokujące
IT,Dyski i akcesoria,Stacje dokujące,Stacje dokujące
IT,"Notebooki, laptopy, ultrabooki",Notebooki - stacje dokujące i replikatory,stacje dokujące
IT,UŻYWANE PRODUKTY IT,Stacje dokujące i replikatory,stacje dokujące
Telekomunikacja,Akcesoria GSM,Stacje dokujące,Stacje dokujące
Motoryzacja,Ładowanie pojazdów elektrycznych,Stacje ładowania AC,Stacje ładowania
Motoryzacja,Ładowanie pojazdów elektrycznych,Stacje ładowania DC,Stacje ładowania
Enterprise i produkty serwerowe,Platformy serwerowe,Stacje robocze,Stacje robocze
Enterprise i produkty serwerowe,Serwery i stacje robocze,Stacje robocze,Stacje robocze
"Dom, Warsztat i Ogród",Architektura ogrodowa,Statywy do ogrzewaczy,Statywy
"Dom, Warsztat i Ogród",Urządzenia pomiarowe,Statywy do dalmierzy,Statywy
Fotografia i film,Statywy i uchwyty,Statywy fotograficzne,Statywy
Militaria,Strzelectwo,Dwójnogi,Statywy
Instrumenty muzyczne,Akcesoria do instrumentów,Statywy i uchwyty,Statywy/Uchwyty
Sport i Turystyka,Siłownia i fitness,Steppery,Steppery
Fotografia i film,Drony,Sterowanie,Sterowanie
Instrumenty muzyczne,Oświetlenie sceniczne,Sterowniki DMX,Sterowniki
Sieci i systemy zabezpieczeń,Systemy Alarmowe,Sterowniki radiowe,Sterowniki radiowe
"Dom, Warsztat i Ogród",Nawadnianie i opryskiwanie,"Sterowniki, programatory","Sterowniki, programatory"
Sieci i systemy zabezpieczeń,Inteligenty dom,Nagłośnienie - sterowanie,"Sterowniki, programatory"
Dla zwierząt,Akwarystyka,Sterylizatory,Sterylizatory
Dziecko i matka,Karmienie,Do dezynfekcji - Sterylizatory,Sterylizatory
Dziecko i matka,Do kąpieli,Stojaki pod wanieniki,Stojaki
Sport i Turystyka,Koszykówka,Stojaki do koszykówki,Stojaki
"Dom, Warsztat i Ogród",Grillowanie,Podstawy do grilli,Stojaki i ruszty
"Dom, Warsztat i Ogród",Grillowanie,Stojaki i ruszty,Stojaki i ruszty
"Dom, Warsztat i Ogród",Narzędzia - osprzęt,Statywy do narzędzi,Stojaki i ruszty
Sport i Turystyka,Kemping,Stoliki,Stoliki
Digital Signage & Business TV,Telewizja hotelowa,Stoliki i szafki pod sprzęt RTV,Stoliki i szafki
RTV,Telewizory i akcesoria,Stoliki i szafki pod sprzęt RTV,Stoliki i szafki pod sprzęt RTV
Dla seniora,Sypialnia,Stoliki i tace do łóżka,Stoliki i tace do łóżka
Enterprise i produkty serwerowe,Storage,Storage - Automatyka,Storage - Automatyka
Sieci i systemy zabezpieczeń,Storage,Storage - Automatyka,Storage - Automatyka
Zdrowie i Uroda,Erotyka,Strap-On,Strap-On
Instrumenty muzyczne,Akcesoria do instrumentów,Stroiki,Stroiki
Gry i zabawki,Odgrywanie ról i przebrania,Stroje i przebrania,Stroje i przebrania
Sport i Turystyka,Pływanie,Stroje kąpielowe,Stroje kąpielowe
Sport i Turystyka,Triathlon,Stroje kompresyjne,Stroje kompresyjne
Sport i Turystyka,Triathlon,Stroje startowe,Stroje startowe
"Dom, Warsztat i Ogród",Narzędzia i urządzenia akumulatorowe,Strugi,Strugi
"Dom, Warsztat i Ogród",Narzędzia i urządzenia elektryczne,Strugi,Strugi
Instrumenty muzyczne,Akcesoria do instrumentów,Struny,Struny
Zdrowie i Uroda,Erotyka,Stymulatory,Stymulatory
Motoryzacja,Car audio,Subwoofery,Subwoofery
RTV,Car audio,Subwoofery samochodowe,Subwoofery
RTV,"Głośniki, kolumny, słuchawki",Subwoofery,Subwoofery
AGD,AGD - Produkty,Suszarki do butów,Suszarki do butów
AGD,AGD - Produkty,"Suszarki do grzybów, warzyw i owoców","Suszarki do grzybów, warzyw i owoców"
AGD,AGD - Produkty,Suszarki do rąk,Suszarki do rąk
AGD,AGD - Produkty,Suszarki do włosów,Suszarki do włosów
AGD,AGD - Produkty,Suszarki wolnostojące,Suszarki do włosów
AGD,AGD - Produkty,Suszarki łazienkowe i wolnostojące,Suszarki do włosów
"Dom, Warsztat i Ogród",Łazienka i toaleta,Suszarki łazienkowe i wolnostojące,Suszarki łazienkowe i wolnostojące
Sport i Turystyka,Siłownia i fitness,Suwnice,Suwnice
Sieci i systemy zabezpieczeń,Komunikacja i łączność,Switch-e,Switche
Sieci i systemy zabezpieczeń,Switch-e,Niezarządzane,Switche
Sieci i systemy zabezpieczeń,Switch-e,Zarządzane,Switche
Enterprise i produkty serwerowe,Storage,Switche SAN,Switche SAN
Enterprise i produkty serwerowe,Storage,Switche SAN dedykowane,Switche SAN
Sieci i systemy zabezpieczeń,Storage,Switche SAN,Switche SAN
Sieci i systemy zabezpieczeń,Storage,Switche SAN dedykowane,Switche SAN
Sieci i systemy zabezpieczeń,Inteligenty dom,Alarm - sygnalizatory,Sygnalizatory
Sieci i systemy zabezpieczeń,Systemy Alarmowe,Sygnalizatory,Sygnalizatory
Sieci i systemy zabezpieczeń,Systemy Sygnalizacji Pożarowej,Sygnalizatory,Sygnalizatory
Instrumenty muzyczne,Nagłośnienie,Symetryzatory sygnału,Symetryzatory sygnału
Sieci i systemy zabezpieczeń,Systemy Alarmowe,System bezprzewodowy ABAX,System bezprzewodowy
Sieci i systemy zabezpieczeń,Systemy Alarmowe,System bezprzewodowy MICRA,System bezprzewodowy
Sieci i systemy zabezpieczeń,Systemy Alarmowe,Zestawy gotowe,Systemy Alarmowe gotowe
Militaria,Survival,Systemy hydracyjne,Systemy hydracyjne
Zdrowie i Uroda,Erotyka,Systemy trakcyjne,Systemy trakcyjne
Materiały eksploatacyjne i artykuły szkolno-biurow,Zestawy do uzupełnień,Systemy uzupełnień,Systemy uzupełnień
Dla seniora,Sypialnia,Szafki przyłóżkowe,Szafki przyłóżkowe
Sieci i systemy zabezpieczeń,Szafy rack,"Ramy stojące 19""",Szafy rack
Sieci i systemy zabezpieczeń,Szafy rack,"Szafy stojące 19""",Szafy rack
Sieci i systemy zabezpieczeń,Szafy rack,"Szafy wiszące 10""/19""",Szafy rack
Enterprise i produkty serwerowe,Sieci - Data Center,Szafy serwerowe 19”,Szafy serwerowe
Enterprise i produkty serwerowe,Szafy rack,Półki,Szafy serwerowe
Enterprise i produkty serwerowe,Szafy rack,"Ramy stojące 19""",Szafy serwerowe
Enterprise i produkty serwerowe,Szafy rack,"Szafy stojące 19""",Szafy serwerowe
Enterprise i produkty serwerowe,Szafy rack,"Szafy wiszące 10""/19""",Szafy serwerowe
Enterprise i produkty serwerowe,Szafy rack,Wsporniki,Szafy serwerowe
Sieci i systemy zabezpieczeń,Data Center,Szafy serwerowe 19”,Szafy serwerowe 
"Obuwie, odzież i galanteria",Narciarstwo,Szaliki,Szaliki
Sport i Turystyka,Narciarstwo,Szaliki,Szaliki
"Dom, Warsztat i Ogród",Urządzenia pomiarowe,Szczelinomierze,Szczelinomierze
Motoryzacja,Warsztat samochodowy,Szczelinomierze,Szczelinomierze
AGD,AGD - Produkty,Szczoteczki do zębów,Szczoteczki do zębów
Zdrowie i Uroda,Do higieny i pielęgnacji,Szczoteczki do zębów,Szczoteczki do zębów
"Dom, Warsztat i Ogród",Sprzątanie i pielęgnacja domu,Szczotki,Szczotki
Zdrowie i Uroda,Do higieny i pielęgnacji,Szczotki do włosów,Szczotki
"Obuwie, odzież i galanteria",Galanteria i dodatki,Szczotki do ubrań,Szczotki 
AGD,AGD - Produkty,Szczotki akumulatorowe,Szczotki akumulatorowe
Zdrowie i Uroda,Fizjoterapia i rehabilitacja,Szelki korekcyjne,Szelki korekcyjne
Dla zwierząt,Dla psa,Szkolenie,Szkolenie
"Dom, Warsztat i Ogród",Ogrodzenia i bramy,Szlabany,Szlabany
"Dom, Warsztat i Ogród",Narzędzia i urządzenia akumulatorowe,Szlifierki kątowe,Szlifierki
"Dom, Warsztat i Ogród",Narzędzia i urządzenia akumulatorowe,Szlifierki mimośrodowe,Szlifierki
"Dom, Warsztat i Ogród",Narzędzia i urządzenia akumulatorowe,Szlifierki oscylacyjne,Szlifierki
"Dom, Warsztat i Ogród",Narzędzia i urządzenia akumulatorowe,Szlifierki uniwersalne,Szlifierki
"Dom, Warsztat i Ogród",Narzędzia i urządzenia akumulatorowe,Szlifierko-polerki,Szlifierki
"Dom, Warsztat i Ogród",Narzędzia i urządzenia elektryczne,Szlifierki kątowe,Szlifierki
"Dom, Warsztat i Ogród",Narzędzia i urządzenia elektryczne,Szlifierki mimośrodowe,Szlifierki
"Dom, Warsztat i Ogród",Narzędzia i urządzenia elektryczne,Szlifierki oscylacyjne,Szlifierki
"Dom, Warsztat i Ogród",Narzędzia i urządzenia elektryczne,Szlifierki proste,Szlifierki
"Dom, Warsztat i Ogród",Narzędzia i urządzenia elektryczne,Szlifierki przegubowe,Szlifierki
"Dom, Warsztat i Ogród",Narzędzia i urządzenia elektryczne,Szlifierki stołowe,Szlifierki
"Dom, Warsztat i Ogród",Narzędzia i urządzenia elektryczne,Szlifierki szczotkowe,Szlifierki
"Dom, Warsztat i Ogród",Narzędzia i urządzenia elektryczne,Szlifierki tarczowo-taśmowe,Szlifierki
"Dom, Warsztat i Ogród",Narzędzia i urządzenia elektryczne,Szlifierki taśmowe,Szlifierki
"Dom, Warsztat i Ogród",Narzędzia i urządzenia elektryczne,Szlifierko-polerki,Szlifierki
"Dom, Warsztat i Ogród",Narzędzia i urządzenia pneumatyczne,Szlifierki,Szlifierki
Materiały eksploatacyjne i artykuły szkolno-biurow,Artykuły pakowe,Sznurki pakowe,Sznurki pakowe
"Obuwie, odzież i galanteria",Galanteria i dodatki,Sznurówki,Sznurówki
"Dom, Warsztat i Ogród",Materiały budowlane i instalacyjne,Sznurki traserskie,Sznury
Zdrowie i Uroda,Kosmetyka,Sztuczne rzęsy,Sztuczne rzęsy
AGD,AGD - Produkty,Sztućce i przybory kuchenne,Sztućce i przybory kuchenne
Dla seniora,Kuchnia,Noże i deski do krojenia,Sztućce i przybory kuchenne
Dla seniora,Kuchnia,Otwieracze,Sztućce i przybory kuchenne
Dla seniora,Kuchnia,Sztućce dla niepełnosprawnych,Sztućce i przybory kuchenne
Dziecko i matka,Karmienie,Naczynia i sztućce,Sztućce i przybory kuchenne
AGD,AGD - Produkty,Szuflady grzewcze,Szuflady grzewcze
Enterprise i produkty serwerowe,Rozwiązania sieciowe,Szybkozłączki żelowe,Szybkozłączki
Militaria,Strzelectwo,Szyny i montaże,Szyny i montaże
Enterprise i produkty serwerowe,Obudowy i akcesoria,Szyny montażowe,Szyny montażowe
Zasilanie,Zasilanie awaryjne,Szyny montażowe do UPS,Szyny montażowe
Sport i Turystyka,Siłownia i fitness,Ściągacze i stabilizatory,Ściągacze i stabilizatory
Materiały eksploatacyjne i artykuły szkolno-biurow,Artykuły czyszczące,Chusteczki czyszczące,Ściereczki i zmywaki
Materiały eksploatacyjne i artykuły szkolno-biurow,Artykuły czyszczące,Ściereczki i zmywaki,Ściereczki i zmywaki
"Dom, Warsztat i Ogród",Sprzątanie i pielęgnacja domu,Ścierki,Ścierki
Dziecko i matka,Karmienie,Śliniaki,Śliniaki
Dla seniora,Kuchnia,Śliniaki i fartuchy,Śliniaki i fartuchy
Fotografia i film,Drony,Śmigła,Śmigła
Sport i Turystyka,Kemping,Śpiwory,Śpiwory
Militaria,Survival,Światła chemiczne i gazowe,Światła chemiczne i gazowe
"Dom, Warsztat i Ogród",Akcesoria do domu,Świece,Świece
Zdrowie i Uroda,Fizjoterapia i rehabilitacja,Świece do masażu,Świece 
"Dom, Warsztat i Ogród",Oświetlenie,Świetlówki kompaktowe,Świetlówki
"Dom, Warsztat i Ogród",Oświetlenie,Świetlówki LED,Świetlówki
"Dom, Warsztat i Ogród",Oświetlenie,Świetlówki liniowe,Świetlówki
"Obuwie, odzież i galanteria",Narciarstwo,T-shirt,T-shirt
"Obuwie, odzież i galanteria",Łowiectwo i wędkarstwo,T-shirt,T-shirt
IT,Outlet,Tablety,Tablety
IT,Tablety,Tablety,Tablety
IT,UŻYWANE PRODUKTY IT,Tablety,Tablety
IT,Tablety,Tablety graficzne,Tablety graficzne
Urządzenia sklepowe,Auto ID,Tablety przemysłowe,Tablety przemysłowe
Materiały eksploatacyjne i artykuły szkolno-biurow,Prezentacja wizualna,Tablice i Flipcharty,Tablice i Flipcharty
Sport i Turystyka,Akcesoria sportowe i turystyczne,Tablice taktyczne / organizery,Tablice i Flipcharty
Digital Signage & Business TV,Projektory i tablice,Tablice interaktywne,Tablice interaktywne
IT,Systemy audiowizualne,Tablice interaktywne,Tablice interaktywne
IT,Systemy audiowizualne,Tablice samokopiujące,Tablice interaktywne
Materiały eksploatacyjne i artykuły szkolno-biurow,Prezentacja wizualna,Tablice interaktywne,Tablice interaktywne
Materiały eksploatacyjne i artykuły szkolno-biurow,Prezentacja wizualna,Tablice samokopiujące,Tablice interaktywne
Digital Signage & Business TV,Ekrany LED,Tablice wyników,Tablice wyników
Dla seniora,Łazienka i toaleta,Taborety kąpielowe,Taborety kąpielowe
"Dom, Warsztat i Ogród",Narzędzia i urządzenia akumulatorowe,Taczki i wózki,Taczki i wózki
"Dom, Warsztat i Ogród",Narzędzia i urządzenia ręczne,Taczki i wózki,Taczki i wózki
Motoryzacja,Części zamienne do samochodów,Tarcze hamulcowe,Tarcze hamulcowe
Militaria,Strzelectwo,Maty łucznicze i stojaki,Tarcze strzeleckie
Militaria,Strzelectwo,Tarcze strzeleckie,Tarcze strzeleckie
"Dom, Warsztat i Ogród",Materiały budowlane i instalacyjne,Taśmy do wykładzin,Taśmy
"Dom, Warsztat i Ogród",Materiały budowlane i instalacyjne,Taśmy dwustronne,Taśmy
"Dom, Warsztat i Ogród",Materiały budowlane i instalacyjne,Taśmy izolacyjne,Taśmy
"Dom, Warsztat i Ogród",Materiały budowlane i instalacyjne,Taśmy montażowe,Taśmy
"Dom, Warsztat i Ogród",Materiały budowlane i instalacyjne,Taśmy naprawcze,Taśmy
"Dom, Warsztat i Ogród",Materiały budowlane i instalacyjne,Taśmy ostrzegawcze,Taśmy
"Dom, Warsztat i Ogród",Materiały budowlane i instalacyjne,Taśmy uniwersalne,Taśmy
"Dom, Warsztat i Ogród",Materiały budowlane i instalacyjne,Taśmy uszczelniające,Taśmy
"Dom, Warsztat i Ogród",Narzędzia i przybory malarsko-lakiernicze,Taśmy,Taśmy
IT,"Notebooki, laptopy, ultrabooki",Części serwisowe - Taśmy,Taśmy
Materiały eksploatacyjne i artykuły szkolno-biurow,Artykuły pakowe,Taśmy pakowe,Taśmy
Sport i Turystyka,Wspinaczka,Taśmy,Taśmy
Urządzenia sklepowe,Auto ID,Taśmy barwiące pasujące do Zebra,Taśmy 
Materiały eksploatacyjne i artykuły szkolno-biurow,Taśmy barwiące,Do drukarek Brother,Taśmy barwiące
Materiały eksploatacyjne i artykuły szkolno-biurow,Taśmy barwiące,Do drukarek Citizen,Taśmy barwiące
Materiały eksploatacyjne i artykuły szkolno-biurow,Taśmy barwiące,Do drukarek Epson,Taśmy barwiące
Materiały eksploatacyjne i artykuły szkolno-biurow,Taśmy barwiące,Do drukarek Lexmark,Taśmy barwiące
Materiały eksploatacyjne i artykuły szkolno-biurow,Taśmy barwiące,Do drukarek OKI,Taśmy barwiące
Materiały eksploatacyjne i artykuły szkolno-biurow,Taśmy barwiące,Do drukarek Panasonic,Taśmy barwiące
Materiały eksploatacyjne i artykuły szkolno-biurow,Taśmy barwiące,Do drukarek Seikosha,Taśmy barwiące
Materiały eksploatacyjne i artykuły szkolno-biurow,Taśmy barwiące,Do drukarek Siemens,Taśmy barwiące
Materiały eksploatacyjne i artykuły szkolno-biurow,Taśmy barwiące,Do drukarek Star,Taśmy barwiące
Dla seniora,Sprzęt rehabilitacyjny,Taśmy do ćwiczeń i piłki,Taśmy do ćwiczeń
Enterprise i produkty serwerowe,Storage,Taśmy do streamerów,Taśmy do streamerów
Enterprise i produkty serwerowe,Storage,Taśmy do streamerów dedykowane,Taśmy do streamerów
IT,Nośniki i akcesoria,Taśmy do streamerów,Taśmy do streamerów
Sieci i systemy zabezpieczeń,Storage,Taśmy do streamerów,Taśmy do streamerów
Sieci i systemy zabezpieczeń,Storage,Taśmy do streamerów dedykowane,Taśmy do streamerów
"Dom, Warsztat i Ogród",Oświetlenie,Taśmy LED,Taśmy LED
"Dom, Warsztat i Ogród",Tekstylia,Dywaniki łazienkowe,Tekstylia
"Dom, Warsztat i Ogród",Tekstylia,Dywany,Tekstylia
"Dom, Warsztat i Ogród",Tekstylia,Firany,Tekstylia
"Dom, Warsztat i Ogród",Tekstylia,Koce,Tekstylia
"Dom, Warsztat i Ogród",Tekstylia,Kołdry,Tekstylia
"Dom, Warsztat i Ogród",Tekstylia,Narzuty,Tekstylia
"Dom, Warsztat i Ogród",Tekstylia,Obrusy,Tekstylia
"Dom, Warsztat i Ogród",Tekstylia,Poduszki,Tekstylia
"Dom, Warsztat i Ogród",Tekstylia,Pościel,Tekstylia
"Dom, Warsztat i Ogród",Tekstylia,Ręczniki,Tekstylia
"Dom, Warsztat i Ogród",Tekstylia,Zasłony,Tekstylia
Dziecko i matka,Do snu,Kocyki i pledy,Tekstylia
Dziecko i matka,Do snu,Ochraniacze do łóżeczek,Tekstylia
Dziecko i matka,Do snu,Podkłady nieprzemakalne,Tekstylia
Dziecko i matka,Do snu,Pościel,Tekstylia
Dziecko i matka,Do snu,Prześcieradła,Tekstylia
Dziecko i matka,Do snu,Rożki,Tekstylia
Dziecko i matka,Do snu,Śpiworki,Tekstylia
Dziecko i matka,Karmienie,Poduszki do karmienia,Tekstylia
Dziecko i matka,Opieka,Chusty,Tekstylia
Digital Signage & Business TV,Ekrany LED,Telebimy Mobilne,Telebimy Mobilne
Sieci i systemy zabezpieczeń,VoIP,Telefony i bramki VoIP,Telefony i bramki VoIP
Telekomunikacja,Videokonferencje i VoIP,Telefony i bramki VoIP,Telefony i bramki VoIP
Dla seniora,Nowoczesny senior,Telefony komórkowe,Telefony komórkowe
IT,UŻYWANE PRODUKTY IT,Telefony komórkowe (Smartfony),Telefony komórkowe
Telekomunikacja,Telefony komórkowe,Dla seniorów,Telefony komórkowe
Telekomunikacja,Telefony komórkowe,Klasyczne,Telefony komórkowe
Telekomunikacja,Telefony stacjonarne / FAX,Bezprzewodowe,Telefony stacjonarne
Telekomunikacja,Telefony stacjonarne / FAX,Przewodowe,Telefony stacjonarne
Fotografia i film,Optyka,Teleskopy,Teleskopy
Digital Signage & Business TV,Telewizja hotelowa,Telewizory hotelowe,Telewizory
IT,UŻYWANE PRODUKTY IT,Telewizory LCD,Telewizory
RTV,Telewizja naziemna,DVB-T Telewizory,Telewizory
RTV,Telewizory i akcesoria,Telewizory hotelowe,Telewizory 
RTV,Telewizory i akcesoria,Telewizory LCD,Telewizory 
RTV,Telewizory i akcesoria,Telewizory mobilne,Telewizory 
RTV,Telewizory i akcesoria,Telewizory OLED,Telewizory 
RTV,Telewizory i akcesoria,Telewizory plazmowe,Telewizory 
Motoryzacja,Elektronika i akcesoria,Telewizory mobilne,Telewizory mobilne
Urządzenia sklepowe,Auto ID,Terminale mobilne,Terminale mobilne
Dla seniora,Diagnostyka,Termometry,Termometry
"Dom, Warsztat i Ogród",Urządzenia pomiarowe,Termometry,Termometry
Dziecko i matka,Do kąpieli,Termometry do kąpieli,Termometry
Dziecko i matka,Opieka,Termometry do ciała,Termometry
AGD,AGD - Produkty,Termosy i kubki termiczne,Termosy i kubki termiczne
AGD,AGD - Produkty,Termowentylatory,Termowentylatory
Sieci i systemy zabezpieczeń,Narzędzia,Testery,Testery
Urządzenia sklepowe,Urządzenia sklepowe,Testery banknotów,Testery
IT,Kable i adaptery,Testery,Testery kabli
Militaria,Strzelectwo,"Tłumiki, adaptery, kompensatory","Tłumiki, adaptery, kompensatory"
"Obuwie, odzież i galanteria",Jeździectwo,Toczki,Toczki
Materiały eksploatacyjne i artykuły szkolno-biurow,Tonery,Do drukarek Brother,Tonery
Materiały eksploatacyjne i artykuły szkolno-biurow,Tonery,Do drukarek Canon,Tonery
Materiały eksploatacyjne i artykuły szkolno-biurow,Tonery,Do drukarek Epson,Tonery
Materiały eksploatacyjne i artykuły szkolno-biurow,Tonery,Do drukarek G&G,Tonery
Materiały eksploatacyjne i artykuły szkolno-biurow,Tonery,Do drukarek HP,Tonery
Materiały eksploatacyjne i artykuły szkolno-biurow,Tonery,Do drukarek Kyocera,Tonery
Materiały eksploatacyjne i artykuły szkolno-biurow,Tonery,Do drukarek Lexmark,Tonery
Materiały eksploatacyjne i artykuły szkolno-biurow,Tonery,Do drukarek Minolta,Tonery
Materiały eksploatacyjne i artykuły szkolno-biurow,Tonery,Do drukarek Oce,Tonery
Materiały eksploatacyjne i artykuły szkolno-biurow,Tonery,Do drukarek OKI,Tonery
Materiały eksploatacyjne i artykuły szkolno-biurow,Tonery,Do drukarek Panasonic,Tonery
Materiały eksploatacyjne i artykuły szkolno-biurow,Tonery,Do drukarek Pantum,Tonery
Materiały eksploatacyjne i artykuły szkolno-biurow,Tonery,Do drukarek Philips,Tonery
Materiały eksploatacyjne i artykuły szkolno-biurow,Tonery,Do drukarek Ricoh,Tonery
Materiały eksploatacyjne i artykuły szkolno-biurow,Tonery,Do drukarek Samsung,Tonery
Materiały eksploatacyjne i artykuły szkolno-biurow,Tonery,Do drukarek Sharp,Tonery
Materiały eksploatacyjne i artykuły szkolno-biurow,Tonery,Do drukarek Toshiba,Tonery
Materiały eksploatacyjne i artykuły szkolno-biurow,Tonery,Do drukarek Xerox,Tonery
Dziecko i matka,Opieka,Torby na akcesoria,Torby
Fotografia i film,"Torby, plecaki, etui",Torby,Torby
IT,"Notebooki, laptopy, ultrabooki",Torby / plecaki / walizki / etui,Torby
Materiały eksploatacyjne i artykuły szkolno-biurow,Artykuły pakowe,Reklamówki,Torby
Materiały eksploatacyjne i artykuły szkolno-biurow,Artykuły pakowe,Torby i pudełka prezentowe,Torby
Sport i Turystyka,Łowiectwo i wędkarstwo,Torby,Torby
Fotografia i film,Drony,Torby do dronów,Torby 
Sport i Turystyka,Rowery i akcesoria,Torby i sakwy,Torby i sakwy
"Dom, Warsztat i Ogród",Architektura ogrodowa,Skrzynie,"Torby, kuferki, skrzynie"
"Dom, Warsztat i Ogród",Rękodzieło,"Torby, kuferki, skrzynie","Torby, kuferki, skrzynie"
Motoryzacja,Warsztat samochodowy,Skrzynie narzędziowe,"Torby, kuferki, skrzynie"
RTV,Kamery,"Torby, futerały do kamer Video","Torby, kuferki, skrzynie"
Sport i Turystyka,Bagaż,Kosmetyczki i kuferki,"Torby, kuferki, skrzynie"
Sport i Turystyka,Bagaż,"Walizki, torby, worki","Torby, kuferki, skrzynie"
Sport i Turystyka,Pływanie,"Plecaki, torby i walizki","Torby, kuferki, skrzynie"
Zdrowie i Uroda,Kosmetyki,Kosmetyczki i kuferki,"Torby, kuferki, skrzynie"
AGD,AGD - Produkty,Tostery,Tostery
"Dom, Warsztat i Ogród",Architektura ogrodowa,Trampoliny,Trampoliny
Gry i zabawki,Zabawki ogrodowe,Trampoliny,Trampoliny
Sport i Turystyka,Siłownia i fitness,Trampoliny,Trampoliny
Dla seniora,Poruszanie,Transfer pacjenta,Transfer pacjenta
Motoryzacja,Car audio,Transmitery FM,Transmitery FM
RTV,Car audio,Transmitery FM,Transmitery FM
Sieci i systemy zabezpieczeń,Akcesoria sieciowe,Transmitery sieciowe  PowerLine/Home Plug AV,Transmitery sieciowe
RTV,Odtwarzacze audio-video,Tunery,Tunery
RTV,Telewizja naziemna,DVB-T Tunery,Tunery
RTV,Telewizja satelitarna,Tunery i dekodery,Tunery i dekodery
Odnawialne źródła energii,Energetyka wiatrowa,Turbiny wiatrowe,Turbiny wiatrowe
Motoryzacja,Części zamienne do samochodów,Turbosprężarki,Turbosprężarki
Materiały eksploatacyjne i artykuły szkolno-biurow,Tusze,Do drukarek Brother,Tusze
Materiały eksploatacyjne i artykuły szkolno-biurow,Tusze,Do drukarek Canon,Tusze
Materiały eksploatacyjne i artykuły szkolno-biurow,Tusze,Do drukarek Epson,Tusze
Materiały eksploatacyjne i artykuły szkolno-biurow,Tusze,Do drukarek HP,Tusze
Materiały eksploatacyjne i artykuły szkolno-biurow,Tusze,Do drukarek Lexmark,Tusze
Materiały eksploatacyjne i artykuły szkolno-biurow,Tusze,Do drukarek Olivetti,Tusze
Materiały eksploatacyjne i artykuły szkolno-biurow,Tusze,Do drukarek Samsung,Tusze
Materiały eksploatacyjne i artykuły szkolno-biurow,Tusze,Do drukarek Xerox,Tusze
Dziecko i matka,Organizacja przyjęć,Ubrania i przebrania,Ubrania i przebrania
Dla seniora,Łazienka i toaleta,Uchwyty toaletowe,Uchwyty
Dla seniora,Łazienka i toaleta,Uchwyty wannowe,Uchwyty
"Dom, Warsztat i Ogród",Akcesoria do domu,Uchwyty i zasobniki papieru toaletowego,Uchwyty
"Dom, Warsztat i Ogród",Narzędzia i urządzenia ręczne,Uchwyty na narzędzia,Uchwyty
Fotografia i film,Drony,Uchwyty,Uchwyty
Fotografia i film,Statywy i uchwyty,Uchwyty dodatkowe,Uchwyty
Fotografia i film,Statywy i uchwyty,Uchwyty selfie,Uchwyty
"Gaming: Konsole, Gry i Akcesoria",Gaming PC,Myszy - uchwyty do kabli,Uchwyty
IT,Komputery,Uchwyty,Uchwyty
IT,Monitory,Uchwyty do monitorów,Uchwyty
IT,"Notebooki, laptopy, ultrabooki",Uchwyty,Uchwyty
IT,Systemy audiowizualne,Uchwyty do monitorów,Uchwyty
IT,Systemy audiowizualne,Uchwyty do projektorów,Uchwyty
IT,Systemy audiowizualne,Uchwyty i stojaki do tablic,Uchwyty
IT,Tablety,Uchwyty,Uchwyty
RTV,Projektory i akcesoria,Uchwyty do projektorów,Uchwyty
RTV,Telewizory i akcesoria,Uchwyty do telewizorów/monitorów,Uchwyty
Sport i Turystyka,Rowery i akcesoria,Uchwyty,Uchwyty
Telekomunikacja,Akcesoria GSM,Uchwyty,Uchwyty
Telekomunikacja,Radiokomunikacja,Uchwyty,Uchwyty
Zdrowie i Uroda,Urządzenia i sprzęt medyczny,Uchwyty,Uchwyty
Sieci i systemy zabezpieczeń,CCTV Analog,"Uchwyty, obudowy",Uchwyty/Obudowy
Sieci i systemy zabezpieczeń,CCTV Analog HD,"Uchwyty, obudowy",Uchwyty/Obudowy
Sieci i systemy zabezpieczeń,CCTV IP,"Uchwyty, obudowy",Uchwyty/Obudowy
"Dom, Warsztat i Ogród",Narzędzia i urządzenia elektryczne,Ukośnice,Ukośnice
Instrumenty muzyczne,Ukulele,Barytonowe,Ukulele
Instrumenty muzyczne,Ukulele,Gitarowe,Ukulele
Instrumenty muzyczne,Ukulele,Koncertowe,Ukulele
Instrumenty muzyczne,Ukulele,Sopranowe,Ukulele
Instrumenty muzyczne,Ukulele,Tenorowe,Ukulele
"Dom, Warsztat i Ogród",Łazienka i toaleta,Umywalki,Umywalki
Sport i Turystyka,Wspinaczka,Uprzęże,Uprzęże
Enterprise i produkty serwerowe,Zasilanie,UPS-y,UPS-y
IT,UŻYWANE PRODUKTY IT,UPS-y,UPS-y
Sieci i systemy zabezpieczeń,Zasilanie,UPS-y,UPS-y
Zasilanie,Zasilanie awaryjne,Domowe urządzenia do podtrzymania napięcia,UPS-y
Zasilanie,Zasilanie awaryjne,UPS-y,UPS-y
Zdrowie i Uroda,Do higieny i pielęgnacji,Urządzenia antycellulitowe,Urządzenia antycellulitowe
Zdrowie i Uroda,Aromaterapia,Urządzenia do aromaterapii,Urządzenia do aromaterapii
AGD,AGD - Produkty,Urządzenia do hot dogów,Urządzenia do hot dogów
AGD,AGD - Produkty,Urządzenia do masażu,Urządzenia do masażu
Dla seniora,Nowoczesny senior,Masażery i maty masujące,Urządzenia do masażu
Sport i Turystyka,Siłownia i fitness,Urządzenia do masażu,Urządzenia do masażu
AGD,AGD - Produkty,Urządzenia do pakowania próżniowego,Urządzenia do pakowania próżniowego
Dla seniora,Nowoczesny senior,Urządzenia do pielęgnacji ciała,Urządzenia do pielęgnacji ciała
AGD,AGD - Produkty,Urządzenia do smażenia naleśników,Urządzenia do smażenia naleśników
Zdrowie i Uroda,Do higieny i pielęgnacji,Wybielanie zębów - urządzenia,Urządzenia do wybielania zębów
AGD,AGD - Produkty,Urządzenia do wyrobu makaronu,Urządzenia do wyrobu makaronu
AGD,AGD - Produkty,Butelki filtrujące,Urządzenia filtrujące
AGD,AGD - Produkty,Dzbanki filtrujące,Urządzenia filtrujące
Motoryzacja,Elektryka samochodowa,"Urządzenia rozruchowe, startery","Urządzenia rozruchowe, startery"
"Dom, Warsztat i Ogród",Narzędzia i urządzenia akumulatorowe,Urządzenia wielofunkcyjne,Urządzenia wielofunkcyjne
"Dom, Warsztat i Ogród",Narzędzia i urządzenia elektryczne,Urządzenia wielofunkcyjne,Urządzenia wielofunkcyjne
IT,Peryferia,Urządzenia wielofunkcyjne atramentowe,Urządzenia wielofunkcyjne
IT,Peryferia,Urządzenia wielofunkcyjne laserowe,Urządzenia wielofunkcyjne
Sieci i systemy zabezpieczeń,Inteligenty dom,Urządzenia wykonawcze,Urządzenia wykonawcze
Sieci i systemy zabezpieczeń,Urządzenia zabezpieczające,Urządzenia zabezpieczające,Urządzenia zabezpieczające
Sieci i systemy zabezpieczeń,Systemy Sygnalizacji Pożarowej,Urządzenia zdalnej obsługi,Urządzenia zdalnej obsługi
AGD,AGD - Produkty,Suszarki automatyczne do zabudowy,uszarki automatyczne
AGD,AGD - Produkty,Suszarki automatyczne wolnostojące,uszarki automatyczne
"Dom, Warsztat i Ogród",Materiały budowlane i instalacyjne,Uszczelki,Uszczelki
Telekomunikacja,Videokonferencje i VoIP,Videokonferencje,Videokonferencje
AGD,AGD - Produkty,Waflownice,Waflownice
Dla seniora,Nowoczesny senior,Wagi medyczne,Wagi
"Dom, Warsztat i Ogród",Urządzenia pomiarowe,Wagi specjalistyczne,Wagi
"Dom, Warsztat i Ogród",Łazienka i toaleta,Wagi łazienkowe,Wagi
Dziecko i matka,Opieka,Wagi dziecięce,Wagi
Sport i Turystyka,Bagaż,Wagi bagażowe,Wagi
AGD,AGD - Produkty,Wagi kuchenne,Wagi 
AGD,AGD - Produkty,Wagi łazienkowe,Wagi 
Dla seniora,Diagnostyka,Wagi,Wagi 
Urządzenia sklepowe,Urządzenia sklepowe,Wagi sklepowe,Wagi 
Przemysł,Wagi specjalistyczne,Kompaktowe wagi stołowe,Wagi specjalistyczne
Przemysł,Wagi specjalistyczne,Mierniki wagowe,Wagi specjalistyczne
Przemysł,Wagi specjalistyczne,Platformy wagowe,Wagi specjalistyczne
Przemysł,Wagi specjalistyczne,Pomosty wagowe,Wagi specjalistyczne
Przemysł,Wagi specjalistyczne,Przenośne wagi ekonomiczne,Wagi specjalistyczne
Przemysł,Wagi specjalistyczne,Przenośne wagi laboratoryjno-przemysłowe,Wagi specjalistyczne
Przemysł,Wagi specjalistyczne,Wagi analityczne,Wagi specjalistyczne
Przemysł,Wagi specjalistyczne,Wagi do paczek,Wagi specjalistyczne
Przemysł,Wagi specjalistyczne,Wagi do żywności,Wagi specjalistyczne
Przemysł,Wagi specjalistyczne,Wagi kieszonkowe,Wagi specjalistyczne
Przemysł,Wagi specjalistyczne,Wagi liczące,Wagi specjalistyczne
Przemysł,Wagi specjalistyczne,Wagi magazynowe,Wagi specjalistyczne
Przemysł,Wagi specjalistyczne,Wagi mechaniczne,Wagi specjalistyczne
Przemysł,Wagi specjalistyczne,Wagi platformowe,Wagi specjalistyczne
Przemysł,Wagi specjalistyczne,Wagi precyzyjne,Wagi specjalistyczne
Przemysł,Wagi specjalistyczne,Wagi semi-micro (0.01 mg),Wagi specjalistyczne
Przemysł,Wagi specjalistyczne,Wagi stacjonarne,Wagi specjalistyczne
Przemysł,Wagi specjalistyczne,Wagi wysyłkowe,Wagi specjalistyczne
Przemysł,Wagi specjalistyczne,Wagosuszarki,Wagosuszarki
Motoryzacja,Części zamienne do samochodów,Wahacze,Wahacze
"Dom, Warsztat i Ogród",Narzędzia - osprzęt,Walizki,Walizki
"Dom, Warsztat i Ogród",Narzędzia i przybory malarsko-lakiernicze,Wałki,Wałki
Zdrowie i Uroda,Do higieny i pielęgnacji,Wałki do włosów,Wałki do włosów
Sport i Turystyka,Siłownia i fitness,Wałki i rollery,Wałki i rollery
Dziecko i matka,Do kąpieli,Wanienki,Wanienki
"Dom, Warsztat i Ogród",Łazienka i toaleta,Wanny,Wanny
AGD,AGD - Produkty,Warniki,Warniki
"Dom, Warsztat i Ogród",Narzędzia i urządzenia ręczne,Wciągarki linowe,Wciągarki
"Dom, Warsztat i Ogród",Narzędzia i urządzenia ręczne,Wciągarki łańcuchowe,Wciągarki
AGD,AGD - Produkty,Wentylatory,Wentylatory
Enterprise i produkty serwerowe,Obudowy i akcesoria,Wentylatory,Wentylatory
Enterprise i produkty serwerowe,Szafy rack,Wentylacja,Wentylatory
IT,Chłodzenie,Chłodzenie - wentylatory,Wentylatory
IT,"Notebooki, laptopy, ultrabooki",Części serwisowe - Wentylatory,Wentylatory
Sieci i systemy zabezpieczeń,Szafy rack,Wentylacja,Wentylatory
Sport i Turystyka,Łowiectwo i wędkarstwo,Wędziska,Wędziska
"Dom, Warsztat i Ogród",Grillowanie,"Węgiel, wiórki i podpałki","Węgiel, wiórki i podpałki"
"Dom, Warsztat i Ogród",Nawadnianie i opryskiwanie,Węże,Węże
Militaria,Strzelectwo,Wiatrówki,Wiatrówki
Zdrowie i Uroda,Erotyka,Wiązanie,Wiązanie
"Dom, Warsztat i Ogród",Narzędzia i urządzenia elektryczne,Wibratory do betonu,Wibratory
Zdrowie i Uroda,Erotyka,Wibratory i masażery,Wibratory i masażery
Sieci i systemy zabezpieczeń,Systemy Domofonowe,Wideodomofony,Wideodomofony
Fotografia i film,Kamery,Wideorejestratory,Wideorejestratory
Motoryzacja,Elektronika i akcesoria,Wideorejestratory,Wideorejestratory
"Dom, Warsztat i Ogród",Narzędzia i urządzenia ręczne,Widły,Widły
"Dom, Warsztat i Ogród",Narzędzia i urządzenia akumulatorowe,Wiertarki,Wiertarki
"Dom, Warsztat i Ogród",Narzędzia i urządzenia akumulatorowe,Wiertarko-wkrętarki,Wiertarki
"Dom, Warsztat i Ogród",Narzędzia i urządzenia akumulatorowe,Wiertnice,Wiertarki
"Dom, Warsztat i Ogród",Narzędzia i urządzenia akumulatorowe,Wkrętarki,Wiertarki
"Dom, Warsztat i Ogród",Narzędzia i urządzenia akumulatorowe,Zakrętarki,Wiertarki
"Dom, Warsztat i Ogród",Narzędzia i urządzenia elektryczne,Wiertarki,Wiertarki
"Dom, Warsztat i Ogród",Narzędzia i urządzenia elektryczne,Wiertarko-wkrętarki,Wiertarki
"Dom, Warsztat i Ogród",Narzędzia i urządzenia elektryczne,Wiertnice,Wiertarki
"Dom, Warsztat i Ogród",Narzędzia i urządzenia elektryczne,Wkrętarki,Wiertarki
"Dom, Warsztat i Ogród",Narzędzia i urządzenia elektryczne,Zakrętarki,Wiertarki
"Dom, Warsztat i Ogród",Akcesoria do domu,Wieszaki,Wieszaki
"Dom, Warsztat i Ogród",Architektura ogrodowa,Wieszaki,Wieszaki
"Dom, Warsztat i Ogród",Meble,Wieszaki,Wieszaki
Motoryzacja,Wyposażenie,Wieszaki,Wieszaki
Sport i Turystyka,Siłownia i fitness,Wioślarze,Wioślarze
AGD,AGD - Produkty,Wirówki,Wirówki
Sieci i systemy zabezpieczeń,Systemy Wi-Fi,WISP,WISP
Dla seniora,Nowoczesny senior,Witaminy i Suplementy diety,Witaminy i Suplementy diety
AGD,AGD - Produkty,Witryny chłodnicze,Witryny chłodnicze
Sieci i systemy zabezpieczeń,Systemy Domofonowe,Wizjery,Wizjery
IT,Systemy audiowizualne,Wizualizery,Wizualizery
Materiały eksploatacyjne i artykuły szkolno-biurow,Prezentacja wizualna,Wizualizery,Wizualizery
"Obuwie, odzież i galanteria",Narciarstwo,Wkładki do butów,Wkładki do butów
Sport i Turystyka,Narciarstwo,Wkładki do butów,Wkładki do butów
AGD,AGD - Produkty,Wkłady do zlewów,Wkłady do zlewów
"Dom, Warsztat i Ogród",Sprzątanie i pielęgnacja domu,Do odkurzaczy - wkłady zapachowe,wkłady zapachowe
"Dom, Warsztat i Ogród",Narzędzia i urządzenia pneumatyczne,Wkrętarki,Wkrętarki
"Dom, Warsztat i Ogród",Narzędzia i urządzenia pneumatyczne,Zakrętarki,Wkrętarki
"Dom, Warsztat i Ogród",Rękodzieło,Włóczki,Włóczki
Sport i Turystyka,Wspinaczka,Woreczki,Woreczki
"Dom, Warsztat i Ogród",Sprzątanie i pielęgnacja domu,Worki na śmieci,Work
"Dom, Warsztat i Ogród",Sprzątanie i pielęgnacja domu,Do odkurzaczy - worki,worki
Zdrowie i Uroda,Do higieny i pielęgnacji,Woskownice,Woskownice
Dziecko i matka,Wózki,Wózki - Gondole,Wózki
Dziecko i matka,Wózki,Wózki dla bliźniaków,Wózki
Dziecko i matka,Wózki,Wózki spacerowe,Wózki
Dziecko i matka,Wózki,Wózki wielofunkcyjne,Wózki
Gry i zabawki,Lalki i akcesoria,Wózki dla lalek,Wózki
Dla seniora,Poruszanie,Wózki do przewozu chorych,Wózki do przewozu chorych
Dla seniora,Wózki i balkoniki,Wózki inwalidzkie,Wózki inwalidzkie
Dla seniora,Wózki i balkoniki,Wózki inwalidzkie elektryczne,Wózki inwalidzkie elektryczne
Dla seniora,Pomoce codzienne,Wózki na zakupy,Wózki na zakupy
Dla seniora,Łazienka i toaleta,"Wózki toaletowe, prysznicowe","Wózki toaletowe, prysznicowe"
"Dom, Warsztat i Ogród",Narzędzia i urządzenia ręczne,Wózki transportowe,Wózki transportowe
"Dom, Warsztat i Ogród",Nawadnianie i opryskiwanie,Wózki i wieszaki na węże,Wózki transportowe
Sieci i systemy zabezpieczeń,Szafy rack,Wsporniki,Wsporniki
"Dom, Warsztat i Ogród",Narzędzia i urządzenia ręczne,Wyciągarki taśmowe,Wyciągarki
Dla zwierząt,Dla Kota,Wycieraczki pod kuwety,Wycieraczki
Motoryzacja,Części zamienne do samochodów,Wycieraczki,Wycieraczki
AGD,AGD - Produkty,Wyciskarki do cytrusów,Wyciskarki 
AGD,AGD - Produkty,Wyciskarki wolnoobrotowe,Wyciskarki 
"Dom, Warsztat i Ogród",Urządzenia pomiarowe,Wykrywacze,Wykrywacze
Sport i Turystyka,Akcesoria sportowe i turystyczne,Wykrywacze metali,Wykrywacze metali
"Dom, Warsztat i Ogród",Aparaty elektryczne,Wyłączniki nadprądowe,Wyłączniki nadprądowe
Odnawialne źródła energii,Aparaty elektryczne,Wyłączniki nadprądowe,Wyłączniki nadprądowe
"Dom, Warsztat i Ogród",Aparaty elektryczne,Wyłączniki różnicowoprądowe,Wyłączniki różnicowoprądowe
Odnawialne źródła energii,Aparaty elektryczne,Wyłączniki różnicowoprądowe,Wyłączniki różnicowoprądowe
AGD,AGD - Produkty,Wypiekacze,Wypiekacze
"Dom, Warsztat i Ogród",Narzędzia i urządzenia akumulatorowe,Wyrzynarki,Wyrzynarki
"Dom, Warsztat i Ogród",Narzędzia i urządzenia elektryczne,Wyrzynarki,Wyrzynarki
Dla seniora,Sypialnia,Wysięgniki do łóżka,Wysięgniki do łóżka
Instrumenty muzyczne,Wytwornice,Baniek,Wytwornice
Instrumenty muzyczne,Wytwornice,Dymu,Wytwornice
Instrumenty muzyczne,Wytwornice,Płyny,Wytwornice
Instrumenty muzyczne,Nagłośnienie,Wzmacniacze,Wzmacniacze
Motoryzacja,Car audio,Wzmacniacze,Wzmacniacze
RTV,Car audio,Wzmacniacze samochodowe,Wzmacniacze
RTV,Odtwarzacze audio-video,Wzmacniacze,Wzmacniacze
Sieci i systemy zabezpieczeń,Inteligenty dom,Nagłośnienie - wzmacniacze,wzmacniacze
Sieci i systemy zabezpieczeń,Instalacje telekomunikacyjne,Wzmacniacze szerokopasmowe,Wzmacniacze szerokopasmowe
Dla zwierząt,Dla Kota,Zabawki,Zabawki
Dla zwierząt,Dla małych zwierząt,Zabawki,Zabawki
Dla zwierząt,Dla psa,Zabawki,Zabawki
Dla zwierząt,Dla zwierząt hodowlanych,Zabawki,Zabawki
Dla zwierząt,Ptaki,Zabawki,Zabawki
Gry i zabawki,Odgrywanie ról i przebrania,Kuchnia i dom,Zabawki
Gry i zabawki,Odgrywanie ról i przebrania,Moda i uroda,Zabawki
Gry i zabawki,Odgrywanie ról i przebrania,Sklep,Zabawki
Gry i zabawki,Odgrywanie ról i przebrania,Warsztat i narzędzia,Zabawki
Gry i zabawki,Zabawki dla najmłodszych (0-3 lata),Do kąpieli,Zabawki
Gry i zabawki,Zabawki dla najmłodszych (0-3 lata),Edukacyjne,Zabawki
Gry i zabawki,Zabawki dla najmłodszych (0-3 lata),Grzechotki,Zabawki
Gry i zabawki,Zabawki dla najmłodszych (0-3 lata),Karuzele i pozytywki,Zabawki
Gry i zabawki,Zabawki dla najmłodszych (0-3 lata),Maty edukacyjne,Zabawki
_Gadżety i materiały reklamowe,_Gadżety i Prezenty,Zabawki,Zabawki
Zdrowie i Uroda,Erotyka,Zabawki na aplikację mobilną,Zabawki na aplikację mobilną
Zdrowie i Uroda,Erotyka,Zabawki na pilota,Zabawki na pilota
Dziecko i matka,Opieka,Zabezpieczenia dla dzieci,Zabezpieczenia
Sieci i systemy zabezpieczeń,Instalacje telekomunikacyjne,Zabezpieczenia,Zabezpieczenia
"Dom, Warsztat i Ogród",Narzędzia i urządzenia spalinowe,Zagęszczarki,Zagęszczarki
"Dom, Warsztat i Ogród",Narzędzia i urządzenia akumulatorowe,Zamiatarki,Zamiatarki
"Dom, Warsztat i Ogród",Narzędzia i urządzenia ręczne,Zamiatarki,Zamiatarki
Motoryzacja,Elektronika i akcesoria,Zamki centralne - Sterowniki,Zamki centralne - Sterowniki
Sieci i systemy zabezpieczeń,Inteligenty dom,Zamki elektroniczne,Zamki elektroniczne
Sieci i systemy zabezpieczeń,Kontrola dostępu,Zamki elektryczne,Zamki elektryczne
Sieci i systemy zabezpieczeń,Kontrola dostępu,Zamki kodowe - szyfratory,Zamki elektryczne
Urządzenia sklepowe,Auto ID,Zamki kodowe - szyfratory,Zamki kodowe - szyfratory
AGD,AGD - Produkty,Zamrażarki do zabudowy,Zamrażarki 
AGD,AGD - Produkty,Zamrażarki wolnostojące,Zamrażarki 
"Dom, Warsztat i Ogród",Grillowanie,Rozpalarki do grilla,Zapalarka
"Gaming: Konsole, Gry i Akcesoria",Gadżety dla graczy,Zapalniczki,Zapalniczki
AGD,AGD - Produkty,Zaparzacze i kawiarki,Zaparzacze i kawiarki
Sport i Turystyka,Rowery i akcesoria,Zapięcia,Zapięcia
Sport i Turystyka,Rowery i akcesoria,Czapki,zapki
Dziecko i matka,Organizacja przyjęć,Zaproszenia i karty okolicznościowe,Zaproszenia i karty okolicznościowe
"Dom, Warsztat i Ogród",Oświetlenie,Zasilacze do oświetlenia,Zasilacze
Enterprise i produkty serwerowe,Zasilacze,Zasilacze,Zasilacze
Enterprise i produkty serwerowe,Zasilanie,Zasilacze dedykowane,Zasilacze
IT,"Notebooki, laptopy, ultrabooki",Zasilacze do notebooków,Zasilacze
Sieci i systemy zabezpieczeń,Zasilanie,Zasilacze dedykowane,Zasilacze
Sieci i systemy zabezpieczeń,Zasilanie,Zasilacze sieciowe i CCTV,Zasilacze
Zasilanie,Zasilacze dedykowane,Zasilacze do oświetlenia,Zasilacze
Zasilanie,Zasilacze dedykowane,Zasilacze do pozostałych urządzeń,Zasilacze
Zasilanie,Zasilacze dedykowane,Zasilacze do przemysłu i automatyki,Zasilacze
Zasilanie,Zasilacze do komputerów i laptopów,Zasilacze do notebooków,Zasilacze
Zasilanie,Zasilacze do komputerów i laptopów,Zasilacze do obudów,Zasilacze
Zasilanie,Zasilanie do serwerów,Zasilacze,Zasilacze
Zasilanie,Zasilanie do serwerów,Zasilacze dedykowane,Zasilacze
Zasilanie,Zasilanie sieciowe i CCTV,Zasilacze,Zasilacze
Zasilanie,Zasilanie sieciowe i CCTV,Zasilacze dedykowane,Zasilacze
IT,Obudowy i zasilacze,Zasilacze do obudów,Zasilacze do obudów
Sieci i systemy zabezpieczeń,Akcesoria sieciowe,Zasilacze i mieszacze PoE,Zasilacze i mieszacze PoE
"Dom, Warsztat i Ogród",Akcesoria do domu,Zasłony prysznicowe,Zasłony
Odnawialne źródła energii,Pompy ciepła,Zasobniki C.W.U.,Zasobniki C.W.U.
IT,"Notebooki, laptopy, ultrabooki",Części serwisowe - Zawiasy,Zawiasy
Odnawialne źródła energii,Pompy ciepła,Zbiorniki buforowe,Zbiorniki buforowe
Dla seniora,Sprzęt rehabilitacyjny,Zdrowotne obuwie Scholl,Zdrowotne obuwie Scholl
Sport i Turystyka,Akcesoria sportowe i turystyczne,Zegarki i opaski sportowe,Zegarki i opaski sportowe
Telekomunikacja,Akcesoria GSM,"Smartwatch, smartband",Zegarki i opaski sportowe
"Dom, Warsztat i Ogród",Urządzenia pomiarowe,Zegary,Zegary
Dziecko i matka,Karmienie,Zestaw startowy butelek,Zestaw startowy butelek
Materiały eksploatacyjne i artykuły szkolno-biurow,Artykuły czyszczące,Zestawy czyszczące,Zestawy czyszczące
IT,Multimedia,Zestawy do KARAOKE,Zestawy do KARAOKE
Zdrowie i Uroda,Kosmetyka,Zestawy do przedłużania paznokci,Zestawy do przedłużania paznokci
Instrumenty muzyczne,Materiały wygłuszające,Zestawy do wygłuszania studia,Zestawy do wygłuszania studia
Odnawialne źródła energii,Fotowoltaika,Zestawy fotowoltaiczne,Zestawy fotowoltaiczne
Motoryzacja,Elektronika i akcesoria,Zestawy głośnomówiące,Zestawy głośnomówiące
Telekomunikacja,Akcesoria GSM,Zestawy głośnomówiące bluetooth,Zestawy głośnomówiące
IT,Systemy audiowizualne,Zestawy interaktywne,Zestawy interaktywne
RTV,Odtwarzacze audio-video,Zestawy kina domowego,Zestawy kina domowego
Motoryzacja,Warsztat samochodowy,Zestawy kluczy,Zestawy kluczy
Enterprise i produkty serwerowe,Obudowy i akcesoria,Zestawy montażowe,Zestawy montażowe
"Dom, Warsztat i Ogród",Narzędzia i urządzenia akumulatorowe,Zestawy narzędzi,Zestawy narzędzi
"Dom, Warsztat i Ogród",Narzędzia i urządzenia elektryczne,Zestawy narzędzi,Zestawy narzędzi
"Dom, Warsztat i Ogród",Narzędzia i urządzenia ręczne,Zestawy kluczy,Zestawy narzędzi
"Dom, Warsztat i Ogród",Narzędzia i urządzenia ręczne,Zestawy narzędzi,Zestawy narzędzi
"Dom, Warsztat i Ogród",Narzędzia i urządzenia ręczne,Zestawy wkrętaków,Zestawy narzędzi
Motoryzacja,Warsztat samochodowy,Zestawy narzędzi,Zestawy narzędzi
Militaria,Survival,Zestawy przetrwania,Zestawy przetrwania
Sieci i systemy zabezpieczeń,Inteligenty dom,Zestawy startowe,Zestawy startowe
AGD,AGD - Produkty,Zestawy WC,Zestawy WC
Motoryzacja,Warsztat samochodowy,Zestawy wkrętaków,Zestawy wkrętaków
"Dom, Warsztat i Ogród",Sprzątanie i pielęgnacja domu,Zgniatarki butelek i puszek,Zgniatarki 
AGD,AGD - Produkty,Zgrzewarki do folii,Zgrzewarki
"Dom, Warsztat i Ogród",Narzędzia i urządzenia elektryczne,Zgrzewarki,Zgrzewarki
Motoryzacja,Warsztat samochodowy,Zlewarki oleju,Zlewarki oleju
AGD,AGD - Produkty,Zlewozmywaki,Zlewozmywaki
AGD,AGD - Produkty,Zmywarki do zabudowy,Zlewozmywaki
AGD,AGD - Produkty,Zmywarki wolnostojące,Zlewozmywaki
"Dom, Warsztat i Ogród",Nawadnianie i opryskiwanie,Złączki do węży,Złączki
"Dom, Warsztat i Ogród",Sprzątanie i pielęgnacja domu,Zmywaki,Zmywaki
IT,Tablety,Znikopisy,Znikopisy
"Dom, Warsztat i Ogród",Nawadnianie i opryskiwanie,Zraszacze,Zraszacze
"Dom, Warsztat i Ogród",Narzędzia i urządzenia akumulatorowe,Zszywacze,Zszywacze
"Dom, Warsztat i Ogród",Narzędzia i urządzenia elektryczne,Zszywacze,Zszywacze
Sieci i systemy zabezpieczeń,Kontrola dostępu,Zwory elektromagnetyczne,Zwory elektromagnetyczne
"Dom, Warsztat i Ogród",Oświetlenie,Żarówki LED,Żarówki
"Dom, Warsztat i Ogród",Oświetlenie,Żarówki samochodowe,Żarówki
AGD,AGD - Produkty,Żelazka i generatory pary,Żelazka i generatory pary
Dla zwierząt,Dla Kota,Żwirek,Żwirek
Sport i Turystyka,Łowiectwo i wędkarstwo,Żyłki i plecionki,Żyłki i plecionki
Militaria,Survival,Żywność długoterminowa,Żywność długoterminowa
Digital Signage & Business TV,Projektory i tablice,Akcesoria do ekranów,
Digital Signage & Business TV,Projektory i tablice,Akcesoria do projektorów,
Digital Signage & Business TV,Projektory i tablice,Akcesoria do tablic,
Digital Signage & Business TV,Telewizja hotelowa,Akcesoria,
Dla seniora,Kuchnia,Akcesoria i pomoce,
Dla seniora,Pomoce codzienne,Akcesoria do podróży,
Dla seniora,Sprzęt rehabilitacyjny,Produkty z gryki,
Dla seniora,Sypialnia,Bezpieczna pozycja w łóżku,
Dla seniora,Wózki i balkoniki,Akcesoria do balkoników,
Dla seniora,Wózki i balkoniki,Akcesoria do wózków inwalidzkich,
Dla seniora,Łazienka i toaleta,Dbanie o wygląd,
Dla zwierząt,Akwarystyka,Akcesoria,
Dla zwierząt,Akwarystyka,Akwaria - zestawy,
Dla zwierząt,Dla Kota,Na spacer,
Dla zwierząt,Dla małych zwierząt,Klatki - wyposażenie,
Dla zwierząt,Dla psa,Na spacer,
Dla zwierząt,Dla zwierząt hodowlanych,Klatki - wyposażenie,
Dla zwierząt,Ptaki,Klatki - wyposażenie,
"Dom, Warsztat i Ogród",Architektura ogrodowa,Baseny - Akcesoria,
"Dom, Warsztat i Ogród",Grillowanie,Akcesoria,
"Dom, Warsztat i Ogród",Klimatyzacja,Akcesoria,
"Dom, Warsztat i Ogród",Meble,Elementy uzupełniające - akcesoria,
"Dom, Warsztat i Ogród",Narzędzia i urządzenia ręczne,Do śniegu,
"Dom, Warsztat i Ogród",Oświetlenie,Akcesoria oświetleniowe,
"Dom, Warsztat i Ogród",Oświetlenie,Oprawy - Akcesoria,
"Dom, Warsztat i Ogród",Pompy ciepła,Akcesoria,
"Dom, Warsztat i Ogród",Rękodzieło,Zestawy,
"Dom, Warsztat i Ogród",Sprzątanie i pielęgnacja domu,Do froterek - wkładki,
"Dom, Warsztat i Ogród",Sprzątanie i pielęgnacja domu,Do mopów - akcesoria,
"Dom, Warsztat i Ogród",Sprzątanie i pielęgnacja domu,Do nawilżaczy powietrza - Akcesoria,
"Dom, Warsztat i Ogród",Sprzątanie i pielęgnacja domu,Do odkurzaczy - inne,
"Dom, Warsztat i Ogród",Sprzątanie i pielęgnacja domu,Do parownic - Inne,
"Dom, Warsztat i Ogród",Urządzenia pomiarowe,Do stacji pogodowych - akcesoria,
"Dom, Warsztat i Ogród",Łazienka i toaleta,Akcesoria,
"Dom, Warsztat i Ogród",Łazienka i toaleta,Meble łazienkowe,
Dziecko i matka,Do kąpieli,Akcesoria do kąpieli,
Dziecko i matka,Foteliki samochodowe,Foteliki samochodowe - akcesoria,
Dziecko i matka,Karmienie,Butelki - Akcesoria,
Dziecko i matka,Karmienie,Higiena - Akcesoria,
Dziecko i matka,Karmienie,Krzesełka wielofunkcyjne - Akcesoria,
Dziecko i matka,Mebelki,Mebelki pozostałe,
Dziecko i matka,Opieka,Akcesoria do pielęgnacji,
Dziecko i matka,Opieka,Oczyszczacze powietrza - akcesoria,
Dziecko i matka,Opieka,Smoczki - Akcesoria,
Dziecko i matka,Wózki,Wózki - Akcesoria,
Enterprise i produkty serwerowe,Obudowy i akcesoria,Akcesoria,
Enterprise i produkty serwerowe,Serwery i stacje robocze,Akcesoria,
Enterprise i produkty serwerowe,Storage,Akcesoria,
Enterprise i produkty serwerowe,Storage,NAS - akcesoria,
Enterprise i produkty serwerowe,Szafy rack,Akcesoria,
Fotografia i film,Aparaty,Akcesoria do aparatów,
Fotografia i film,Lampy,Akcesoria do lamp,
Fotografia i film,Optyka,Obiektywy - akcesoria,
Fotografia i film,Stabilizatory do kamer i aparatów,Akcesoria,
"Gaming: Konsole, Gry i Akcesoria",Gaming PC,Akcesoria do streamingu,
"Gaming: Konsole, Gry i Akcesoria",Gaming PC,Fotele gamingowe - Akcesoria,
"Gaming: Konsole, Gry i Akcesoria",Konsole,Kamery - Akcesoria,
"Gaming: Konsole, Gry i Akcesoria",Konsole,Kontrolery - akcesoria,
"Gaming: Konsole, Gry i Akcesoria",VR - Wirtualna rzeczywistość,Akcesoria,
Gry i zabawki,Lalki i akcesoria,Akcesoria dla lalek,
Gry i zabawki,Zabawki ogrodowe,Akcesoria ogrodnicze,
Gry i zabawki,Zabawki ogrodowe,Do pływania,
Gry i zabawki,Zabawki ogrodowe,Gry i zabawy,
Gry i zabawki,Zabawki ogrodowe,Piaskownice i do piasku,
Instrumenty muzyczne,Instrumenty perkusyjne,Hardware,
Instrumenty muzyczne,Materiały wygłuszające,Pozostałe elementy tłumiące,
Instrumenty muzyczne,Mikrofony i słuchawki,Akcesoria,
Instrumenty muzyczne,Sprzęt DJ,Akcesoria DJ,
IT,Chłodzenie,Chłodzenie - akcesoria,
IT,Chłodzenie,Chłodzenie - akcesoria do chłodzenia wodnego,
IT,Chłodzenie,Chłodzenie - zestawy,
IT,Chłodzenie,Chłodzenie CPU,
IT,Chłodzenie,Chłodzenie do dysków,
IT,Chłodzenie,Chłodzenie VGA,
IT,Dyski i akcesoria,Dyski zewnętrzne,
IT,GPS - nawigacja satelitarna,Akcesoria do nawigacji satelitarnej,
IT,Karty graficzne,Akcesoria do kart graficznych,
IT,Mediaporty,Akcesoria,
IT,Monitory,Monitory - Akcesoria do monitorów,
IT,Multimedia,Czytniki e-Book (akcesoria),
IT,Multimedia,Odtwarzacze MP3 (akcesoria),
IT,Multimedia,Pętle indukcyjne - Akcesoria,
IT,"Notebooki, laptopy, ultrabooki",Akcesoria,
IT,Outlet,Outlet,
IT,Peryferia,Akcesoria do drukarek,
IT,Systemy audiowizualne,Akcesoria do ekranów,
IT,Systemy audiowizualne,Akcesoria do projektorów,
IT,Systemy audiowizualne,Akcesoria do tablic,
IT,Tablety,Akcesoria,
Materiały eksploatacyjne i artykuły szkolno-biurow,Artykuły biurowe,Kalkulatory - Akcesoria,
Materiały eksploatacyjne i artykuły szkolno-biurow,Prezentacja wizualna,Tablice i Flipcharty - akcesoria,
Materiały eksploatacyjne i artykuły szkolno-biurow,Prezentacja wizualna,Tablice interaktywne - akcesoria,
Materiały eksploatacyjne i artykuły szkolno-biurow,Urządzenia biurowe,Niszczarki - mat. eksploatacyjne,
Militaria,Odzież,Akcesoria do butów,
Militaria,Samoobrona,Akcesoria do paralizatorów,
Militaria,Samoobrona,Wyposażenie dla służb ochrony,
Militaria,Strzelectwo,Akcesoria,
Militaria,Strzelectwo,Akcesoria myśliwskie,
Militaria,Strzelectwo,Akcesoria strzeleckie,
Militaria,Strzelectwo,Części wewnętrzne ASG,
Militaria,Strzelectwo,Części zewnętrzne ASG,
Militaria,Survival,"Lornetki, noktowizory, termowizory",
Motoryzacja,Car audio,Komponenty do Car audio,
Motoryzacja,Elektronika i akcesoria,Akcesoria do zapalniczki samochodowej,
Motoryzacja,Elektronika i akcesoria,Alkomaty - Akcesoria,
Motoryzacja,Elektryka samochodowa,Akcesoria,
Motoryzacja,Kosmetyki i konserwacja,Narzędzia i akcesoria,
Motoryzacja,Podróż z dzieckiem,Akcesoria samochodowe dla dzieci,
Motoryzacja,Podróż z dzieckiem,Foteliki samochodowe - akcesoria,
Motoryzacja,Ładowanie pojazdów elektrycznych,Akcesoria do ładowarek,
"Obuwie, odzież i galanteria",Bieganie,Akcesoria,
"Obuwie, odzież i galanteria",Galanteria i dodatki,Akcesoria do biżuterii,
"Obuwie, odzież i galanteria",Klasyka,Obuwie - akcesoria,
Odnawialne źródła energii,Fotowoltaika,Akcesoria,
Odnawialne źródła energii,Pompy ciepła,Akcesoria,
Przemysł,Maszyny - urządzenia czyszczące i piorące,Akcesoria do odkurzaczy profesjonalnych,
Przemysł,Maszyny - urządzenia czyszczące i piorące,Komponenty do maszyn czyszcząco-piorących,
Przemysł,Maszyny - urządzenia czyszczące i piorące,Komponenty do maszyn szorująco-zbierających,
RTV,Projektory i akcesoria,Akcesoria do projektorów,
RTV,Telewizory i akcesoria,Akcesoria,
Sieci i systemy zabezpieczeń,Anteny,Akcesoria,
Sieci i systemy zabezpieczeń,CCTV Analog,Akcesoria,
Sieci i systemy zabezpieczeń,CCTV Analog HD,Akcesoria,
Sieci i systemy zabezpieczeń,CCTV IP,Akcesoria,
Sieci i systemy zabezpieczeń,Instalacje telekomunikacyjne,Akcesoria,
Sieci i systemy zabezpieczeń,Inteligenty dom,Akcesoria,
Sieci i systemy zabezpieczeń,Inteligenty dom,Alarm - akcesoria,
Sieci i systemy zabezpieczeń,Inteligenty dom,Audio/Video,
Sieci i systemy zabezpieczeń,Inteligenty dom,Nagłośnienie - akcesoria,
Sieci i systemy zabezpieczeń,"Kable, gniazda i wtyki",Akcesoria do kabli,
Sieci i systemy zabezpieczeń,Komunikacja i łączność,Akcesoria montażowe,
Sieci i systemy zabezpieczeń,Routery,Akcesoria,
Sieci i systemy zabezpieczeń,Storage,Akcesoria,
Sieci i systemy zabezpieczeń,Storage,Macierze dyskowe - akcesoria,
Sieci i systemy zabezpieczeń,Światłowody,Akcesoria,
Sieci i systemy zabezpieczeń,Switch-e,Akcesoria,
Sieci i systemy zabezpieczeń,Systemy Alarmowe,Akcesoria,
Sieci i systemy zabezpieczeń,Systemy Alarmowe,Komunikacja i powiadamianie,
Sieci i systemy zabezpieczeń,Systemy Domofonowe,Akcesoria,
Sieci i systemy zabezpieczeń,Systemy Domofonowe,Wideodomofony (zestawy),
Sieci i systemy zabezpieczeń,Systemy Sygnalizacji Pożarowej,Akcesoria,
Sieci i systemy zabezpieczeń,Systemy Wi-Fi,Akcesoria,
Sieci i systemy zabezpieczeń,Szafki,Akcesoria,
Sieci i systemy zabezpieczeń,Szafy rack,Akcesoria,
Sport i Turystyka,Akcesoria sportowe i turystyczne,Kamery sportowe - Akcesoria,
Sport i Turystyka,Akcesoria sportowe i turystyczne,Zegarki sportowe - Akcesoria,
Sport i Turystyka,Badminton,Zestawy,
Sport i Turystyka,Bagaż,Plecaki - akcesoria,
Sport i Turystyka,Bagaż,"Walizki, torby - Akcesoria",
Sport i Turystyka,Do biegania,Akcesoria,
Sport i Turystyka,Kemping,Do higieny,
Sport i Turystyka,Odżywki i suplementy,Akcesoria,
Sport i Turystyka,Pływanie,Akcesoria,
Sport i Turystyka,Rowery i akcesoria,Akcesoria do czyszczenia,
Sport i Turystyka,Rowery i akcesoria,Bagażniki i kufry - Akcesoria,
Sport i Turystyka,Siłownia i fitness,Akcesoria fitness,
Sport i Turystyka,Siłownia i fitness,Akcesoria na siłownię,
Sport i Turystyka,Siłownia i fitness,Ćwiczenia,
Sport i Turystyka,Triathlon,Akcesoria,
Sport i Turystyka,Wspinaczka,Akcesoria,
Sport i Turystyka,Łowiectwo i wędkarstwo,Sonary i echosondy - akcesoria,
Telekomunikacja,Akcesoria GSM,Pozostałe,
Telekomunikacja,Akcesoria GSM,"Smartwatch, smartband - akcesoria",
Telekomunikacja,Telefony komórkowe,Gwarancje - rozszerzenia,
Urządzenia sklepowe,Auto ID,Czytniki kodów kreskowych - akcesoria,
Urządzenia sklepowe,Auto ID,Rejestratory czasu pracy - akcesoria,
Urządzenia sklepowe,Auto ID,Terminale mobilne - Akcesoria,
Urządzenia sklepowe,Urządzenia sklepowe,Czytniki kodów kreskowych - akcesoria,
Urządzenia sklepowe,Urządzenia sklepowe,Interkomy kasowe - Akcesoria,
Urządzenia sklepowe,Urządzenia sklepowe,Liczarki pieniędzy - akcesoria,
Urządzenia sklepowe,Urządzenia sklepowe,Metkownice - akcesoria,
Urządzenia sklepowe,Urządzenia sklepowe,Testery banknotów - akcesoria,
Zasilanie,Listwy i przedłużacze,Akcesoria,
Zdrowie i Uroda,Erotyka,Dominacja i uległość,
Zdrowie i Uroda,Erotyka,Gadżety do kąpieli,
Zdrowie i Uroda,Erotyka,Higiena osobista i gadżetów erotycznych,
Zdrowie i Uroda,Erotyka,Zestawy,
Zdrowie i Uroda,Fizjoterapia i rehabilitacja,Do elektrostymulatowów - akcesoria,
Zdrowie i Uroda,Fizjoterapia i rehabilitacja,Masażery - Akcesoria,
Zdrowie i Uroda,Kosmetyki,Zestawy,
Zdrowie i Uroda,Urządzenia i sprzęt medyczny,Ciśnieniomierze - Akcesoria,
Zdrowie i Uroda,Urządzenia i sprzęt medyczny,Glukometry - Akcesoria,
Zdrowie i Uroda,Urządzenia i sprzęt medyczny,Inhalatory - Akcesoria,