0,1,2,Typy produktu,,,Typy produktu Unikaty
AGD,AGD - Produkty,Alkomaty, Szafki sieciowe,,,AccesPoint
AGD,AGD - Produkty,Automaty do jogurtów, Szafki sieciowe,,,Access Pointy
AGD,AGD - Produkty,Automaty do pieczenia chleba, Szafki sieciowe,,,Adaptery
AGD,AGD - Produkty,Automaty do pieczenia pizzy,AccesPoint,,,Adaptery Multi-Mode
AGD,AGD - Produkty,Automaty do popcornu,Access Pointy,,,Aerozol
AGD,AGD - Produkty,Baterie kuchenne,Adaptery,,,Agregaty
AGD,AGD - Produkty,Baterie łazienkowe,Adaptery,,,Akumulatorki
AGD,AGD - Produkty,Bojlery,Adaptery,,,Akumulatory
AGD,AGD - Produkty,Butelki filtrujące,Adaptery,,,Akwaria
AGD,AGD - Produkty,Chłodziarki do wina,Adaptery,,,Akwaria - pokrywy
AGD,AGD - Produkty,Cyrkulatory do gotowania,Adaptery Multi-Mode,,,Alarmy i odstraszacze
AGD,AGD - Produkty,Czajniki elektryczne,Aerozol,,,Alkomaty
AGD,AGD - Produkty,Czajniki nieelektryczne,Agregaty,,,Alternatory
AGD,AGD - Produkty,Czekoladowe fontanny,Agregaty,,,Amortyzatory
AGD,AGD - Produkty,Depilatory,Agregaty,,,Amplitunery
AGD,AGD - Produkty,Deski do prasowania,Akumulatorki,,,Amunicja
AGD,AGD - Produkty,Dozowniki do mydła,Akumulatorki,,,Amunicja sportowa
AGD,AGD - Produkty,Dozowniki do przypraw,Akumulatorki,,,Anteny
AGD,AGD - Produkty,Dystrybutory fontannowe,Akumulatorki,,,Anteny satelitarne
AGD,AGD - Produkty,Dzbanki filtrujące,Akumulatory,,,Antyradary
AGD,AGD - Produkty,Ekspresy do herbaty,akumulatory,,,Aparatura instalacyjna
AGD,AGD - Produkty,Ekspresy do kawy,Akumulatory,,,Aparatura pulpitowa
AGD,AGD - Produkty,Ekspresy do kawy - do zabudowy,Akumulatory,,,Aparaty CPAP
AGD,AGD - Produkty,Fondue,Akumulatory,,,Aparaty elektryczne
AGD,AGD - Produkty,Frytownice,Akumulatory,,,Aparaty fotograficzne
AGD,AGD - Produkty,Garnki / patelnie elektryczne,akumulatory,,,Aparaty na haluksy
AGD,AGD - Produkty,Garnki / patelnie nieelektryczne,Akumulatory,,,Aparaty słuchowe
AGD,AGD - Produkty,Golarki,Akumulatory,,,Apteczki
AGD,AGD - Produkty,Golarki do ubrań,Akumulatory,,,"Areatory, wertykulatory"
AGD,AGD - Produkty,Grille elektryczne,Akumulatory,,,Artykuły biurowe
AGD,AGD - Produkty,Grzejniki konwektorowe,Akumulatory,,,Atlasy
AGD,AGD - Produkty,Grzejniki olejowe,Akumulatory ,,,Atrapy
AGD,AGD - Produkty,Irygatory,Akwaria,,,Atrapy broni
AGD,AGD - Produkty,Jajowary,Akwaria - pokrywy,,,Atrapy dronów
AGD,AGD - Produkty,Kamienie do Pizzy,Alarmy i odstraszacze,,,Automaty do jogurtów
AGD,AGD - Produkty,Karbownice do włosów,Alkomaty,,,Automaty do pieczenia chleba
AGD,AGD - Produkty,Koce i poduszki elektryczne,Alkomaty,,,Automaty do pieczenia pizzy
AGD,AGD - Produkty,Kombiwary,Alternatory,,,Automaty do popcornu
AGD,AGD - Produkty,Kominki elektryczne,Amortyzatory,,,Automatyczne konewki
AGD,AGD - Produkty,Kostkarki do lodu,Amplitunery,,,Automatyka do bram
AGD,AGD - Produkty,Kosze i pojemniki na bieliznę,Amunicja,,,Bagażniki
AGD,AGD - Produkty,Krajalnice i noże elektryczne,Amunicja,,,"Bagażniki, kosze i kufry"
AGD,AGD - Produkty,Kuchenki,Amunicja sportowa,,,Baldachimy
AGD,AGD - Produkty,Kuchenki mikrofalowe do zabudowy,Amunicja sportowa,,,Balkoniki rehabilitacyjne
AGD,AGD - Produkty,Kuchenki mikrofalowe wolnostojące,Amunicja sportowa,,,Barierki do łóżka
AGD,AGD - Produkty,Kuchnie do zabudowy,Anteny,,,Baseny i brodziki
AGD,AGD - Produkty,Kuchnie wolnostojące,Anteny,,,"Baseny, brodziki, jacuzzi"
AGD,AGD - Produkty,Lodówki do zabudowy,Anteny,,,Baterie
AGD,AGD - Produkty,Lodówki turystyczne,Anteny,,,Baterie do wody
AGD,AGD - Produkty,Lodówki wolnostojące,Anteny,,,Bazy do fotelików dziecięcych
AGD,AGD - Produkty,Lokówki do włosów,Anteny,,,Bazy do fotelików samochodowych
AGD,AGD - Produkty,Lokówko-suszarki do włosów,Anteny,,,Bezpieczniki
AGD,AGD - Produkty,Maszynki do lodów,Anteny ,,,Bębny
AGD,AGD - Produkty,Maszynki do makaronu,Anteny ,,,Bidony
AGD,AGD - Produkty,Maszynki do mielenia,Anteny satelitarne,,,Bidony i Shakery
AGD,AGD - Produkty,Maszynki do strzyżenia,Antyradary,,,Bielizna
AGD,AGD - Produkty,Maszyny do szycia,Aparatura instalacyjna,,,Bieżnie
AGD,AGD - Produkty,Maszyny do waty cukrowej,Aparatura instalacyjna,,,"Bieżniki, podkładki, podstawki"
AGD,AGD - Produkty,Miksery / Blendery,Aparatura pulpitowa,,,Bindownice
AGD,AGD - Produkty,Mini piekarniki,Aparatura pulpitowa,,,Biurka i krzesła
AGD,AGD - Produkty,Minutniki,Aparaty CPAP,,,Biżuteria
AGD,AGD - Produkty,Mopy parowe,Aparaty elektryczne,,,Blachy i formy do pieczenia
AGD,AGD - Produkty,Moździerze,Aparaty fotograficzne,,,Blaty
AGD,AGD - Produkty,Myjki do szyb,Aparaty fotograficzne,,,Bloczki samoprzylepne
AGD,AGD - Produkty,Myjki parowe,Aparaty fotograficzne,,,Bloki i zeszyty
AGD,AGD - Produkty,Myjki ultradźwiękowe,Aparaty fotograficzne,,,Bluetooth
AGD,AGD - Produkty,Młynki do kawy,Aparaty na haluksy,,,Bluzy
AGD,AGD - Produkty,Młynki do przypraw,Aparaty słuchowe,,,Błotniki
AGD,AGD - Produkty,Naczynia żaroodporne,Aparaty słuchowe,,,Bojlery
AGD,AGD - Produkty,Ociekacze i suszarki do naczyń,Apteczki,,,Bramka bezpieczeństwa
AGD,AGD - Produkty,Oczyszczacze i nawilżacze powietrza,"Areatory, wertykulatory",,,Bramki do piłki nożnej
AGD,AGD - Produkty,Odkurzacze,"Areatory, wertykulatory",,,Bramki przemysłowe
AGD,AGD - Produkty,Okapy kuchenne,"Areatory, wertykulatory",,,Bramy
AGD,AGD - Produkty,Opiekacze,Artykuły biurowe,,,Broń
AGD,AGD - Produkty,Ostrzałki,Artykuły biurowe,,,Bruzdownice
AGD,AGD - Produkty,Osuszacze powietrza,Atlasy,,,Bujaki i skoczki
AGD,AGD - Produkty,Parowary,Atrapy,,,Butelki
AGD,AGD - Produkty,Parownice,Atrapy,,,Butelki z tuszem
AGD,AGD - Produkty,Piekarniki do zabudowy,Atrapy,,,Buty
AGD,AGD - Produkty,Podajniki do folii i papieru,Atrapy broni,,,Bypass
AGD,AGD - Produkty,Podgrzewacze do butelek,Atrapy broni,,,CB Radia
AGD,AGD - Produkty,Podgrzewacze do potraw,Atrapy dronów,,,Cegły i pustaki
AGD,AGD - Produkty,Pojemniki do zlewów,Automaty do jogurtów,,,Centrale systemu
AGD,AGD - Produkty,Pojemniki na środki czyszczące,Automaty do pieczenia chleba,,,Centralki tel. VoIP
AGD,AGD - Produkty,Pojemniki na żywność,Automaty do pieczenia pizzy,,,Chemia
AGD,AGD - Produkty,Polerki do obuwia,Automaty do popcornu,,,Chlapacze
AGD,AGD - Produkty,Pralki do zabudowy,Automatyczne konewki,,,Chłodzenie
AGD,AGD - Produkty,Pralki wolnostojące,Automatyka do bram,,,Chłodzenie wodne
AGD,AGD - Produkty,Pralko-suszarki do zabudowy,Bagażniki,,,Chłodziarki
AGD,AGD - Produkty,Pralko-suszarki wolnostojące,"Bagażniki, kosze i kufry",,,Chodziki
AGD,AGD - Produkty,Prodiże elektryczne,Baldachimy,,,Chodziki i jeździki
AGD,AGD - Produkty,Prostownice do włosów,Balkoniki rehabilitacyjne,,,"Chusty, arafatki, kominy"
AGD,AGD - Produkty,Płyty grzejne do zabudowy,Balkoniki rehabilitacyjne,,,Chwytaki
AGD,AGD - Produkty,Roboty kuchenne,Balkoniki rehabilitacyjne,,,Chwytaki do podnoszenia
AGD,AGD - Produkty,Roboty sprzątające,Barierki do łóżka,,,Ciśnieniomierze
AGD,AGD - Produkty,Saturatory,Baseny i brodziki,,,Czajniki
AGD,AGD - Produkty,Sokowirówki,"Baseny, brodziki, jacuzzi",,,Czapki
AGD,AGD - Produkty,Spieniacze do mleka,Baterie,,,Czapki i kaski
AGD,AGD - Produkty,Suszarki automatyczne do zabudowy,Baterie,,,Czekany
AGD,AGD - Produkty,Suszarki automatyczne wolnostojące,Baterie,,,Czepki
AGD,AGD - Produkty,Suszarki do butów,Baterie,,,Cześci i akcesoria do hulajnogi
AGD,AGD - Produkty,"Suszarki do grzybów, warzyw i owoców",Baterie,,,Części rowerowe
AGD,AGD - Produkty,Suszarki do rąk,Baterie,,,Części zamienne i serwisowe
AGD,AGD - Produkty,Suszarki do włosów,Baterie,,,Czujki
AGD,AGD - Produkty,Suszarki wolnostojące,Baterie do wody,,,Czujniki
AGD,AGD - Produkty,Suszarki łazienkowe i wolnostojące,Baterie do wody,,,Czujniki do UPS
AGD,AGD - Produkty,Szczoteczki do zębów,Baterie do wody,,,Czujniki MEMS
AGD,AGD - Produkty,Szczotki akumulatorowe,Bazy do fotelików dziecięcych,,,Czujniki parkowania i kamery cofania
AGD,AGD - Produkty,Sztućce i przybory kuchenne,Bazy do fotelików samochodowych,,,Czujniki ruchu
AGD,AGD - Produkty,Szuflady grzewcze,Bezpieczniki,,,Czyściki
AGD,AGD - Produkty,Szybkowary,Bębny,,,Czytniki
AGD,AGD - Produkty,Termosy i kubki termiczne,Bębny,,,Czytniki e-Book
AGD,AGD - Produkty,Termowentylatory,Bębny,,,Czytniki Kart
AGD,AGD - Produkty,Tostery,Bębny,,,Czytniki kart 
AGD,AGD - Produkty,Urządzenia do gotowania ryżu,Bębny,,,Czytniki kart dostępu
AGD,AGD - Produkty,Urządzenia do hot dogów,Bębny,,,Czytniki kart pamięci
AGD,AGD - Produkty,Urządzenia do masażu,Bębny,,,Czytniki linii papilarnych
AGD,AGD - Produkty,Urządzenia do pakowania próżniowego,Bębny,,,Dalmierze
AGD,AGD - Produkty,Urządzenia do smażenia naleśników,Bębny,,,"Dalmierze, niwelatory"
AGD,AGD - Produkty,Urządzenia do wyrobu makaronu,Bębny,,,Dania gotowe
AGD,AGD - Produkty,Waflownice,Bębny,,,Dekoracje
AGD,AGD - Produkty,Wagi kuchenne,Bębny,,,Depilatory
AGD,AGD - Produkty,Wagi łazienkowe,Bębny,,,Deski
AGD,AGD - Produkty,Warniki,Bidony,,,Deski do prasowania
AGD,AGD - Produkty,Wentylatory,Bidony i Shakery,,,Deski i teczki z klipem
AGD,AGD - Produkty,Wirówki,Bielizna,,,Deski WC i mocowania
AGD,AGD - Produkty,Witryny chłodnicze,Bielizna,,,Deskorolki
AGD,AGD - Produkty,Wkłady do zlewów,Bielizna,,,Dezynfekcja
AGD,AGD - Produkty,Woki,Bielizna,,,Dilda
AGD,AGD - Produkty,Wolnowary,Bielizna,,,Diody LED
AGD,AGD - Produkty,Wyciskarki do cytrusów,Bielizna,,,Dłuta
AGD,AGD - Produkty,Wyciskarki wolnoobrotowe,Bielizna,,,Dmuchawki
AGD,AGD - Produkty,Wypiekacze,Bieżnie,,,Do butów - elementy serwisowe
AGD,AGD - Produkty,Zamrażarki do zabudowy,"Bieżniki, podkładki, podstawki",,,do rozbicia
AGD,AGD - Produkty,Zamrażarki wolnostojące,Bindownice,,,Do snu
AGD,AGD - Produkty,Zaparzacze i kawiarki,Biurka i krzesła,,,Dodatki spożywcze
AGD,AGD - Produkty,Żelazka i generatory pary,Biurka i krzesła,,,Domki dla lalek
AGD,AGD - Produkty,Zestawy WC,Biurka i krzesła,,,Domki ogrodowe
AGD,AGD - Produkty,Zgrzewarki do folii,Biurka i krzesła,,,"Domki, namioty dla dzieci"
AGD,AGD - Produkty,Zlewozmywaki,Biurka i krzesła,,,Domofony
AGD,AGD - Produkty,Zmywarki do zabudowy,Biurka i krzesła,,,Domowe stacje pogodowe
AGD,AGD - Produkty,Zmywarki wolnostojące,Biurka i krzesła,,,Donice
AGD,UŻYWANE PRODUKTY AGD,Ekspresy do kawy,Biurka i krzesła,,,Dozowniki
AGD,Wyposażenie,"Bieżniki, podkładki, podstawki",Biurka i krzesła,,,Drabiny
AGD,Wyposażenie,Blachy i formy do pieczenia,Biurka i krzesła,,,Drapaki
AGD,Wyposażenie,Dystrybutory na napoje,Biurka i krzesła,,,Dresy
AGD,Wyposażenie,Kubki,Biurka i krzesła,,,Drewno konstrukcyjne
AGD,Wyposażenie,Naczynia,Biurka i krzesła,,,Drobne narzędzia ogrodowe
AGD,Wyposażenie,Organizery,Biurka i krzesła,,,Drony
AGD,Wyposażenie,"Patery, etażerki",Biurka i krzesła,,,Drukarki
AGD,Wyposażenie,Przechowywanie żywności,Biżuteria,,,"Druty, igły, szydełka"
AGD,Wyposażenie,Salaterki i półmiski,Biżuteria,,,Drzwi przesuwne
AGD,Wyposażenie,Słoiki i butelki,Blachy i formy do pieczenia,,,Drzwi przesuwne do alejek
Artykuły spożywcze,Dania gotowe,Dania główne,Blaty,,,DVB-T Karty komputerowe
Artykuły spożywcze,Dania gotowe,Dania śniadaniowe,Bloczki samoprzylepne,,,Dyfuzory
Artykuły spożywcze,Dania gotowe,Desery,Bloki i zeszyty,,,Dyski HDD
Artykuły spożywcze,Dania gotowe,Zupy,Bluetooth,,,Dyski HDD /Dyski SSD
Artykuły spożywcze,Dodatki,Bakalie i owoce,Bluzy,,,Dyski SSD
Artykuły spożywcze,Dodatki,Dodatki sypkie,Bluzy,,,Dyski SSHD
Artykuły spożywcze,Kawa i herbata,Czekolada rozpuszczalna,Bluzy,,,Dyski zewnętrzne
Artykuły spożywcze,Kawa i herbata,Herbata,Bluzy,,,Dyskietki
Artykuły spożywcze,Kawa i herbata,Kawa mielona,Bluzy,,,Dystrybutory fontannowe
Artykuły spożywcze,Kawa i herbata,Kawa rozpuszczalna,Bluzy,,,Dystrybutory na napoje
Artykuły spożywcze,Kawa i herbata,Kawa w kapsułkach,Bluzy,,,Dywaniki
Artykuły spożywcze,Kawa i herbata,Kawa ziarnista,Bluzy,,,Dziurkacze
Artykuły spożywcze,Napoje,Gazowane,Bluzy,,,Dzwonki
Artykuły spożywcze,Napoje,Niegazowane,Bluzy,,,Efekty gitarowe
Artykuły spożywcze,Napoje,Soki,Bluzy,,,Ekranowe filtry
Artykuły spożywcze,Produkty mączne,Do wypieku,Bluzy,,,Ekrany
Artykuły spożywcze,Produkty mączne,Gotowe,Bluzy,,,Ekrany projekcyjne
Artykuły spożywcze,"Ryże, makarony, kasze",Kasze,Bluzy,,,Ekspresy
Artykuły spożywcze,"Ryże, makarony, kasze",Makarony,Błotniki,,,Elektronika do dronów
Artykuły spożywcze,"Ryże, makarony, kasze",Ryże,Bojlery,,,Elektrostymulacja
Artykuły spożywcze,Słodycze i przekąski,Batony,Bramka bezpieczeństwa,,,Elektrostymulatory
Artykuły spożywcze,Słodycze i przekąski,Ciasta,Bramki do piłki nożnej,,,Elektrozaczepy
Artykuły spożywcze,Słodycze i przekąski,Ciastka,Bramki przemysłowe,,,Elementy konstrukcyjne i łączące
Artykuły spożywcze,Słodycze i przekąski,Czekolady,Bramy,,,Elementy montażowe
Artykuły spożywcze,Słodycze i przekąski,Gumy do żucia,Broń,,,Etui i futerały
Artykuły spożywcze,Słodycze i przekąski,Krakersy,Broń,,,Etykiety
Artykuły spożywcze,Słodycze i przekąski,Orzechy i mieszanki,Broń,,,Etykiety samoprzylepne
Artykuły spożywcze,Słodycze i przekąski,"Pralinki, czekoladki",Bruzdownice,,,Extendery
Artykuły spożywcze,Słodycze i przekąski,Przekąski słodkie,Bujaki i skoczki,,,Farby
Artykuły spożywcze,Słodycze i przekąski,Przekąski słone,Butelki,,,Farby do maskowania i kamuflażu
Artykuły spożywcze,Słodycze i przekąski,Przekąski zbożowe,Butelki z tuszem,,,Figurki
Artykuły spożywcze,Słodycze i przekąski,"Sezamki, chałwa",Buty,,,Filamenty
Artykuły spożywcze,Słodycze i przekąski,Żelki,Buty,,,Filmy
Artykuły spożywcze,Żywność dla dzieci,Produkty bezmleczne,Buty,,,Filtry
Artykuły spożywcze,Żywność dla dzieci,Produkty mleczne,Buty,,,Filtry fotograficzne
Digital Signage & Business TV,Ekrany LED,Kurtyny LED,Buty,,,Firewalle i bramy zabezpieczające
Digital Signage & Business TV,Ekrany LED,Tablice wyników,Buty,,,Firewalle sprzętowe
Digital Signage & Business TV,Ekrany LED,Telebimy Mobilne,Buty,,,Folie do laminacji
Digital Signage & Business TV,"Kable, gniazda, wtyki","Gniazda, wtyki",Buty,,,Folie i szkła
Digital Signage & Business TV,"Kable, gniazda, wtyki",Kable antenowe,Buty,,,Folie pakowe
Digital Signage & Business TV,"Kable, gniazda, wtyki",Kable HDMI,Bypass,,,Folie termotransferowe
Digital Signage & Business TV,"Kable, gniazda, wtyki",Kable JACK i RCA(Cinch),CB Radia,,,Fotele gamingowe
Digital Signage & Business TV,"Kable, gniazda, wtyki",Kable optyczne,Cegły i pustaki,,,Fotele geriatryczne
Digital Signage & Business TV,"Kable, gniazda, wtyki",Kable SCART,Cegły i pustaki,,,Fotele ogrodowe
Digital Signage & Business TV,"Kable, gniazda, wtyki",Patchcable,Cegły i pustaki,,,Foteliki rowerowe
Digital Signage & Business TV,Mediaporty,Bloki nablatowe,Centrale systemu,,,Foteliki samochodowe
Digital Signage & Business TV,Mediaporty,Bloki podblatowe,Centrale systemu,,,Fotopułapki
Digital Signage & Business TV,Mediaporty,Kolumny wysuwane,Centrale systemu,,,Frezarki
Digital Signage & Business TV,Mediaporty,Listwy zasilające dedykowane do przyłączy stołowyc,Centrale systemu,,,Frezarki do pięt
Digital Signage & Business TV,Mediaporty,Listwy zasilające podblatowe,Centralki tel. VoIP,,,Froterki
Digital Signage & Business TV,Mediaporty,Moduły indywidualne,Centralki tel. VoIP,,,Frytownice
Digital Signage & Business TV,Mediaporty,Organizery kablowe,Chemia,,,Gadżety
Digital Signage & Business TV,Mediaporty,Ramki,Chemia,,,Gadżety 
Digital Signage & Business TV,Mediaporty,Wpuszczane w blat - otwarte,Chemia,,,Garnki / patelnie nieelektryczne
Digital Signage & Business TV,Mediaporty,Wpuszczane w blat - zamykane,Chemia,,,Garnki elektryczne
Digital Signage & Business TV,Monitory medyczne,Monitory medyczne,Chemia,,,Garnki/patelnie elektryczne
Digital Signage & Business TV,Monitory profesjonalne LFD/LCD,Infokioski / Totemy,Chemia,,,Gaśnice
Digital Signage & Business TV,Monitory profesjonalne LFD/LCD,Mocowania specjalistyczne do ekranów LED/LCD,Chemia,,,Gatewaye (bramki)
Digital Signage & Business TV,Monitory profesjonalne LFD/LCD,Monitory bezramkowe,Chemia,,,Gaziki
Digital Signage & Business TV,Monitory profesjonalne LFD/LCD,Monitory dotykowe,Chemia,,,Gazy pieprzowe
Digital Signage & Business TV,Monitory profesjonalne LFD/LCD,Monitory standardowe,Chemia,,,"Gilotyny, Trymery"
Digital Signage & Business TV,Monitory profesjonalne LFD/LCD,Monitory zewnętrzne,Chemia,,,Gitary i Basy
Digital Signage & Business TV,Monitory profesjonalne LFD/LCD,Obudowy i standy do ekranów LED/LCD,Chemia,,,Glebogryzarki i kultywatory
Digital Signage & Business TV,Monitory profesjonalne LFD/LCD,Podstawki i stelaże,Chemia,,,Glukometry
Digital Signage & Business TV,Monitory profesjonalne LFD/LCD,Splitery i przełączniki video,Chemia,,,Głośniki
Digital Signage & Business TV,Monitory profesjonalne LFD/LCD,Uchwyty,Chemia,,,Głośniki przenośne
Digital Signage & Business TV,Playery DS,Playery DS,Chemia,,,Głowice
Digital Signage & Business TV,Projektory i tablice,Akcesoria do ekranów,Chemia,,,"Gniazda, wtyki"
Digital Signage & Business TV,Projektory i tablice,Akcesoria do projektorów,Chemia,,,Gogle
Digital Signage & Business TV,Projektory i tablice,Akcesoria do tablic,Chemia,,,Gogle i okulary
Digital Signage & Business TV,Projektory i tablice,Ekrany do projektorów,Chemia,,,Gogle wirtualnej rzeczywistości
Digital Signage & Business TV,Projektory i tablice,Lampy,Chemia,,,Golarki/Maszynki do strzyżenia
Digital Signage & Business TV,Projektory i tablice,Oprogramowanie,Chemia,,,GPS - nawigacja satelitarna
Digital Signage & Business TV,Projektory i tablice,Projektory biznesowe,Chemia,,,Grabie
Digital Signage & Business TV,Projektory i tablice,Projektory do kina domowego,Chemia,,,Gramofony
Digital Signage & Business TV,Projektory i tablice,Projektory laserowe,Chemia,,,"Green Gas, CO2, HPA"
Digital Signage & Business TV,Projektory i tablice,Tablice interaktywne,Chemia,,,Grille
Digital Signage & Business TV,Projektory i tablice,Uchwyty do projektorów,Chemia,,,Gry
Digital Signage & Business TV,Projektory i tablice,Uchwyty i stojaki do tablic,Chemia,,,Gry edukacyjne
Digital Signage & Business TV,Telewizja hotelowa,Akcesoria,Chemia,,,Gry erotyczne
Digital Signage & Business TV,Telewizja hotelowa,Maskownice kabli,Chemia,,,Gry kreatywne
Digital Signage & Business TV,Telewizja hotelowa,"Multiswitche, konwertery",Chemia,,,Gryfy
Digital Signage & Business TV,Telewizja hotelowa,Piloty do zdalnego sterowania,Chemia,,,Grzałki
Digital Signage & Business TV,Telewizja hotelowa,Półki pod sprzęt RTV,Chemia,,,Grzbiety do bindowania
Digital Signage & Business TV,Telewizja hotelowa,Stoliki i szafki pod sprzęt RTV,Chemia,,,Grzejniki
Digital Signage & Business TV,Telewizja hotelowa,Telewizory hotelowe,Chemia,,,Gumki
Digital Signage & Business TV,Telewizja hotelowa,Uchwyty do telewizorów/monitorów,Chemia,,,Gumy do ćwiczeń
Dla seniora,Diagnostyka,Ciśnieniomierze,Chemia,,,Gwarancje - rozszerzenia
Dla seniora,Diagnostyka,Dezynfekcja,Chemia,,,Gwarancje i rozszerzenia
Dla seniora,Diagnostyka,Maseczki ochronne,Chemia,,,Gwoździarki
Dla seniora,Diagnostyka,Pikflometry,Chemia,,,Gwoździarki i sztyfciarki
Dla seniora,Diagnostyka,Pomiar składu ciała,Chemia,,,Haczyki i woblery
Dla seniora,Diagnostyka,Pulsoksymetry,Chemia,,,Halogeny
Dla seniora,Diagnostyka,Rękawice jednorazowe,Chemia,,,Hamaki
Dla seniora,Diagnostyka,Termometry,Chemia,,,Hamaki i leżaki
Dla seniora,Diagnostyka,Wagi,Chemia,,,Hantle
Dla seniora,Kuchnia,Akcesoria i pomoce,Chemia,,,Holtery
Dla seniora,Kuchnia,Kubki dla niepełnosprawnych,Chemia,,,Huby USB
Dla seniora,Kuchnia,"Miski, talerze i pojemniki",Chemia,,,Hulajnogi
Dla seniora,Kuchnia,Noże i deski do krojenia,Chemia,,,Huśtawki
Dla seniora,Kuchnia,Otwieracze,Chemia,,,Imadła
Dla seniora,Kuchnia,Śliniaki i fartuchy,Chemia,,,Infokioski / Totemy
Dla seniora,Kuchnia,Sztućce dla niepełnosprawnych,Chemia,,,Inhalatory
Dla seniora,Nowoczesny senior,Aparaty słuchowe,Chemia,,,Inhalatory i nebulizatory
Dla seniora,Nowoczesny senior,Inhalatory i nebulizatory,Chemia,,,Instrumenty dęte
Dla seniora,Nowoczesny senior,Lampy antydepresyjne,Chemia,,,Instrumenty dla dzieci
Dla seniora,Nowoczesny senior,Masażery i maty masujące,Chemia,,,Instrumenty klawiszowe i MIDI
Dla seniora,Nowoczesny senior,Oczyszczacze i nawilżacze powietrza,Chemia,,,Instrumenty muzyczne
Dla seniora,Nowoczesny senior,Olejki do aromaterapii i dyfuzory,Chemia,,,Instrumenty perkusyjne
Dla seniora,Nowoczesny senior,Opaski SOS,Chemia,,,Instrumenty smyczkowe
Dla seniora,Nowoczesny senior,Produkty z konopii,Chemia,,,Inteligentne doniczki
Dla seniora,Nowoczesny senior,Telefony komórkowe,Chemia,,,Inteligentne PDU
Dla seniora,Nowoczesny senior,Urządzenia do pielęgnacji ciała,Chemia,,,Interkomy
Dla seniora,Nowoczesny senior,Wagi medyczne,Chemia,,,Invertery
Dla seniora,Nowoczesny senior,Witaminy i Suplementy diety,Chemia,,,Inwertery
Dla seniora,Ortezy i stabilizatory,Barku,Chemia,,,Irygatory
Dla seniora,Ortezy i stabilizatory,Gorsety i ortezy kręgosłupa,Chemia,,,Izolacja
Dla seniora,Ortezy i stabilizatory,Kolana,Chemia,,,Jajowary
Dla seniora,Ortezy i stabilizatory,Kończyny dolnej,Chemia,,,Kabiny i brodziki
Dla seniora,Ortezy i stabilizatory,Kończyny górnej,Chemia,,,Kable
Dla seniora,Ortezy i stabilizatory,Kołnierze ortopedyczne,Chemia,,,Kable rozruchowe
Dla seniora,Ortezy i stabilizatory,Pasy biodrowe,Chemia,,,Kabury i pokrowce
Dla seniora,Ortezy i stabilizatory,Pasy brzuszne,Chemia,,,Kajaki
Dla seniora,Ortezy i stabilizatory,Pasy żebrowe,Chemia,,,Kajdanki
Dla seniora,Ortezy i stabilizatory,Stopy,Chemia,,,Kalendarze
Dla seniora,Ortezy i stabilizatory,Temblaki,Chemia,,,Kalkulatory
Dla seniora,Ortezy i stabilizatory,Łokcia,Chemia,,,Kamery
Dla seniora,Pomoce codzienne,Akcesoria do podróży,Chemia,,,Kamery inspekcyjne
Dla seniora,Pomoce codzienne,Chwytaki do podnoszenia,Chemia,,,Kamery PTZ
Dla seniora,Pomoce codzienne,Czas wolny i gry,Chemia,,,Kamery termowizyjne
Dla seniora,Pomoce codzienne,Dozowanie kropli do oczu,Chemia,,,Kamienie do Pizzy
Dla seniora,Pomoce codzienne,Gadżety do domu,Chemia,,,Kamizelki
Dla seniora,Pomoce codzienne,Kombinezony,Chemia,,,Kamizelki taktyczne i kuloodporne
Dla seniora,Pomoce codzienne,Maski antysmogowe,Chemia,,,Kanały elektroinstalacyjne
Dla seniora,Pomoce codzienne,Narzędzia ogrodnicze,Chemia,,,Kanistry
Dla seniora,Pomoce codzienne,Nożyczki,Chemia,,,Kapodaster
Dla seniora,Pomoce codzienne,Poduszki obrotowe,Chemia,,,Karabińczyki
Dla seniora,Pomoce codzienne,Pojemniki i kasetki na leki,Chemia,,,Karabińczyki i breloki
Dla seniora,Pomoce codzienne,Pomoce do ubierania,Chemia,,,Karbownice
Dla seniora,Pomoce codzienne,Produkty rozgrzewające,Chemia,,,Karbownice do włosów
Dla seniora,Pomoce codzienne,Rękawice ochronne,Chemia,,,Karma
Dla seniora,Pomoce codzienne,Skarpety zdrowotne,Chemia,,,Karty
Dla seniora,Pomoce codzienne,Wózki na zakupy,Chemia,,,Karty do streamingu
Dla seniora,Poruszanie,Akcesoria do kul i lasek,Chemia,,,Karty dostępu
Dla seniora,Poruszanie,Kule ortopedyczne,Chemia,,,Karty graficzne
Dla seniora,Poruszanie,Laski ortopedyczne,Chemia,,,Karty HBA
Dla seniora,Poruszanie,Nakładki antypoślizgowe na buty,Chlapacze,,,Karty muzyczne
Dla seniora,Poruszanie,Podnośniki i Pionizatory,Chłodzenie,,,Karty pamięci
Dla seniora,Poruszanie,Poruszanie kończyn,Chłodzenie,,,Karty sieciowe
Dla seniora,Poruszanie,Rampy progowe i podjazdowe,Chłodzenie wodne,,,Kasety RDX
Dla seniora,Poruszanie,Rowery rehabilitacyjne trójkołowe,Chłodziarki,,,Kaski
Dla seniora,Poruszanie,Schodołazy,Chodziki,,,Kastry
Dla seniora,Poruszanie,Transfer pacjenta,Chodziki i jeździki,,,Kasy fiskalne
Dla seniora,Poruszanie,Wózki do przewozu chorych,"Chusty, arafatki, kominy",,,Kasy samoobsługowe
Dla seniora,Sprzęt rehabilitacyjny,Aparaty na haluksy,Chwytaki,,,Kawa i herbata
Dla seniora,Sprzęt rehabilitacyjny,Fotele geriatryczne,Chwytaki do podnoszenia,,,Kettlebell
Dla seniora,Sprzęt rehabilitacyjny,Kompresy żelowe ciepło-zimno,Ciśnieniomierze,,,Kielnie
Dla seniora,Sprzęt rehabilitacyjny,Produkty z gryki,Ciśnieniomierze,,,Kieszenie HDD
Dla seniora,Sprzęt rehabilitacyjny,Przyrządy do ćwiczeń,Czajniki,,,Kije
Dla seniora,Sprzęt rehabilitacyjny,Przyrządy przeciwbólowe,Czajniki,,,Kije do Nordic Walking i trekkingu
Dla seniora,Sprzęt rehabilitacyjny,Rotory do ćwiczeń rąk i nóg,Czapki,,,Kilofy
Dla seniora,Sprzęt rehabilitacyjny,Taśmy do ćwiczeń i piłki,Czapki,,,Kinkiety
Dla seniora,Sprzęt rehabilitacyjny,Urządzenia do masażu,Czapki,,,Klamerki i przyssawki
Dla seniora,Sprzęt rehabilitacyjny,Zdrowotne obuwie Scholl,Czapki i kaski,,,Klatki i transportery
Dla seniora,Sypialnia,Aparaty CPAP (bezdech senny),Czekany,,,Klawiaturowe zestawy z myszą
Dla seniora,Sypialnia,Bezpieczna pozycja w łóżku,Czepki,,,Klawiatury
Dla seniora,Sypialnia,Materace ortopedyczne i medyczne,Cześci i akcesoria do hulajnogi,,,Klimatory
Dla seniora,Sypialnia,Materace przeciwodleżynowe piankowe,Cześci i akcesoria do hulajnogi,,,Klipsy LED
Dla seniora,Sypialnia,Materace przeciwodleżynowe zmiennociśnieniowe,Części rowerowe,,,Klocki
Dla seniora,Sypialnia,Ochraniacze i podkłady przeciwodleżynowe,Części zamienne i serwisowe,,,Klucze
Dla seniora,Sypialnia,Pasy krępujące,Czujki,,,Klucze pneumatyczne
Dla seniora,Sypialnia,Pieluchomajtki,Czujki,,,Klucze sprzętowe
Dla seniora,Sypialnia,Podkłady i prześcieradła nieprzemakalne,Czujniki,,,Klucze udarowe
Dla seniora,Sypialnia,Poduszki ortopedyczne,Czujniki,,,Kłódki
Dla seniora,Sypialnia,Poręcze do łóżka,Czujniki,,,Koce gaśnicze
Dla seniora,Sypialnia,Preparaty na odleżyny,Czujniki,,,Koce i poduszki elektryczne
Dla seniora,Sypialnia,Stoliki i tace do łóżka,Czujniki do UPS,,,"Koce, poduszki i ogrzewacze elektryczne"
Dla seniora,Sypialnia,Szafki przyłóżkowe,Czujniki MEMS,,,Kojce i wybiegi
Dla seniora,Sypialnia,Wysięgniki do łóżka,Czujniki parkowania i kamery cofania,,,Kolejki
Dla seniora,Sypialnia,Łóżka rehabilitacyjne,Czujniki ruchu,,,Kolektory słoneczne
Dla seniora,Wózki i balkoniki,Akcesoria do balkoników,Czyściki,,,Kolumny
Dla seniora,Wózki i balkoniki,Akcesoria do wózków inwalidzkich,Czyściki,,,Koła zapasowe
Dla seniora,Wózki i balkoniki,Balkoniki do nauki chodzenia,Czytniki,,,Kołowrotki wędkarskie
Dla seniora,Wózki i balkoniki,Balkoniki rehabilitacyjne,Czytniki,,,Kołyski
Dla seniora,Wózki i balkoniki,Chodziki rehabilitacyjne,Czytniki,,,Kombinezony
Dla seniora,Wózki i balkoniki,Pasy zabezpieczające do wózków inwalidzkich,Czytniki e-Book,,,Kominki elektryczne
Dla seniora,Wózki i balkoniki,Podpórki trójkołowe,Czytniki Kart,,,Kompasy i busole
Dla seniora,Wózki i balkoniki,Poduszki na wóżek inwalidzki,Czytniki kart ,,,Komplety lakiernicze
Dla seniora,Wózki i balkoniki,Skutery inwalidzkie elektryczne,Czytniki kart ,,,Komplety mebli
Dla seniora,Wózki i balkoniki,Wózki inwalidzkie,Czytniki kart dostępu,,,Komponenty do Car audio
Dla seniora,Wózki i balkoniki,Wózki inwalidzkie elektryczne,Czytniki kart pamięci,,,Kompostowniki
Dla seniora,Łazienka i toaleta,Dbanie o wygląd,Czytniki linii papilarnych,,,Kompresory
Dla seniora,Łazienka i toaleta,Kosmetyki,Dalmierze,,,Kompresy żelowe ciepło-zimno
Dla seniora,Łazienka i toaleta,Krzesła prysznicowe,"Dalmierze, niwelatory",,,Komputery
Dla seniora,Łazienka i toaleta,Krzesła toaletowe,Dania gotowe,,,Komputery All-in-one
Dla seniora,Łazienka i toaleta,Maty antypoślizgowe,Dania gotowe,,,Komputery Barebone
Dla seniora,Łazienka i toaleta,Nasadki podwyższające sedes,Dania gotowe,,,Konserwacja
Dla seniora,Łazienka i toaleta,Podnośniki wannowe,Dania gotowe,,,Konsole
Dla seniora,Łazienka i toaleta,Podpórki do wstawania z sedesu,Dekoracje,,,Konsolety mikserskie
Dla seniora,Łazienka i toaleta,Poręcze dla niepełnosprawnych,Dekoracje,,,Kontrolery
Dla seniora,Łazienka i toaleta,Przybory do mycia ciała,Dekoracje ,,,Kontrolery dyskowe
Dla seniora,Łazienka i toaleta,Przybory do mycia niepełnosprawnego,Depilatory,,,Kontrolery Wi-Fi
Dla seniora,Łazienka i toaleta,Przybory sanitarne,Depilatory,,,Konwertery
Dla seniora,Łazienka i toaleta,Schodki do wanny,Deski,,,Konwertery 
Dla seniora,Łazienka i toaleta,Siedziska wannowe,Deski do prasowania,,,końcówki i szczotki
Dla seniora,Łazienka i toaleta,Taborety kąpielowe,Deski i teczki z klipem,,,Koparki kryptowalut
Dla seniora,Łazienka i toaleta,Uchwyty toaletowe,Deski WC i mocowania,,,Koperty
Dla seniora,Łazienka i toaleta,Uchwyty wannowe,Deskorolki,,,Kopiarki
Dla seniora,Łazienka i toaleta,"Wózki toaletowe, prysznicowe",Deskorolki,,,Koprocesory
Dla zwierząt,Akwarystyka,Akcesoria,Deskorolki,,,Korektory graficzne
Dla zwierząt,Akwarystyka,Akwaria,Deskorolki ,,,Korki
Dla zwierząt,Akwarystyka,Akwaria - pokrywy,Dezynfekcja,,,Kosiarki
Dla zwierząt,Akwarystyka,Akwaria - zestawy,Dilda,,,Kostkarki do lodu
Dla zwierząt,Akwarystyka,Chemia,Diody LED,,,Kostki
Dla zwierząt,Akwarystyka,Dekoracje,Dłuta,,,Kosy i Podkaszarki
Dla zwierząt,Akwarystyka,Filtry,Dmuchawki,,,Kosze
Dla zwierząt,Akwarystyka,Filtry - media filtracyjne,Do butów - elementy serwisowe,,,Kosze i pojemniki 
Dla zwierząt,Akwarystyka,Grzałki,do rozbicia,,,Koszule
Dla zwierząt,Akwarystyka,Napowietrzacze,do rozbicia,,,Koszule\Koszulki
Dla zwierząt,Akwarystyka,Oświetlenie,do rozbicia,,,Koszulki
Dla zwierząt,Akwarystyka,Podłoża,do rozbicia,,,Koszyki i torby
Dla zwierząt,Akwarystyka,Pokarm,do rozbicia,,,Krajalnice i noże elektryczne
Dla zwierząt,Akwarystyka,Pompy,Do snu,,,Krosownice
Dla zwierząt,Akwarystyka,Sterylizatory,Do snu,,,Krótkofalówki
Dla zwierząt,Akwarystyka,Suplementy i preparaty lecznicze,Dodatki spożywcze,,,Kruszarki do szkła
Dla zwierząt,Dla Kota,Do snu,Dodatki spożywcze,,,Krzesełka
Dla zwierząt,Dla Kota,Drapaki,Domki dla lalek,,,Krzesełka wielofunkcyjne
Dla zwierząt,Dla Kota,Karma mokra,Domki dla lalek,,,Krzesiwa i zapalniczki
Dla zwierząt,Dla Kota,Karma sucha,Domki dla lalek,,,Krzesła prysznicowe
Dla zwierząt,Dla Kota,Klatki i transportery,Domki ogrodowe,,,Krzesła toaletowe
Dla zwierząt,Dla Kota,Kuwety,"Domki, namioty dla dzieci",,,Książki
Dla zwierząt,Dla Kota,"Miski, pojemniki i poidełka",Domofony,,,Kubki
Dla zwierząt,Dla Kota,Na spacer,Domowe stacje pogodowe,,,Kubotany i długopisy taktyczne
Dla zwierząt,Dla Kota,Pielęgnacja,Donice,,,Kuchenki
Dla zwierząt,Dla Kota,Przysmaki,Dozowniki,,,Kuchenki mikrofalowe
Dla zwierząt,Dla Kota,Suplementy i preparaty lecznicze,Dozowniki,,,Kuchnie
Dla zwierząt,Dla Kota,Wycieraczki pod kuwety,Dozowniki,,,Kufry
Dla zwierząt,Dla Kota,Zabawki,Dozowniki,,,Kule ortopedyczne
Dla zwierząt,Dla Kota,Żwirek,Dozowniki,,,Kulki
Dla zwierząt,Dla małych zwierząt,Karma,Drabink,,,Kulochwyty
Dla zwierząt,Dla małych zwierząt,Klatki,Drabiny,,,Kurtki
Dla zwierząt,Dla małych zwierząt,Klatki - wyposażenie,Drapaki,,,Kurtyny LED
Dla zwierząt,Dla małych zwierząt,Kojce i wybiegi,Dresy,,,Kuwety
Dla zwierząt,Dla małych zwierząt,Pielęgnacja,Dresy,,,Laktatory
Dla zwierząt,Dla małych zwierząt,Podłoża i trociny,Drewno konstrukcyjne,,,Lalki
Dla zwierząt,Dla małych zwierząt,Przysmaki,Drobne narzędzia ogrodowe,,,Laminatory
Dla zwierząt,Dla małych zwierząt,Suplementy i preparaty lecznicze,Drobne narzędzia ogrodowe,,,Lampki 
Dla zwierząt,Dla małych zwierząt,Transportery,Drobne narzędzia ogrodowe,,,Lampy
Dla zwierząt,Dla małych zwierząt,Zabawki,Drobne narzędzia ogrodowe,,,Lampy antydepresyjne
Dla zwierząt,Dla psa,Do snu,Drobne narzędzia ogrodowe,,,Lampy do projektorów
Dla zwierząt,Dla psa,Karma mokra,Drobne narzędzia ogrodowe,,,Lampy kosmetyczne
Dla zwierząt,Dla psa,Karma sucha,Drobne narzędzia ogrodowe,,,Laptopy i smartfony edukacyjne
Dla zwierząt,Dla psa,Klatki i transportery,Drobne narzędzia ogrodowe,,,Latarki
Dla zwierząt,Dla psa,Książki i czasopisma,Drobne narzędzia ogrodowe,,,Leginsy
Dla zwierząt,Dla psa,"Miski, pojemniki i poidełka",Drobne narzędzia ogrodowe,,,Lewarki
Dla zwierząt,Dla psa,Na spacer,Drony,,,Leżaczki i huśtawki
Dla zwierząt,Dla psa,Odzież,Drony,,,Leżaki
Dla zwierząt,Dla psa,Pielęgnacja,Drukarki,,,Leżanka warsztatowa
Dla zwierząt,Dla psa,Przysmaki,Drukarki,,,Leżanki
Dla zwierząt,Dla psa,Suplementy i preparaty lecznicze,Drukarki,,,Liczarki
Dla zwierząt,Dla psa,Szkolenie,Drukarki,,,Liczniki / Czujniki prędkości i kadencji
Dla zwierząt,Dla psa,Zabawki,Drukarki,,,Liczniki energii
Dla zwierząt,Dla zwierząt hodowlanych,Karma,Drukarki,,,Lifting twarzy
Dla zwierząt,Dla zwierząt hodowlanych,Klatki,Drukarki,,,Liny
Dla zwierząt,Dla zwierząt hodowlanych,Klatki - wyposażenie,Drukarki,,,Liny holownicze
Dla zwierząt,Dla zwierząt hodowlanych,Kojce i wybiegi,Drukarki,,,Listwy oświetleniowe
Dla zwierząt,Dla zwierząt hodowlanych,Pielęgnacja,Drukarki,,,Listwy zasilające
Dla zwierząt,Dla zwierząt hodowlanych,Podłoża i trociny,Drukarki,,,Lodówki
Dla zwierząt,Dla zwierząt hodowlanych,Przysmaki,Drukarki,,,Lokalizatory
Dla zwierząt,Dla zwierząt hodowlanych,Suplementy i preparaty lecznicze,Drukarki,,,Lokówki do włosów
Dla zwierząt,Dla zwierząt hodowlanych,Transportery,Drukarki,,,Lornetki
Dla zwierząt,Dla zwierząt hodowlanych,Zabawki,Drukarki,,,Lornetki i lunety
Dla zwierząt,Ptaki,Klatki,Drukarki,,,Lotki
Dla zwierząt,Ptaki,Klatki - wyposażenie,Drukarki ,,,Lusterka
Dla zwierząt,Ptaki,Piasek,"Druty, igły, szydełka",,,Lustra
Dla zwierząt,Ptaki,Pielęgnacja,Drzwi przesuwne,,,Lutownice
Dla zwierząt,Ptaki,Pokarm,Drzwi przesuwne do alejek,,,Ładowarki
Dla zwierząt,Ptaki,Przysmaki,DVB-T Karty komputerowe,,,Ładowarki do akumulatorów
Dla zwierząt,Ptaki,Suplementy i preparaty lecznicze,Dyfuzory,,,Ładowarki do pojazdów elektrycznych
Dla zwierząt,Ptaki,Zabawki,Dyfuzory,,,Ładowarki mobilne
Dla zwierząt,VET,Karma mokra dla kota,Dyski HDD,,,Ławki i stoły
Dla zwierząt,VET,Karma mokra dla psa,Dyski HDD,,,Łodzie
Dla zwierząt,VET,Karma sucha dla kota,Dyski HDD,,,Łopaty
Dla zwierząt,VET,Karma sucha dla psa,Dyski HDD ,,,Łopaty i szpadle
Dla zwierząt,VET,Suplementy i preparaty lecznicze dla kota,Dyski HDD ,,,Łożyska
Dla zwierząt,VET,Suplementy i preparaty lecznicze dla psa,Dyski HDD /Dyski SSD,,,Łóżka i materace
"Dom, Warsztat i Ogród",Akcesoria do domu,Dekoracje ścienne,Dyski SSD,,,Łóżka rehabilitacyjne
"Dom, Warsztat i Ogród",Akcesoria do domu,Donice,Dyski SSD,,,Łuki
"Dom, Warsztat i Ogród",Akcesoria do domu,"Drabinki, schodki, podstawki",Dyski SSD,,,Łuparki do drewna
"Dom, Warsztat i Ogród",Akcesoria do domu,Dzwonki,Dyski SSD,,,Łyżwy
"Dom, Warsztat i Ogród",Akcesoria do domu,Koszyki i torby,Dyski SSD,,,Macierze dyskowe
"Dom, Warsztat i Ogród",Akcesoria do domu,Kłódki,Dyski SSD,,,Magazynki i bębny
"Dom, Warsztat i Ogród",Akcesoria do domu,Moskitiery,Dyski SSHD,,,Magazynki i ładowarki
"Dom, Warsztat i Ogród",Akcesoria do domu,Odstraszacze gryzoni,Dyski zewnętrzne,,,Magazyny energii
"Dom, Warsztat i Ogród",Akcesoria do domu,Odstraszacze owadów,Dyskietki,,,Magnetofony
"Dom, Warsztat i Ogród",Akcesoria do domu,Ozdoby,Dystrybutory fontannowe,,,Majtki
"Dom, Warsztat i Ogród",Akcesoria do domu,Relingi,Dystrybutory fontannowe,,,Manicure / Pedicure
"Dom, Warsztat i Ogród",Akcesoria do domu,Świece,Dystrybutory na napoje,,,Manipulatory
"Dom, Warsztat i Ogród",Akcesoria do domu,Uchwyty i zasobniki papieru toaletowego,Dywaniki,,,Masażery
"Dom, Warsztat i Ogród",Akcesoria do domu,Wieszaki,Dziurkacze,,,Maski
"Dom, Warsztat i Ogród",Akcesoria do domu,Zasłony prysznicowe,Dziurkacze,,,Maski ochronne
"Dom, Warsztat i Ogród",Aparaty elektryczne,Aparatura instalacyjna,Dzwonki,,,Maskotki
"Dom, Warsztat i Ogród",Aparaty elektryczne,Aparatura pulpitowa,Dzwonki,,,Maskownice kabli
"Dom, Warsztat i Ogród",Aparaty elektryczne,Liczniki energii,Efekty gitarowe,,,Masturbatory
"Dom, Warsztat i Ogród",Aparaty elektryczne,Obudowy instalacyjne,Ekranowe filtry,,,Maszynki do golenia
"Dom, Warsztat i Ogród",Aparaty elektryczne,Ograniczniki przepięć,Ekrany,,,Maszynki do lodów
"Dom, Warsztat i Ogród",Aparaty elektryczne,Podstawy bezpiecznikowe,Ekrany projekcyjne,,,Maszynki do makaronu
"Dom, Warsztat i Ogród",Aparaty elektryczne,Rozłączniki izolacyjne,Ekrany projekcyjne,,,Maszynki do mielenia
"Dom, Warsztat i Ogród",Aparaty elektryczne,Wyłączniki nadprądowe,Ekrany projekcyjne,,,Maszyny - urządzenia czyszczące i piorące
"Dom, Warsztat i Ogród",Aparaty elektryczne,Wyłączniki różnicowoprądowe,Ekrany projekcyjne,,,Maszyny do szycia
"Dom, Warsztat i Ogród",Architektura ogrodowa,Baldachimy ogrodowe,Ekspresy,,,Maszyny do waty cukrowej
"Dom, Warsztat i Ogród",Architektura ogrodowa,Baseny - Akcesoria,Ekspresy,,,Materace
"Dom, Warsztat i Ogród",Architektura ogrodowa,"Baseny, brodziki, jacuzzi",Ekspresy,,,Materiały reklamowe
"Dom, Warsztat i Ogród",Architektura ogrodowa,Domki ogrodowe,Ekspresy,,,Matryce
"Dom, Warsztat i Ogród",Architektura ogrodowa,Fotele ogrodowe,Ekspresy,,,Maty
"Dom, Warsztat i Ogród",Architektura ogrodowa,Hamaki,Elektronika do dronów,,,Maty antypoślizgowe
"Dom, Warsztat i Ogród",Architektura ogrodowa,Huśtawki,Elektrostymulacja,,,Maty i nakładki masujące
"Dom, Warsztat i Ogród",Architektura ogrodowa,Komplety mebli,Elektrostymulatory,,,Maty tłumiące
"Dom, Warsztat i Ogród",Architektura ogrodowa,Leżaki,Elektrozaczepy,,,Meble do przechowywania
"Dom, Warsztat i Ogród",Architektura ogrodowa,Obrzeża i palisady,Elementy konstrukcyjne i łączące,,,Mediaporty
"Dom, Warsztat i Ogród",Architektura ogrodowa,Ogrzewacze tarasowe,Elementy konstrukcyjne i łączące,,,Megafony
"Dom, Warsztat i Ogród",Architektura ogrodowa,Parasole,Elementy konstrukcyjne i łączące,,,Metkownice
"Dom, Warsztat i Ogród",Architektura ogrodowa,Parawany,Elementy konstrukcyjne i łączące,,,Metronomy i tunery
"Dom, Warsztat i Ogród",Architektura ogrodowa,Podstawy pod parasole,Elementy konstrukcyjne i łączące,,,Miarki
"Dom, Warsztat i Ogród",Architektura ogrodowa,Regały,Elementy konstrukcyjne i łączące,,,Mierniki
"Dom, Warsztat i Ogród",Architektura ogrodowa,Skrzynie,Elementy konstrukcyjne i łączące,,,Mierniki grubości lakieru
"Dom, Warsztat i Ogród",Architektura ogrodowa,"Sofy, narożniki",Elementy montażowe,,,Mierniki tłuszczu
"Dom, Warsztat i Ogród",Architektura ogrodowa,Statywy do ogrzewaczy,Etui / Futerały,,,Mieszacze POE
"Dom, Warsztat i Ogród",Architektura ogrodowa,"Stołki, krzesła",Etui / Futerały,,,Mieszadła
"Dom, Warsztat i Ogród",Architektura ogrodowa,Stoły,Etui i futerały,,,Mieszarki
"Dom, Warsztat i Ogród",Architektura ogrodowa,Szafki,Etui i futerały,,,Mikrodermabrazja
"Dom, Warsztat i Ogród",Architektura ogrodowa,Trampoliny,Etui i futerały,,,Mikrofony
"Dom, Warsztat i Ogród",Architektura ogrodowa,Wieszaki,Etui i futerały,,,Mikrofony/Głośniki
"Dom, Warsztat i Ogród",Architektura ogrodowa,Ławki i stoły,Etui i futerały,,,Mikrokomputery
"Dom, Warsztat i Ogród",Chemia,Kapsułki do prania,Etui i futerały,,,Mikroskopy
"Dom, Warsztat i Ogród",Chemia,Kapsułki i tabletki do zmywarki,Etykiety,,,miksery
"Dom, Warsztat i Ogród",Chemia,Kleje,Etykiety samoprzylepne,,,Miksery / Blendery
"Dom, Warsztat i Ogród",Chemia,Lakiery,Extendery,,,Mini wieże
"Dom, Warsztat i Ogród",Chemia,Odtłuszczacze,Extendery,,,Minutniki
"Dom, Warsztat i Ogród",Chemia,Oliwy,Extendery,,,"Miotły, zmiotki i szufelki"
"Dom, Warsztat i Ogród",Chemia,Preparaty do czyszczenia okularów,Extendery,,,"Miski, pojemniki i poidełka"
"Dom, Warsztat i Ogród",Chemia,Preparaty do czyszczenia toalet,Farby,,,Młotki
"Dom, Warsztat i Ogród",Chemia,Preparaty do mycia i nabłyszczania powierzchni,Farby do maskowania i kamuflażu,,,Młotowiertarki
"Dom, Warsztat i Ogród",Chemia,Preparaty do mycia okien,Figurki,,,Młoty udarowe
"Dom, Warsztat i Ogród",Chemia,Proszki do prania,Figurki,,,Młynki
"Dom, Warsztat i Ogród",Chemia,Płyny do dezynfekcji,Figurki,,,Mocowani/Uchwyty
"Dom, Warsztat i Ogród",Chemia,Płyny do mycia naczyń,Figurki,,,Mocowania/Uchwyty
"Dom, Warsztat i Ogród",Chemia,Płyny do prania,Figurki,,,Modemy
"Dom, Warsztat i Ogród",Chemia,Płyny do płukania,Figurki,,,Modularne Systemy Wi-Fi
"Dom, Warsztat i Ogród",Chemia,Rozcieńczalniki,Figurki,,,Modulatory i transmodulatory
"Dom, Warsztat i Ogród",Chemia,Rozpuszczalniki,Filamenty,,,Moduły bateryjne
"Dom, Warsztat i Ogród",Chemia,Smary,Filamenty,,,Moduły do kart sieciowych
"Dom, Warsztat i Ogród",Chemia,Środki antykorozyjne,Filamenty,,,Moduły do Switch'y
"Dom, Warsztat i Ogród",Chemia,Środki piorące i odplamiające,Filmy,,,Moduły fotowoltaiczne
"Dom, Warsztat i Ogród",Chemia,Środki przeciw owadom,Filtry,,,Moduły GSM
"Dom, Warsztat i Ogród",Chemia,Woda destylowana,Filtry,,,Moduły indywidualne
"Dom, Warsztat i Ogród",Chemia,Zmywacze do klejów i etykiet,filtry,,,Moduły optyczne
"Dom, Warsztat i Ogród",Elementy konstrukcyjne i łączące,Gwoździe,Filtry ,,,Moduły wygrzewacza
"Dom, Warsztat i Ogród",Elementy konstrukcyjne i łączące,Liny,Filtry ,,,Moduły zasilania awaryjnego
"Dom, Warsztat i Ogród",Elementy konstrukcyjne i łączące,Napinacze,Filtry ,,,Monitory
"Dom, Warsztat i Ogród",Elementy konstrukcyjne i łączące,Nity,Filtry fotograficzne,,,Monitory aktywności i snu
"Dom, Warsztat i Ogród",Elementy konstrukcyjne i łączące,Podkładki,Firewalle i bramy zabezpieczające,,,Monitory oddechu
"Dom, Warsztat i Ogród",Elementy konstrukcyjne i łączące,Śruby,Firewalle sprzętowe,,,Monokulary
"Dom, Warsztat i Ogród",Elementy konstrukcyjne i łączące,Wkręty,Folie do laminacji,,,Moskitiery
"Dom, Warsztat i Ogród",Grillowanie,Akcesoria,Folie i szkła,,,Motocykle i skutery
"Dom, Warsztat i Ogród",Grillowanie,Grille elektryczne,Folie pakowe,,,Moździerze
"Dom, Warsztat i Ogród",Grillowanie,Grille gazowe,Folie termotransferowe,,,"Multiswitche, konwertery"
"Dom, Warsztat i Ogród",Grillowanie,Grille węglowe,Folie termotransferowe,,,Multitoole
"Dom, Warsztat i Ogród",Grillowanie,Podstawy do grilli,Folie termotransferowe,,,Myjki
"Dom, Warsztat i Ogród",Grillowanie,Rozpalarki do grilla,Folie termotransferowe,,,Myjki ciśnieniowe
"Dom, Warsztat i Ogród",Grillowanie,Stojaki i ruszty,Fotele gamingowe,,,Myjki parowe
"Dom, Warsztat i Ogród",Grillowanie,"Węgiel, wiórki i podpałki",Fotele geriatryczne,,,Myjki ultradźwiękowe
"Dom, Warsztat i Ogród",Klimatyzacja,Akcesoria,Fotele ogrodowe,,,Myszy
"Dom, Warsztat i Ogród",Klimatyzacja,Klimatory,Foteliki rowerowe,,,Naciągacze jąder
"Dom, Warsztat i Ogród",Klimatyzacja,Klimatyzatory kanałowe,Foteliki samochodowe,,,Naciągi tenisowe
"Dom, Warsztat i Ogród",Klimatyzacja,Klimatyzatory kasetonowe INVERTER,Foteliki samochodowe,,,Naczynia
"Dom, Warsztat i Ogród",Klimatyzacja,Klimatyzatory kasetonowe ON/OFF,Fotopułapki,,,Naczynia turystyczne
"Dom, Warsztat i Ogród",Klimatyzacja,Klimatyzatory multi,Frezarki,,,Naczynia żaroodporne
"Dom, Warsztat i Ogród",Klimatyzacja,Klimatyzatory przenośne,Frezarki,,,Naczynia/Sztućce i przybory kuchenne
"Dom, Warsztat i Ogród",Klimatyzacja,Klimatyzatory ścienne INVERTER,Frezarki do pięt,,,Nadajniki Bluetooth
"Dom, Warsztat i Ogród",Klimatyzacja,Klimatyzatory ścienne ON/OFF,Froterki,,,Nadajniki NFC
"Dom, Warsztat i Ogród",Materiały budowlane i instalacyjne,Bloczki,Frytownice,,,Nagrzewnice
"Dom, Warsztat i Ogród",Materiały budowlane i instalacyjne,Cegły,Gadżety,,,Nagrzewnice 
"Dom, Warsztat i Ogród",Materiały budowlane i instalacyjne,Drewno konstrukcyjne,Gadżety ,,,Naklejki
"Dom, Warsztat i Ogród",Materiały budowlane i instalacyjne,Izolacja akustyczna,Gadżety ,,,Nakładki antypoślizgowe na buty
"Dom, Warsztat i Ogród",Materiały budowlane i instalacyjne,Izolacja cieplna,Gadżety ,,,Nakładki na kierownicę
"Dom, Warsztat i Ogród",Materiały budowlane i instalacyjne,Kable elektryczne,Gadżety ,,,Nakolanniki i Nałokietniki
"Dom, Warsztat i Ogród",Materiały budowlane i instalacyjne,Kanały elektroinstalacyjne,Garnki / patelnie nieelektryczne,,,Nakrycia głowy
"Dom, Warsztat i Ogród",Materiały budowlane i instalacyjne,Kredy traserskie,Garnki / patelnie nieelektryczne,,,Namioty i tarpy
"Dom, Warsztat i Ogród",Materiały budowlane i instalacyjne,Markery,Garnki elektryczne,,,Napędy
"Dom, Warsztat i Ogród",Materiały budowlane i instalacyjne,Osprzęt elektroinstalacyjny,Garnki/patelnie elektryczne,,,Napędy optyczne
"Dom, Warsztat i Ogród",Materiały budowlane i instalacyjne,Ołówki stolarskie,Garnki/patelnie elektryczne,,,Napędy RDX
"Dom, Warsztat i Ogród",Materiały budowlane i instalacyjne,Plandeki,Garnki/patelnie elektryczne,,,Napędy taśmowe
"Dom, Warsztat i Ogród",Materiały budowlane i instalacyjne,Podkłady gruntujące,Garnki/patelnie elektryczne,,,Napoje
"Dom, Warsztat i Ogród",Materiały budowlane i instalacyjne,Pustaki ceramiczne,Garnki/patelnie elektryczne,,,Napowietrzacze
"Dom, Warsztat i Ogród",Materiały budowlane i instalacyjne,Płyty laminowane,Garnki/patelnie elektryczne,,,Naprasowanki
"Dom, Warsztat i Ogród",Materiały budowlane i instalacyjne,Płyty surowe,Garnki/patelnie elektryczne,,,Narty
"Dom, Warsztat i Ogród",Materiały budowlane i instalacyjne,Sznurki traserskie,Gaśnice,,,Narzędzia
"Dom, Warsztat i Ogród",Materiały budowlane i instalacyjne,Taśmy do wykładzin,Gatewaye (bramki),,,Narzędzia - osprzęt
"Dom, Warsztat i Ogród",Materiały budowlane i instalacyjne,Taśmy dwustronne,Gaziki,,,Narzędzia budowlane
"Dom, Warsztat i Ogród",Materiały budowlane i instalacyjne,Taśmy izolacyjne,Gazy pieprzowe,,,NAS
"Dom, Warsztat i Ogród",Materiały budowlane i instalacyjne,Taśmy montażowe,"Gilotyny, Trymery",,,Nasadki podwyższające sedes
"Dom, Warsztat i Ogród",Materiały budowlane i instalacyjne,Taśmy naprawcze,Gitary i Basy,,,Nasiona
"Dom, Warsztat i Ogród",Materiały budowlane i instalacyjne,Taśmy ostrzegawcze,Gitary i Basy,,,Naszywki
"Dom, Warsztat i Ogród",Materiały budowlane i instalacyjne,Taśmy uniwersalne,Gitary i Basy,,,Nawigacja
"Dom, Warsztat i Ogród",Materiały budowlane i instalacyjne,Taśmy uszczelniające,Gitary i Basy,,,Nianie elektroniczne
"Dom, Warsztat i Ogród",Materiały budowlane i instalacyjne,Tynki,Gitary i Basy,,,Nici
"Dom, Warsztat i Ogród",Materiały budowlane i instalacyjne,Uszczelki,Gitary i Basy,,,Nieśmiertelniki
"Dom, Warsztat i Ogród",Materiały budowlane i instalacyjne,Zaprawy cementowe,Gitary i Basy,,,Niezintegrowane świetlówki kompaktowe
"Dom, Warsztat i Ogród",Materiały budowlane i instalacyjne,Zaprawy gipsowe,Glebogryzarki i kultywatory,,,Niszczarki
"Dom, Warsztat i Ogród",Meble,Barki i lady,Glebogryzarki i kultywatory,,,Nitownice
"Dom, Warsztat i Ogród",Meble,Biurka,Glukometry,,,"Nocniki, nakładki na sedes"
"Dom, Warsztat i Ogród",Meble,Blaty,Głośniki,,,Nosidełka
"Dom, Warsztat i Ogród",Meble,Bufety i witryny,Głośniki,,,Nośniki
"Dom, Warsztat i Ogród",Meble,Elementy uzupełniające - akcesoria,Głośniki,,,Notebooki
"Dom, Warsztat i Ogród",Meble,Fotele,Głośniki,,,Noże
"Dom, Warsztat i Ogród",Meble,Hamaki i leżaki,Głośniki,,,"Noże, scyzoryki, maczety"
"Dom, Warsztat i Ogród",Meble,Hokery,Głośniki,,,Nożyce
"Dom, Warsztat i Ogród",Meble,Komody,Głośniki,,,Nożyce do żywopłotu
"Dom, Warsztat i Ogród",Meble,Kontenerki,Głośniki ,,,Nożyczki
"Dom, Warsztat i Ogród",Meble,Krzesła,Głośniki przenośne,,,Nożyczki i Nożyki
"Dom, Warsztat i Ogród",Meble,Lustra,Głowice,,,Nóżki i płozy
"Dom, Warsztat i Ogród",Meble,Materace,"Gniazda, wtyki",,,Obciążniki
"Dom, Warsztat i Ogród",Meble,Meble kuchenne,"Gniazda, wtyki",,,Obiektywy
"Dom, Warsztat i Ogród",Meble,Meble przedpokojowe,"Gniazda, wtyki",,,Obroże i kneble
"Dom, Warsztat i Ogród",Meble,Meble łazienkowe,"Gniazda, wtyki",,,Obrzeża i palisady
"Dom, Warsztat i Ogród",Meble,Meblościanki,"Gniazda, wtyki",,,Obudowy
"Dom, Warsztat i Ogród",Meble,Narożniki,"Gniazda, wtyki",,,Obudowy 
"Dom, Warsztat i Ogród",Meble,Parawany,"Gniazda, wtyki",,,Obudowy do dronów
"Dom, Warsztat i Ogród",Meble,Półki meblowe,"Gniazda, wtyki",,,Obudowy instalacyjne
"Dom, Warsztat i Ogród",Meble,Pufy i podnóżki,"Gniazda, wtyki",,,Obudowy komputerowe
"Dom, Warsztat i Ogród",Meble,Regały,"Gniazda, wtyki",,,Obudowy zewnętrzne na dyski
"Dom, Warsztat i Ogród",Meble,Skrzynie,"Gniazda, wtyki",,,Obuwie
"Dom, Warsztat i Ogród",Meble,Sofy i tapczany,"Gniazda, wtyki",,,Ochraniacze
"Dom, Warsztat i Ogród",Meble,Stoły,"Gniazda, wtyki",,,Ochraniacze i podkłady przeciwodleżynowe
"Dom, Warsztat i Ogród",Meble,Szafki nocne,"Gniazda, wtyki",,,Ochrona oczu
"Dom, Warsztat i Ogród",Meble,Szafki RTV,"Gniazda, wtyki",,,Ochrona piersi
"Dom, Warsztat i Ogród",Meble,Szafy,"Gniazda, wtyki",,,Ochrona słuchu
"Dom, Warsztat i Ogród",Meble,Szezlongi,"Gniazda, wtyki",,,Ochrona twarzy
"Dom, Warsztat i Ogród",Meble,Taborety,"Gniazda, wtyki",,,Ociekacze i suszarki do naczyń
"Dom, Warsztat i Ogród",Meble,Toaletki i konsole,"Gniazda, wtyki",,,Oczyszczacze i nawilżacze powietrza
"Dom, Warsztat i Ogród",Meble,Wieszaki,Gogle,,,Oczyszczacze wody
"Dom, Warsztat i Ogród",Meble,Ławki,Gogle,,,Odkurzacze
"Dom, Warsztat i Ogród",Meble,Ławy i stoły,Gogle,,,Odkurzacze i dmuchawy do liści
"Dom, Warsztat i Ogród",Meble,Łóżka,Gogle i okulary,,,Odstraszacze
"Dom, Warsztat i Ogród",Narzędzia - osprzęt,Adaptery,Gogle wirtualnej rzeczywistości,,,Odstraszacze gryzoni
"Dom, Warsztat i Ogród",Narzędzia - osprzęt,Akcesoria do lutowania,Golarki/Maszynki do strzyżenia,,,Odstraszacze owadów
"Dom, Warsztat i Ogród",Narzędzia - osprzęt,Akcesoria do nożyc,Golarki/Maszynki do strzyżenia,,,Odśnieżarki
"Dom, Warsztat i Ogród",Narzędzia - osprzęt,Akcesoria do opalarek,Golarki/Maszynki do strzyżenia,,,Odświeżacze powietrza
"Dom, Warsztat i Ogród",Narzędzia - osprzęt,Akcesoria polerujące,GPS - nawigacja satelitarna,,,Odtwarzacze 
"Dom, Warsztat i Ogród",Narzędzia - osprzęt,Akumulatory,GPS - nawigacja satelitarna,,,Odtwarzacze multimedialne
"Dom, Warsztat i Ogród",Narzędzia - osprzęt,Brzeszczoty,GPS - nawigacja satelitarna,,,Odzież dla zwierząt
"Dom, Warsztat i Ogród",Narzędzia - osprzęt,Części zamienne i eksploatacyjne do myjek,Grabie,,,Odzież maskująca
"Dom, Warsztat i Ogród",Narzędzia - osprzęt,Frezy,Gramofony,,,Odżywki i suplementy
"Dom, Warsztat i Ogród",Narzędzia - osprzęt,Gwintowanie,Gramofony ,,,Ograniczniki przepięć
"Dom, Warsztat i Ogród",Narzędzia - osprzęt,Gwoździe,"Green Gas, CO2, HPA",,,Ogrodzenia
"Dom, Warsztat i Ogród",Narzędzia - osprzęt,Głowice i żyłki do podkaszarek,Grille,,,Ogrzewacze
"Dom, Warsztat i Ogród",Narzędzia - osprzęt,Końcówki do wkręcania,Grille,,,Ogrzewacze chemiczne
"Dom, Warsztat i Ogród",Narzędzia - osprzęt,Magazynki do wkrętów,Grille,,,Ogrzewacze do rąk
"Dom, Warsztat i Ogród",Narzędzia - osprzęt,Nity,Grille,,,Okapy kuchenne
"Dom, Warsztat i Ogród",Narzędzia - osprzęt,Noże zamienne,Gry,,,Okrycia kąpielowe
"Dom, Warsztat i Ogród",Narzędzia - osprzęt,Oleje do agregatów,Gry,,,Okulary
"Dom, Warsztat i Ogród",Narzędzia - osprzęt,Opaski zaciskowe,Gry,,,Olejki i świece do masażu
"Dom, Warsztat i Ogród",Narzędzia - osprzęt,Osełki,Gry,,,Opalarki
"Dom, Warsztat i Ogród",Narzędzia - osprzęt,Osprzęt kujący,Gry,,,Opaski
"Dom, Warsztat i Ogród",Narzędzia - osprzęt,Ostrza do noży,Gry,,,Opaski do włosów
"Dom, Warsztat i Ogród",Narzędzia - osprzęt,Otwornice,Gry,,,Opaski medyczne
"Dom, Warsztat i Ogród",Narzędzia - osprzęt,Papier ścierny,Gry,,,Opiekacze
"Dom, Warsztat i Ogród",Narzędzia - osprzęt,Pasy,Gry,,,Opony
"Dom, Warsztat i Ogród",Narzędzia - osprzęt,Pistolety do pompowania kół,Gry,,,Oprawy
"Dom, Warsztat i Ogród",Narzędzia - osprzęt,Podstawy jezdne do kosiarek,Gry edukacyjne,,,Oprogramowanie
"Dom, Warsztat i Ogród",Narzędzia - osprzęt,Pojemniki na pył,Gry edukacyjne,,,Opryskiwacze
"Dom, Warsztat i Ogród",Narzędzia - osprzęt,Preparaty i płyny do myjek,Gry edukacyjne,,,Optyka i celowniki
"Dom, Warsztat i Ogród",Narzędzia - osprzęt,Prowadnice do cięcia,Gry edukacyjne,,,Optymalizatory
"Dom, Warsztat i Ogród",Narzędzia - osprzęt,Przewody pneumatyczne,Gry edukacyjne,,,Orbitreki
"Dom, Warsztat i Ogród",Narzędzia - osprzęt,Skrzynie i torby narzędziowe,Gry edukacyjne,,,Organizery
"Dom, Warsztat i Ogród",Narzędzia - osprzęt,Stacje dokujące,Gry edukacyjne,,,Ortezy i stabilizatory
"Dom, Warsztat i Ogród",Narzędzia - osprzęt,Statywy do narzędzi,Gry edukacyjne,,,Osłony amortyzatora
"Dom, Warsztat i Ogród",Narzędzia - osprzęt,Stoły narzędziowe,Gry edukacyjne,,,Osłony przeciwwietrzne
"Dom, Warsztat i Ogród",Narzędzia - osprzęt,Szczotki druciane do elektronarzędzi,Gry edukacyjne,,,Osprzęt elektroinstalacyjny
"Dom, Warsztat i Ogród",Narzędzia - osprzęt,Tarcze tnące i szlifierskie,Gry edukacyjne,,,Ostrza
"Dom, Warsztat i Ogród",Narzędzia - osprzęt,Uchwyty do wiertarek,Gry edukacyjne,,,Ostrzałki
"Dom, Warsztat i Ogród",Narzędzia - osprzęt,Walizki,Gry erotyczne,,,Oświetlenie
"Dom, Warsztat i Ogród",Narzędzia - osprzęt,Wiertła,Gry kreatywne,,,Oświetlenie samochodowe
"Dom, Warsztat i Ogród",Narzędzia - osprzęt,Wkłady klejowe do pistoletów,Gry kreatywne,,,Oświetlenie sceniczne
"Dom, Warsztat i Ogród",Narzędzia - osprzęt,Worki na pył,Gry kreatywne,,,Otoskopy
"Dom, Warsztat i Ogród",Narzędzia - osprzęt,Wytłoczki do walizek,Gry kreatywne,,,Ozdoby
"Dom, Warsztat i Ogród",Narzędzia - osprzęt,Zszywki do zszywaczy,Gry kreatywne,,,Packi i pejcze
"Dom, Warsztat i Ogród",Narzędzia - osprzęt,Ładowarki do akumulatorów,Gry kreatywne,,,Palniki
"Dom, Warsztat i Ogród",Narzędzia - osprzęt,Łańcuchy tnące,Gry kreatywne,,,Pałki obronne
"Dom, Warsztat i Ogród",Narzędzia i przybory malarsko-lakiernicze,Folie i osłony malarskie,Gry kreatywne,,,Pamięci
"Dom, Warsztat i Ogród",Narzędzia i przybory malarsko-lakiernicze,Komplety lakiernicze,Gryfy,,,Pamięci FlashDrive
"Dom, Warsztat i Ogród",Narzędzia i przybory malarsko-lakiernicze,Kuwety i kratki,Grzałki,,,Panele
"Dom, Warsztat i Ogród",Narzędzia i przybory malarsko-lakiernicze,Pędzle,Grzbiety do bindowania,,,Panele krosownicze
"Dom, Warsztat i Ogród",Narzędzia i przybory malarsko-lakiernicze,Pistolety lakiernicze,Grzejniki,,,Papier 
"Dom, Warsztat i Ogród",Narzędzia i przybory malarsko-lakiernicze,Pojemniki do farb,Grzejniki,,,Papiery pakowe i ozdobne
"Dom, Warsztat i Ogród",Narzędzia i przybory malarsko-lakiernicze,Taśmy,Gumki,,,Parasole
"Dom, Warsztat i Ogród",Narzędzia i przybory malarsko-lakiernicze,Wałki,Gumy do ćwiczeń,,,Parasolki
"Dom, Warsztat i Ogród",Narzędzia i urządzenia akumulatorowe,"Areatory, wertykulatory",Gwarancje - rozszerzenia,,,Parawany
"Dom, Warsztat i Ogród",Narzędzia i urządzenia akumulatorowe,Frezarki,Gwarancje - rozszerzenia,,,Parowary
"Dom, Warsztat i Ogród",Narzędzia i urządzenia akumulatorowe,Gwoździarki i sztyfciarki,Gwarancje i rozszerzenia,,,Parownice
"Dom, Warsztat i Ogród",Narzędzia i urządzenia akumulatorowe,Klucze udarowe,Gwarancje i rozszerzenia,,,Paski
"Dom, Warsztat i Ogród",Narzędzia i urządzenia akumulatorowe,Klucze zapadkowe,Gwarancje i rozszerzenia,,,Paski do zegarków i smartwatchy
"Dom, Warsztat i Ogród",Narzędzia i urządzenia akumulatorowe,Kompresory,Gwarancje i rozszerzenia,,,Pasty termoprzewodzące
"Dom, Warsztat i Ogród",Narzędzia i urządzenia akumulatorowe,Kosiarki,Gwarancje i rozszerzenia,,,Pasy
"Dom, Warsztat i Ogród",Narzędzia i urządzenia akumulatorowe,Kultywatory,Gwarancje i rozszerzenia,,,Pasy cnoty
"Dom, Warsztat i Ogród",Narzędzia i urządzenia akumulatorowe,Latarki przemysłowe,Gwarancje i rozszerzenia,,,Pasy gitarowe
"Dom, Warsztat i Ogród",Narzędzia i urządzenia akumulatorowe,Mieszarki,Gwarancje i rozszerzenia,,,Pasy krępujące
"Dom, Warsztat i Ogród",Narzędzia i urządzenia akumulatorowe,Myjki ciśnieniowe,Gwarancje i rozszerzenia,,,Pasy transmisyjne
"Dom, Warsztat i Ogród",Narzędzia i urządzenia akumulatorowe,Młotowiertarki,Gwarancje i rozszerzenia,,,Pasy zabezpieczające do wózków inwalidzkich
"Dom, Warsztat i Ogród",Narzędzia i urządzenia akumulatorowe,Młoty udarowe,Gwarancje i rozszerzenia,,,Pasywa
"Dom, Warsztat i Ogród",Narzędzia i urządzenia akumulatorowe,Nagrzewnice olejowe,Gwoździarki,,,Pasywna sieć optyczna
"Dom, Warsztat i Ogród",Narzędzia i urządzenia akumulatorowe,Nitownice,Gwoździarki i sztyfciarki,,,"Patery, etażerki"
"Dom, Warsztat i Ogród",Narzędzia i urządzenia akumulatorowe,Nożyce do blachy,Haczyki i woblery,,,Peleryny
"Dom, Warsztat i Ogród",Narzędzia i urządzenia akumulatorowe,Nożyce do cementu,Halogeny,,,Pędzle
"Dom, Warsztat i Ogród",Narzędzia i urządzenia akumulatorowe,Nożyce do trawy,Hamaki,,,Pętle indukcyjne
"Dom, Warsztat i Ogród",Narzędzia i urządzenia akumulatorowe,Nożyce do żywopłotu i gałęzi,Hamaki i leżaki,,,Pianki
"Dom, Warsztat i Ogród",Narzędzia i urządzenia akumulatorowe,Odkurzacze i dmuchawy do liści,Hantle,,,Piekarniki
"Dom, Warsztat i Ogród",Narzędzia i urządzenia akumulatorowe,Odkurzacze przemysłowe,Holtery,,,Pielęgnacja
"Dom, Warsztat i Ogród",Narzędzia i urządzenia akumulatorowe,Odśnieżarki,Huby USB,,,Pieluchomajtki
"Dom, Warsztat i Ogród",Narzędzia i urządzenia akumulatorowe,Opalarki,Hulajnogi,,,Pieluchy
"Dom, Warsztat i Ogród",Narzędzia i urządzenia akumulatorowe,Pilarki do gałęzi,Hulajnogi,,,Pierścienie
"Dom, Warsztat i Ogród",Narzędzia i urządzenia akumulatorowe,Pilarki tarczowe,Hulajnogi ,,,Pierwsza pomoc
"Dom, Warsztat i Ogród",Narzędzia i urządzenia akumulatorowe,Pilarki taśmowe,Hulajnogi ,,,Pigtaile
"Dom, Warsztat i Ogród",Narzędzia i urządzenia akumulatorowe,Pilarki łańcuchowe,Huśtawki,,,Pikflometry
"Dom, Warsztat i Ogród",Narzędzia i urządzenia akumulatorowe,Pistolety do kleju i pianek,Imadła,,,Pilarki
"Dom, Warsztat i Ogród",Narzędzia i urządzenia akumulatorowe,Piły szablaste,Infokioski / Totemy,,,Pilniki i bloki
"Dom, Warsztat i Ogród",Narzędzia i urządzenia akumulatorowe,Podkaszarki,Inhalatory,,,Piloty
"Dom, Warsztat i Ogród",Narzędzia i urządzenia akumulatorowe,Polerki,Inhalatory i nebulizatory,,,Piloty do zdalnego sterowania
"Dom, Warsztat i Ogród",Narzędzia i urządzenia akumulatorowe,Pompy,Instrumenty dęte,,,Piłki
"Dom, Warsztat i Ogród",Narzędzia i urządzenia akumulatorowe,Roboty koszące,Instrumenty dęte,,,Piły 
"Dom, Warsztat i Ogród",Narzędzia i urządzenia akumulatorowe,Sekatory,Instrumenty dęte,,,Piórka do łaskotania
"Dom, Warsztat i Ogród",Narzędzia i urządzenia akumulatorowe,Smarownice,Instrumenty dęte,,,Piórniki
"Dom, Warsztat i Ogród",Narzędzia i urządzenia akumulatorowe,Strugi,Instrumenty dęte,,,Pirotechnika sygnalizacyjna
"Dom, Warsztat i Ogród",Narzędzia i urządzenia akumulatorowe,Szlifierki kątowe,Instrumenty dęte,,,Pisaki
"Dom, Warsztat i Ogród",Narzędzia i urządzenia akumulatorowe,Szlifierki mimośrodowe,Instrumenty dla dzieci,,,Pistolety przemysłowe
"Dom, Warsztat i Ogród",Narzędzia i urządzenia akumulatorowe,Szlifierki oscylacyjne,Instrumenty klawiszowe i MIDI,,,"Pistolety, wyrzutnie, karabiny dla dzieci"
"Dom, Warsztat i Ogród",Narzędzia i urządzenia akumulatorowe,Szlifierki uniwersalne,Instrumenty klawiszowe i MIDI,,,Place zabaw
"Dom, Warsztat i Ogród",Narzędzia i urządzenia akumulatorowe,Szlifierko-polerki,Instrumenty klawiszowe i MIDI,,,Plandeki
"Dom, Warsztat i Ogród",Narzędzia i urządzenia akumulatorowe,Taczki i wózki,Instrumenty klawiszowe i MIDI,,,Platformy serwerowe RACK
"Dom, Warsztat i Ogród",Narzędzia i urządzenia akumulatorowe,Urządzenia wielofunkcyjne,Instrumenty klawiszowe i MIDI,,,Platformy serwerowe TOWER
"Dom, Warsztat i Ogród",Narzędzia i urządzenia akumulatorowe,Wiertarki,Instrumenty klawiszowe i MIDI,,,Playery DS
"Dom, Warsztat i Ogród",Narzędzia i urządzenia akumulatorowe,Wiertarko-wkrętarki,Instrumenty muzyczne,,,Plecaki
"Dom, Warsztat i Ogród",Narzędzia i urządzenia akumulatorowe,Wiertnice,Instrumenty perkusyjne,,,Pluszaki
"Dom, Warsztat i Ogród",Narzędzia i urządzenia akumulatorowe,Wkrętarki,Instrumenty perkusyjne,,,Płaszcze 
"Dom, Warsztat i Ogród",Narzędzia i urządzenia akumulatorowe,Wyrzynarki,Instrumenty perkusyjne,,,Płaszcze i peleryny
"Dom, Warsztat i Ogród",Narzędzia i urządzenia akumulatorowe,Zakrętarki,Instrumenty perkusyjne,,,Płótna
"Dom, Warsztat i Ogród",Narzędzia i urządzenia akumulatorowe,Zamiatarki,Instrumenty perkusyjne,,,Płyty budowlane
"Dom, Warsztat i Ogród",Narzędzia i urządzenia akumulatorowe,Zestawy narzędzi,Instrumenty perkusyjne,,,Płyty główne
"Dom, Warsztat i Ogród",Narzędzia i urządzenia akumulatorowe,Zszywacze,Instrumenty perkusyjne,,,Płyty grzejne
"Dom, Warsztat i Ogród",Narzędzia i urządzenia elektryczne,Agregaty malarskie,Instrumenty smyczkowe,,,Podajniki do folii i papieru
"Dom, Warsztat i Ogród",Narzędzia i urządzenia elektryczne,Bruzdownice,Inteligentne doniczki,,,Podgrzewacze
"Dom, Warsztat i Ogród",Narzędzia i urządzenia elektryczne,Frezarki,Inteligentne PDU,,,Podkaszarki
"Dom, Warsztat i Ogród",Narzędzia i urządzenia elektryczne,Glebogryzarki i kultywatory,Inteligentne PDU,,,Podkładki
"Dom, Warsztat i Ogród",Narzędzia i urządzenia elektryczne,Klucze udarowe,Interkomy,,,Podkłady
"Dom, Warsztat i Ogród",Narzędzia i urządzenia elektryczne,Kompresory,Invertery,,,Podkłady i prześcieradła nieprzemakalne
"Dom, Warsztat i Ogród",Narzędzia i urządzenia elektryczne,Kosiarki,Inwertery,,,Podłogi podniesione
"Dom, Warsztat i Ogród",Narzędzia i urządzenia elektryczne,Lutownice,Irygatory,,,Podłoża
"Dom, Warsztat i Ogród",Narzędzia i urządzenia elektryczne,Mieszarki,Izolacja,,,Podłoża i trociny
"Dom, Warsztat i Ogród",Narzędzia i urządzenia elektryczne,Myjki ciśnieniowe,Izolacja,,,Podnośniki hydrauliczne
"Dom, Warsztat i Ogród",Narzędzia i urządzenia elektryczne,Młotowiertarki,Jajowary,,,Podnośniki i Pionizatory
"Dom, Warsztat i Ogród",Narzędzia i urządzenia elektryczne,Młoty udarowe,Kabiny i brodziki,,,Podnośniki wannowe
"Dom, Warsztat i Ogród",Narzędzia i urządzenia elektryczne,Nagrzewnice olejowe,Kable,,,Podnóżki
"Dom, Warsztat i Ogród",Narzędzia i urządzenia elektryczne,Nożyce do blachy,Kable,,,Podpaski i tampony
"Dom, Warsztat i Ogród",Narzędzia i urządzenia elektryczne,Nożyce do żywopłotu i gałęzi,Kable,,,Podpórki / kobyłki
"Dom, Warsztat i Ogród",Narzędzia i urządzenia elektryczne,Odkurzacze i dmuchawy do liści,Kable,,,Podpórki i poręcze
"Dom, Warsztat i Ogród",Narzędzia i urządzenia elektryczne,Odkurzacze przemysłowe,Kable,,,Podpórki pod plecy
"Dom, Warsztat i Ogród",Narzędzia i urządzenia elektryczne,Odśnieżarki,Kable,,,Podpórki trójkołowe
"Dom, Warsztat i Ogród",Narzędzia i urządzenia elektryczne,Opalarki,Kable,,,Podstawki
"Dom, Warsztat i Ogród",Narzędzia i urządzenia elektryczne,Ostrzałki,Kable,,,Podstawki i stelaże
"Dom, Warsztat i Ogród",Narzędzia i urządzenia elektryczne,Pilarki stołowe,Kable,,,Podstawy bezpiecznikowe
"Dom, Warsztat i Ogród",Narzędzia i urządzenia elektryczne,Pilarki szablaste,Kable,,,Podstawy pod parasole
"Dom, Warsztat i Ogród",Narzędzia i urządzenia elektryczne,Pilarki tarczowe,Kable,,,Poduszki
"Dom, Warsztat i Ogród",Narzędzia i urządzenia elektryczne,Pilarki łańcuchowe,Kable,,,Poduszki ortopedyczne
"Dom, Warsztat i Ogród",Narzędzia i urządzenia elektryczne,Pistolety do kleju,Kable,,,Pojazdy dziecięce
"Dom, Warsztat i Ogród",Narzędzia i urządzenia elektryczne,Piły taśmowe,Kable,,,Pojazdy elektryczne
"Dom, Warsztat i Ogród",Narzędzia i urządzenia elektryczne,Podkaszarki,Kable,,,Pojazdy na pedały
"Dom, Warsztat i Ogród",Narzędzia i urządzenia elektryczne,Polerki,Kable,,,Pojemniki
"Dom, Warsztat i Ogród",Narzędzia i urządzenia elektryczne,Pompy,Kable,,,pojemniki przemysłowe
"Dom, Warsztat i Ogród",Narzędzia i urządzenia elektryczne,Przedłużacze bębnowe,Kable,,,Pokarm
"Dom, Warsztat i Ogród",Narzędzia i urządzenia elektryczne,Rozdrabniarki,Kable,,,Pokrowce
"Dom, Warsztat i Ogród",Narzędzia i urządzenia elektryczne,Rozdrabniarki,Kable,,,Pokrywy dachowe do alejek
"Dom, Warsztat i Ogród",Narzędzia i urządzenia elektryczne,Strugi,Kable,,,Pokrywy ochronne
"Dom, Warsztat i Ogród",Narzędzia i urządzenia elektryczne,Szlifierki kątowe,Kable,,,Polary
"Dom, Warsztat i Ogród",Narzędzia i urządzenia elektryczne,Szlifierki mimośrodowe,Kable,,,Polerki
"Dom, Warsztat i Ogród",Narzędzia i urządzenia elektryczne,Szlifierki oscylacyjne,Kable,,,Pomiar składu ciała
"Dom, Warsztat i Ogród",Narzędzia i urządzenia elektryczne,Szlifierki proste,Kable,,,Pomiar uderzenia
"Dom, Warsztat i Ogród",Narzędzia i urządzenia elektryczne,Szlifierki przegubowe,Kable,,,Pomoce do ubierania
"Dom, Warsztat i Ogród",Narzędzia i urządzenia elektryczne,Szlifierki stołowe,Kable,,,Pompki
"Dom, Warsztat i Ogród",Narzędzia i urządzenia elektryczne,Szlifierki szczotkowe,Kable,,,Pompki do penisa
"Dom, Warsztat i Ogród",Narzędzia i urządzenia elektryczne,Szlifierki tarczowo-taśmowe,Kable,,,Pompy
"Dom, Warsztat i Ogród",Narzędzia i urządzenia elektryczne,Szlifierki taśmowe,Kable,,,Pompy ciepła
"Dom, Warsztat i Ogród",Narzędzia i urządzenia elektryczne,Szlifierko-polerki,Kable,,,Pontony
"Dom, Warsztat i Ogród",Narzędzia i urządzenia elektryczne,Ukośnice,Kable,,,Poręcze do łóżka
"Dom, Warsztat i Ogród",Narzędzia i urządzenia elektryczne,Urządzenia wielofunkcyjne,Kable,,,Porozbijać po kategoriach
"Dom, Warsztat i Ogród",Narzędzia i urządzenia elektryczne,Wertykulatory,Kable,,,Portfele
"Dom, Warsztat i Ogród",Narzędzia i urządzenia elektryczne,Wibratory do betonu,Kable,,,Powerbanki
"Dom, Warsztat i Ogród",Narzędzia i urządzenia elektryczne,Wiertarki,Kable,,,PowerLine – Home Plug
"Dom, Warsztat i Ogród",Narzędzia i urządzenia elektryczne,Wiertarko-wkrętarki,Kable,,,Powiększanie penisa
"Dom, Warsztat i Ogród",Narzędzia i urządzenia elektryczne,Wiertnice,Kable,,,"Powiększanie piersi, pośladków"
"Dom, Warsztat i Ogród",Narzędzia i urządzenia elektryczne,Wkrętarki,Kable,,,Poziomice
"Dom, Warsztat i Ogród",Narzędzia i urządzenia elektryczne,Wyrzynarki,Kable,,,Półki
"Dom, Warsztat i Ogród",Narzędzia i urządzenia elektryczne,Zakrętarki,Kable,,,Pralki
"Dom, Warsztat i Ogród",Narzędzia i urządzenia elektryczne,Zestawy narzędzi,Kable,,,Pralko-suszarki
"Dom, Warsztat i Ogród",Narzędzia i urządzenia elektryczne,Zgrzewarki,Kable,,,Prezerwatywy
"Dom, Warsztat i Ogród",Narzędzia i urządzenia elektryczne,Zszywacze,Kable,,,Print Serwery
"Dom, Warsztat i Ogród",Narzędzia i urządzenia elektryczne,Łuparki do drewna,Kable,,,PrintSerwer
"Dom, Warsztat i Ogród",Narzędzia i urządzenia gazowe,Ogrzewacze gazowe,Kable,,,Proce
"Dom, Warsztat i Ogród",Narzędzia i urządzenia pneumatyczne,Gwoździarki,Kable,,,Procesory
"Dom, Warsztat i Ogród",Narzędzia i urządzenia pneumatyczne,Klucze pneumatyczne,Kable,,,Procesory Audio
"Dom, Warsztat i Ogród",Narzędzia i urządzenia pneumatyczne,Młotki,Kable,,,Produkty bezmleczne
"Dom, Warsztat i Ogród",Narzędzia i urządzenia pneumatyczne,Pilarki szablaste,Kable ,,,Produkty mączne
"Dom, Warsztat i Ogród",Narzędzia i urządzenia pneumatyczne,Pistolety,Kable ,,,Produkty mleczne
"Dom, Warsztat i Ogród",Narzędzia i urządzenia pneumatyczne,Smarownice,Kable ,,,Produkty obciążeniowe
"Dom, Warsztat i Ogród",Narzędzia i urządzenia pneumatyczne,Szlifierki,Kable ,,,Produkty z konopii
"Dom, Warsztat i Ogród",Narzędzia i urządzenia pneumatyczne,Wkrętarki,Kable ,,,Profile
"Dom, Warsztat i Ogród",Narzędzia i urządzenia pneumatyczne,Zakrętarki,Kable ,,,Projektory
"Dom, Warsztat i Ogród",Narzędzia i urządzenia ręczne,Chwytaki,Kable ,,,Prostownice do włosów
"Dom, Warsztat i Ogród",Narzędzia i urządzenia ręczne,Do śniegu,Kable ,,,Prostowniki
"Dom, Warsztat i Ogród",Narzędzia i urządzenia ręczne,Drabiny,Kable ,,,Przebrania
"Dom, Warsztat i Ogród",Narzędzia i urządzenia ręczne,Dziurkacze,Kable ,,,Przechowywanie żywności
"Dom, Warsztat i Ogród",Narzędzia i urządzenia ręczne,Dłuta,Kable ,,,Przeciwpożarowe wyłączniki bezpieczeństwa
"Dom, Warsztat i Ogród",Narzędzia i urządzenia ręczne,Grabie,Kable ,,,Przedłużacze
"Dom, Warsztat i Ogród",Narzędzia i urządzenia ręczne,Imadła,Kable ,,,Przedłużacze elektryczne
"Dom, Warsztat i Ogród",Narzędzia i urządzenia ręczne,Kastry,Kable ,,,Przełączniki
"Dom, Warsztat i Ogród",Narzędzia i urządzenia ręczne,Kielnie,Kable ,,,Przetwornice
"Dom, Warsztat i Ogród",Narzędzia i urządzenia ręczne,Kilofy,Kable ,,,Przewijaki
"Dom, Warsztat i Ogród",Narzędzia i urządzenia ręczne,Klucze,Kable ,,,Przybory do mycia
"Dom, Warsztat i Ogród",Narzędzia i urządzenia ręczne,Kosiarki,Kable ,,,przybory malarsko-lakiernicze
"Dom, Warsztat i Ogród",Narzędzia i urządzenia ręczne,Kosze ogrodowe,Kable ,,,Przyczepki
"Dom, Warsztat i Ogród",Narzędzia i urządzenia ręczne,Lewarki,Kable ,,,Przyłącza kranowe
"Dom, Warsztat i Ogród",Narzędzia i urządzenia ręczne,Leżanka warsztatowa,Kable ,,,Przynęty
"Dom, Warsztat i Ogród",Narzędzia i urządzenia ręczne,Mieszadła,Kable ,,,Przyrządy do ćwiczeń
"Dom, Warsztat i Ogród",Narzędzia i urządzenia ręczne,Motyki,Kable rozruchowe,,,Przyrządy przeciwbólowe
"Dom, Warsztat i Ogród",Narzędzia i urządzenia ręczne,Młotki,Kabury i pokrowce,,,Przysmaki
"Dom, Warsztat i Ogród",Narzędzia i urządzenia ręczne,Nitownice,Kabury i pokrowce,,,Pudełka
"Dom, Warsztat i Ogród",Narzędzia i urządzenia ręczne,Noże,Kajaki,,,Pufy i poduszki
"Dom, Warsztat i Ogród",Narzędzia i urządzenia ręczne,Nożyce do blachy,Kajdanki,,,Pulsatory
"Dom, Warsztat i Ogród",Narzędzia i urządzenia ręczne,Nożyce do żywopłotu i gałęzi,Kalendarze,,,Pulsoksymetry
"Dom, Warsztat i Ogród",Narzędzia i urządzenia ręczne,Pace,Kalendarze,,,Pulsometry
"Dom, Warsztat i Ogród",Narzędzia i urządzenia ręczne,Pazurki do spulchniania gleby,Kalkulatory,,,Puszki
"Dom, Warsztat i Ogród",Narzędzia i urządzenia ręczne,Pilniki,Kamery,,,Puzzle
"Dom, Warsztat i Ogród",Narzędzia i urządzenia ręczne,Pistolety do kleju i pianek,Kamery,,,Race i flary
"Dom, Warsztat i Ogród",Narzędzia i urządzenia ręczne,Piły,Kamery,,,Radiator
"Dom, Warsztat i Ogród",Narzędzia i urządzenia ręczne,Podnośniki hydrauliczne,Kamery,,,Radiobudziki
"Dom, Warsztat i Ogród",Narzędzia i urządzenia ręczne,Podpórki / kobyłki,Kamery,,,Radioodbiorniki i boomboxy
"Dom, Warsztat i Ogród",Narzędzia i urządzenia ręczne,Pompy,Kamery,,,Radioodtwarzacze
"Dom, Warsztat i Ogród",Narzędzia i urządzenia ręczne,Przecinaki,Kamery,,,Raki
"Dom, Warsztat i Ogród",Narzędzia i urządzenia ręczne,Punktaki,Kamery,,,Rakiety
"Dom, Warsztat i Ogród",Narzędzia i urządzenia ręczne,Rozpieraki,Kamery,,,Rakiety śnieżne
"Dom, Warsztat i Ogród",Narzędzia i urządzenia ręczne,Ściągacze,Kamery,,,Ramki
"Dom, Warsztat i Ogród",Narzędzia i urządzenia ręczne,Ściski sprężynowe,Kamery,,,Ramki do dysków
"Dom, Warsztat i Ogród",Narzędzia i urządzenia ręczne,Ściski stolarskie,Kamery,,,Rampy
"Dom, Warsztat i Ogród",Narzędzia i urządzenia ręczne,Sekatory,Kamery,,,Rampy progowe i podjazdowe
"Dom, Warsztat i Ogród",Narzędzia i urządzenia ręczne,Siekiery,Kamery,,,Regulatory ładowania
"Dom, Warsztat i Ogród",Narzędzia i urządzenia ręczne,Siewniki ogrodowe,Kamery,,,Rejestratory
"Dom, Warsztat i Ogród",Narzędzia i urządzenia ręczne,Siodełka glazurnicze,Kamery,,,Rejestratory czasu pracy
"Dom, Warsztat i Ogród",Narzędzia i urządzenia ręczne,Sita,Kamery inspekcyjne,,,Relingi
"Dom, Warsztat i Ogród",Narzędzia i urządzenia ręczne,Spirale kanalizacyjne,Kamery PTZ,,,Repeatery
"Dom, Warsztat i Ogród",Narzędzia i urządzenia ręczne,Strugi,Kamery termowizyjne,,,Ręczne Ostrzegacze
"Dom, Warsztat i Ogród",Narzędzia i urządzenia ręczne,Szczotki druciane,Kamery termowizyjne,,,Ręczniki
"Dom, Warsztat i Ogród",Narzędzia i urządzenia ręczne,Szczypce,Kamienie do Pizzy,,,"Ręczniki papierowe, chusteczki higieniczne"
"Dom, Warsztat i Ogród",Narzędzia i urządzenia ręczne,Szpachle,Kamizelki,,,Rękawice
"Dom, Warsztat i Ogród",Narzędzia i urządzenia ręczne,Taczki i wózki,Kamizelki,,,Rękawice jednorazowe
"Dom, Warsztat i Ogród",Narzędzia i urządzenia ręczne,Trzonki teleskopowe,Kamizelki,,,Rękawice ochronne
"Dom, Warsztat i Ogród",Narzędzia i urządzenia ręczne,Uchwyty do szyb,Kamizelki,,,Rękawiczki
"Dom, Warsztat i Ogród",Narzędzia i urządzenia ręczne,Uchwyty na narzędzia,Kamizelki,,,Riser Card
"Dom, Warsztat i Ogród",Narzędzia i urządzenia ręczne,Wciągarki linowe,Kamizelki,,,Roboty koszące
"Dom, Warsztat i Ogród",Narzędzia i urządzenia ręczne,Wciągarki łańcuchowe,Kamizelki taktyczne i kuloodporne,,,Roboty kuchenne
"Dom, Warsztat i Ogród",Narzędzia i urządzenia ręczne,Wertykulatory,Kanały elektroinstalacyjne,,,Roboty sprzątające
"Dom, Warsztat i Ogród",Narzędzia i urządzenia ręczne,Wiadra,Kanistry,,,rolki
"Dom, Warsztat i Ogród",Narzędzia i urządzenia ręczne,Widełki do roślin,Kapodaster,,,Rolki papierowe
"Dom, Warsztat i Ogród",Narzędzia i urządzenia ręczne,Widły,Karabińczyki,,,"Rolki, wrotki"
"Dom, Warsztat i Ogród",Narzędzia i urządzenia ręczne,Wkrętaki,Karabińczyki i breloki,,,Rotory do ćwiczeń rąk i nóg
"Dom, Warsztat i Ogród",Narzędzia i urządzenia ręczne,Wózki transportowe,Karbownice,,,Routery
"Dom, Warsztat i Ogród",Narzędzia i urządzenia ręczne,Wyciągarki taśmowe,Karbownice do włosów,,,Rowery
"Dom, Warsztat i Ogród",Narzędzia i urządzenia ręczne,Zaginarki do blach,Karma,,,Rowery rehabilitacyjne
"Dom, Warsztat i Ogród",Narzędzia i urządzenia ręczne,Zamiatarki,Karma,,,Rowery treningowe
"Dom, Warsztat i Ogród",Narzędzia i urządzenia ręczne,Zapalarki,Karma,,,Rozdrabniarki
"Dom, Warsztat i Ogród",Narzędzia i urządzenia ręczne,Zdzieraki,Karma,,,Rozgałęziacze
"Dom, Warsztat i Ogród",Narzędzia i urządzenia ręczne,Zestawy kluczy,Karma,,,Rozłączniki izolacyjne
"Dom, Warsztat i Ogród",Narzędzia i urządzenia ręczne,Zestawy narzędzi,Karma ,,,Rozszerzenia do macierzy
"Dom, Warsztat i Ogród",Narzędzia i urządzenia ręczne,Zestawy wkrętaków,Karma ,,,Rozszywacze
"Dom, Warsztat i Ogród",Narzędzia i urządzenia ręczne,Zszywacze,Karma ,,,Rysiki
"Dom, Warsztat i Ogród",Narzędzia i urządzenia ręczne,Łapki do gwoździ,Karma ,,,"Ryże, makarony, kasze"
"Dom, Warsztat i Ogród",Narzędzia i urządzenia ręczne,Łomy,Karma ,,,Rzutniki pisma
"Dom, Warsztat i Ogród",Narzędzia i urządzenia ręczne,Łopatki do roślin,Karma ,,,Salaterki i półmiski
"Dom, Warsztat i Ogród",Narzędzia i urządzenia ręczne,Łopaty i szpadle,Karty,,,Samochodowe odtwarzacze DVD
"Dom, Warsztat i Ogród",Narzędzia i urządzenia spalinowe,Agregaty,Karty ,,,Samochodowe radioodtwarzacze video
"Dom, Warsztat i Ogród",Narzędzia i urządzenia spalinowe,Glebogryzarki,Karty do streamingu,,,Samozamykacze
"Dom, Warsztat i Ogród",Narzędzia i urządzenia spalinowe,Kosiarki,Karty dostępu,,,Sanki
"Dom, Warsztat i Ogród",Narzędzia i urządzenia spalinowe,Kosy i Podkaszarki,Karty graficzne,,,Saszetki i nerki
"Dom, Warsztat i Ogród",Narzędzia i urządzenia spalinowe,Nożyce do żywopłotu,Karty graficzne,,,Saturatory
"Dom, Warsztat i Ogród",Narzędzia i urządzenia spalinowe,Odkurzacze i dmuchawy do liści,Karty graficzne,,,Schodki do wanny
"Dom, Warsztat i Ogród",Narzędzia i urządzenia spalinowe,Odśnieżarki,Karty graficzne,,,Schodołazy
"Dom, Warsztat i Ogród",Narzędzia i urządzenia spalinowe,Pilarki łańcuchowe,Karty graficzne,,,Segregatory i skoroszyty
"Dom, Warsztat i Ogród",Narzędzia i urządzenia spalinowe,Piły spalinowe,Karty graficzne,,,Sejfy i kasetki
"Dom, Warsztat i Ogród",Narzędzia i urządzenia spalinowe,Zagęszczarki,Karty graficzne,,,Sekatory
"Dom, Warsztat i Ogród",Nawadnianie i opryskiwanie,Automatyczne konewki,Karty graficzne,,,Serwery
"Dom, Warsztat i Ogród",Nawadnianie i opryskiwanie,Opryskiwacze,Karty HBA,,,Sex Machine
"Dom, Warsztat i Ogród",Nawadnianie i opryskiwanie,Pistolety i końcówki zraszające,Karty muzyczne,,,Siatki
"Dom, Warsztat i Ogród",Nawadnianie i opryskiwanie,Pojemniki na deszczówkę,Karty pamięci,,,Sieciowe odtwarzacze multimediów
"Dom, Warsztat i Ogród",Nawadnianie i opryskiwanie,Pompy,Karty pamięci,,,Siedziska wannowe
"Dom, Warsztat i Ogród",Nawadnianie i opryskiwanie,Przyłącza kranowe,Karty pamięci,,,Siewniki ogrodowe
"Dom, Warsztat i Ogród",Nawadnianie i opryskiwanie,"Sterowniki, programatory",Karty pamięci,,,Silniki
"Dom, Warsztat i Ogród",Nawadnianie i opryskiwanie,Szczotki do mycia,Karty pamięci,,,Siodełka
"Dom, Warsztat i Ogród",Nawadnianie i opryskiwanie,Węże,Karty pamięci,,,Siodełka glazurnicze
"Dom, Warsztat i Ogród",Nawadnianie i opryskiwanie,Wózki i wieszaki na węże,Karty pamięci,,,Skakanki
"Dom, Warsztat i Ogród",Nawadnianie i opryskiwanie,Zraszacze,Karty pamięci,,,Skanery
"Dom, Warsztat i Ogród",Nawadnianie i opryskiwanie,Złączki do węży,Karty sieciowe,,,Skanery twarzy
"Dom, Warsztat i Ogród",Nawozy i środki ochrony roślin,Kompostowniki,Karty sieciowe,,,Skarpetki
"Dom, Warsztat i Ogród",Odzież ochronna i BHP,Bluzy,Karty sieciowe,,,Skarpety
"Dom, Warsztat i Ogród",Odzież ochronna i BHP,Czapki i kaski,Karty sieciowe,,,Skrzynki przyłączeniowe
"Dom, Warsztat i Ogród",Odzież ochronna i BHP,Koszule i koszulki,Karty sieciowe,,,Skrzynki rozdzielcze
"Dom, Warsztat i Ogród",Odzież ochronna i BHP,Kurtki,Karty sieciowe,,,Skrzynki telekomunikacyjne
"Dom, Warsztat i Ogród",Odzież ochronna i BHP,Maski,Karty sieciowe,,,Skutery inwalidzkie elektryczne
"Dom, Warsztat i Ogród",Odzież ochronna i BHP,Obuwie,Karty sieciowe,,,Słodycze i przekąski
"Dom, Warsztat i Ogród",Odzież ochronna i BHP,Ochrona słuchu,Karty sieciowe,,,Słoiki i butelki
"Dom, Warsztat i Ogród",Odzież ochronna i BHP,Okulary,Karty sieciowe,,,Słuchawki
"Dom, Warsztat i Ogród",Odzież ochronna i BHP,Paski,Karty sieciowe,,,Smarownice
"Dom, Warsztat i Ogród",Odzież ochronna i BHP,Rękawice,Karty sieciowe,,,Smartfony
"Dom, Warsztat i Ogród",Odzież ochronna i BHP,Skarpety,Karty sieciowe,,,Smoczki i gryzaki
"Dom, Warsztat i Ogród",Odzież ochronna i BHP,Spodnie,Karty sieciowe,,,Soft BDSM
"Dom, Warsztat i Ogród",Ogrodzenia i bramy,Automatyka do bram,Karty sieciowe,,,Sofy i fotele
"Dom, Warsztat i Ogród",Ogrodzenia i bramy,Bramy,Karty sieciowe,,,Sokowirówki
"Dom, Warsztat i Ogród",Ogrodzenia i bramy,Ogrodzenia,Karty sieciowe,,,Sonary i echosondy
"Dom, Warsztat i Ogród",Ogrodzenia i bramy,Szlabany,Kasety RDX,,,Sondy
"Dom, Warsztat i Ogród",Oświetlenie,Akcesoria oświetleniowe,Kasety RDX,,,Soundbary
"Dom, Warsztat i Ogród",Oświetlenie,Czujniki ruchu,Kasety RDX,,,Spawarki światłowodowe
"Dom, Warsztat i Ogród",Oświetlenie,Halogeny,Kasety RDX,,,Spieniacze do mleka
"Dom, Warsztat i Ogród",Oświetlenie,Kinkiety,Kasety RDX,,,"Spinki, klamry, wsuwki"
"Dom, Warsztat i Ogród",Oświetlenie,Klipsy LED,Kaski,,,Splitery
"Dom, Warsztat i Ogród",Oświetlenie,Lampki choinkowe,Kaski,,,Splitery i przełączniki video
"Dom, Warsztat i Ogród",Oświetlenie,Lampki dziecięce,Kaski,,,Spodenki
"Dom, Warsztat i Ogród",Oświetlenie,Lampki nabiurkowe i podłogowe,Kaski,,,Spodenki krótkie
"Dom, Warsztat i Ogród",Oświetlenie,Lampki ozdobne,Kaski,,,Spodnie
"Dom, Warsztat i Ogród",Oświetlenie,Lampy owadobójcze,Kaski,,,Spódnice
"Dom, Warsztat i Ogród",Oświetlenie,Lampy solarne,Kastry,,,Sprężyny
"Dom, Warsztat i Ogród",Oświetlenie,Lampy sufitowe,Kasy fiskalne,,,Sprzęt lawinowy
"Dom, Warsztat i Ogród",Oświetlenie,Lampy uliczne LED,Kasy samoobsługowe,,,Stabilizatory
"Dom, Warsztat i Ogród",Oświetlenie,Latarki,Kawa i herbata,,,Stacje dokujące
"Dom, Warsztat i Ogród",Oświetlenie,Listwy oświetleniowe i reflektorki,Kawa i herbata,,,Stacje ładowania
"Dom, Warsztat i Ogród",Oświetlenie,Moduły zasilania awaryjnego,Kawa i herbata,,,Stacje robocze
"Dom, Warsztat i Ogród",Oświetlenie,Niezintegrowane świetlówki kompaktowe,Kawa i herbata,,,Statywy
"Dom, Warsztat i Ogród",Oświetlenie,Oprawy - Akcesoria,Kawa i herbata,,,Statywy/Uchwyty
"Dom, Warsztat i Ogród",Oświetlenie,Oprawy biurowe,Kawa i herbata,,,Steppery
"Dom, Warsztat i Ogród",Oświetlenie,Oprawy dekoracyjne,Kettlebell,,,Sterowanie
"Dom, Warsztat i Ogród",Oświetlenie,Oprawy ewakuacyjne / awaryjne,Kielnie,,,Sterowniki
"Dom, Warsztat i Ogród",Oświetlenie,Oprawy kloszowe,Kieszenie HDD,,,Sterowniki radiowe
"Dom, Warsztat i Ogród",Oświetlenie,Oprawy meblowe,Kije,,,"Sterowniki, programatory"
"Dom, Warsztat i Ogród",Oświetlenie,Oprawy oświetleniowe LED Downlight,Kije do Nordic Walking i trekkingu,,,Sterylizatory
"Dom, Warsztat i Ogród",Oświetlenie,Oprawy przemysłowe,Kilofy,,,Stojaki
"Dom, Warsztat i Ogród",Oświetlenie,Oświetlenie zewnętrzne,Kinkiety,,,Stojaki i ruszty
"Dom, Warsztat i Ogród",Oświetlenie,Panele ledowe,Klamerki i przyssawki,,,Stoliki
"Dom, Warsztat i Ogród",Oświetlenie,Piktogramy,Klatki i transportery,,,Stoliki i szafki
"Dom, Warsztat i Ogród",Oświetlenie,Plafony,Klatki i transportery,,,Stoliki i szafki pod sprzęt RTV
"Dom, Warsztat i Ogród",Oświetlenie,Profile do taśm LED,Klatki i transportery,,,Stoliki i tace do łóżka
"Dom, Warsztat i Ogród",Oświetlenie,Reflektory / Naświetlacze,Klatki i transportery,,,Storage - Automatyka
"Dom, Warsztat i Ogród",Oświetlenie,Świetlówki kompaktowe,Klatki i transportery,,,Strap-On
"Dom, Warsztat i Ogród",Oświetlenie,Świetlówki LED,Klatki i transportery,,,Stroiki
"Dom, Warsztat i Ogród",Oświetlenie,Świetlówki liniowe,Klatki i transportery,,,Stroje i przebrania
"Dom, Warsztat i Ogród",Oświetlenie,Taśmy LED,Klawiaturowe zestawy z myszą,,,Stroje kąpielowe
"Dom, Warsztat i Ogród",Oświetlenie,Żarówki LED,Klawiaturowe zestawy z myszą,,,Stroje kompresyjne
"Dom, Warsztat i Ogród",Oświetlenie,Żarówki samochodowe,Klawiatury,,,Stroje startowe
"Dom, Warsztat i Ogród",Oświetlenie,Zasilacze do oświetlenia,Klawiatury,,,Strugi
"Dom, Warsztat i Ogród",Pompy ciepła,Akcesoria,Klawiatury,,,Struny
"Dom, Warsztat i Ogród",Pompy ciepła,Jednostki wewnętrzne,Klawiatury,,,Stymulatory
"Dom, Warsztat i Ogród",Pompy ciepła,Jednostki zewnętrzne,Klimatory,,,Subwoofery
"Dom, Warsztat i Ogród",Pompy ciepła,Monoblok,Klimatory,,,Suszarki do butów
"Dom, Warsztat i Ogród",Pompy ciepła,Split,Klimatory,,,"Suszarki do grzybów, warzyw i owoców"
"Dom, Warsztat i Ogród",Pompy ciepła,Z zintegrowanym zasobnikiem C.W.U.,Klimatory,,,Suszarki do rąk
"Dom, Warsztat i Ogród",Pompy ciepła,Zasobniki C.W.U.,Klimatory,,,Suszarki do włosów
"Dom, Warsztat i Ogród",Pompy ciepła,Zbiorniki buforowe,Klimatory,,,Suszarki łazienkowe i wolnostojące
"Dom, Warsztat i Ogród",Rękodzieło,"Druty, igły, szydełka",Klimatory,,,Suwnice
"Dom, Warsztat i Ogród",Rękodzieło,Nici,Klimatory,,,Switche
"Dom, Warsztat i Ogród",Rękodzieło,Płótna,Klipsy LED,,,Switche SAN
"Dom, Warsztat i Ogród",Rękodzieło,"Torby, kuferki, skrzynie",Klocki,,,Sygnalizatory
"Dom, Warsztat i Ogród",Rękodzieło,Włóczki,Klocki,,,Symetryzatory sygnału
"Dom, Warsztat i Ogród",Rękodzieło,Zestawy,Klocki,,,System bezprzewodowy
"Dom, Warsztat i Ogród",Rośliny,Nasiona,Klocki,,,Systemy Alarmowe gotowe
"Dom, Warsztat i Ogród",Sprzątanie i pielęgnacja domu,Do froterek - wkładki,Klocki,,,Systemy hydracyjne
"Dom, Warsztat i Ogród",Sprzątanie i pielęgnacja domu,Do mopów - akcesoria,Klocki,,,Systemy trakcyjne
"Dom, Warsztat i Ogród",Sprzątanie i pielęgnacja domu,Do nawilżaczy - płyny,Klocki,,,Systemy uzupełnień
"Dom, Warsztat i Ogród",Sprzątanie i pielęgnacja domu,Do nawilżaczy powietrza - Akcesoria,Klucze,,,Szafki przyłóżkowe
"Dom, Warsztat i Ogród",Sprzątanie i pielęgnacja domu,Do nawilżaczy powietrza - odkamieniacze i środki h,Klucze,,,Szafki sieciowe
"Dom, Warsztat i Ogród",Sprzątanie i pielęgnacja domu,Do nawilżaczy powietrza - wkłady i olejki zapachow,Klucze ,,,Szafy rack
"Dom, Warsztat i Ogród",Sprzątanie i pielęgnacja domu,Do odkurzaczy - akumulatory,Klucze pneumatyczne,,,Szafy serwerowe
"Dom, Warsztat i Ogród",Sprzątanie i pielęgnacja domu,Do odkurzaczy - filtry,Klucze sprzętowe,,,Szaliki
"Dom, Warsztat i Ogród",Sprzątanie i pielęgnacja domu,Do odkurzaczy - inne,Klucze udarowe,,,Szczelinomierze
"Dom, Warsztat i Ogród",Sprzątanie i pielęgnacja domu,Do odkurzaczy - końcówki i szczotki,Klucze udarowe,,,Szczoteczki do zębów
"Dom, Warsztat i Ogród",Sprzątanie i pielęgnacja domu,Do odkurzaczy - stacje dokujące,Klucze udarowe,,,Szczotki
"Dom, Warsztat i Ogród",Sprzątanie i pielęgnacja domu,Do odkurzaczy - wkłady zapachowe,Kłódki,,,Szczotki akumulatorowe
"Dom, Warsztat i Ogród",Sprzątanie i pielęgnacja domu,Do odkurzaczy - worki,Koce gaśnicze,,,Szelki korekcyjne
"Dom, Warsztat i Ogród",Sprzątanie i pielęgnacja domu,Do parownic - Inne,Koce i poduszki elektryczne,,,Szkolenie
"Dom, Warsztat i Ogród",Sprzątanie i pielęgnacja domu,Do parownic - Końcówki,"Koce, poduszki i ogrzewacze elektryczne",,,Szlabany
"Dom, Warsztat i Ogród",Sprzątanie i pielęgnacja domu,Dozowniki do mydła,Kojce i wybieg,,,Szlifierki
"Dom, Warsztat i Ogród",Sprzątanie i pielęgnacja domu,Dozowniki do ręczników papierowych,Kojce i wybiegi,,,Sznurki pakowe
"Dom, Warsztat i Ogród",Sprzątanie i pielęgnacja domu,Froterki,Kolejki,,,Sznurówki
"Dom, Warsztat i Ogród",Sprzątanie i pielęgnacja domu,Kosze,Kolektory słoneczne,,,Sznury
"Dom, Warsztat i Ogród",Sprzątanie i pielęgnacja domu,Kosze i pojemniki na bieliznę,Kolumny,,,Sztuczne rzęsy
"Dom, Warsztat i Ogród",Sprzątanie i pielęgnacja domu,"Miotły, zmiotki i szufelki",Koła zapasowe,,,Sztućce i przybory kuchenne
"Dom, Warsztat i Ogród",Sprzątanie i pielęgnacja domu,Mopy parowe,Kołowrotki wędkarskie,,,Szuflady grzewcze
"Dom, Warsztat i Ogród",Sprzątanie i pielęgnacja domu,"Mopy, miotły i szczotki",Kołyski,,,Szybkozłączki
"Dom, Warsztat i Ogród",Sprzątanie i pielęgnacja domu,Myjki elektryczne do szyb,Kombinezony,,,Szyny i montaże
"Dom, Warsztat i Ogród",Sprzątanie i pielęgnacja domu,Myjki i ściągaczki do szyb,Kombinezony,,,Szyny montażowe
"Dom, Warsztat i Ogród",Sprzątanie i pielęgnacja domu,Myjki parowe,Kombinezony,,,Ściągacze i stabilizatory
"Dom, Warsztat i Ogród",Sprzątanie i pielęgnacja domu,Myjki ultradźwiękowe,Kombinezony,,,Ściereczki i zmywaki
"Dom, Warsztat i Ogród",Sprzątanie i pielęgnacja domu,Oczyszczacze i nawilżacze powietrza,Kominki elektryczne,,,Ścierki
"Dom, Warsztat i Ogród",Sprzątanie i pielęgnacja domu,Odkurzacze,Kompasy i busole,,,Śliniaki
"Dom, Warsztat i Ogród",Sprzątanie i pielęgnacja domu,Odświeżacze powietrza,Komplety lakiernicze,,,Śliniaki i fartuchy
"Dom, Warsztat i Ogród",Sprzątanie i pielęgnacja domu,Papier toaletowy,Komplety mebli,,,Śmigła
"Dom, Warsztat i Ogród",Sprzątanie i pielęgnacja domu,Parownice,Komponenty do Car audio,,,Śpiwory
"Dom, Warsztat i Ogród",Sprzątanie i pielęgnacja domu,Pojemniki na środki czyszczące,Kompostowniki,,,Światła chemiczne i gazowe
"Dom, Warsztat i Ogród",Sprzątanie i pielęgnacja domu,Pojemniki uniwersalne,Kompresory,,,Świece
"Dom, Warsztat i Ogród",Sprzątanie i pielęgnacja domu,"Ręczniki papierowe, chusteczki higieniczne, serwet",Kompresory,,,Świetlówki
"Dom, Warsztat i Ogród",Sprzątanie i pielęgnacja domu,Rękawice,Kompresory,,,Tablety
"Dom, Warsztat i Ogród",Sprzątanie i pielęgnacja domu,Ścierki,Kompresory,,,Tablety graficzne
"Dom, Warsztat i Ogród",Sprzątanie i pielęgnacja domu,Środki myjące i czyszczące,Kompresy żelowe ciepło-zimno,,,Tablety przemysłowe
"Dom, Warsztat i Ogród",Sprzątanie i pielęgnacja domu,Szczotki,Komputery,,,Tablice i Flipcharty
"Dom, Warsztat i Ogród",Sprzątanie i pielęgnacja domu,Worki na śmieci,Komputery,,,Tablice interaktywne
"Dom, Warsztat i Ogród",Sprzątanie i pielęgnacja domu,Zgniatarki butelek i puszek,Komputery,,,Tablice wyników
"Dom, Warsztat i Ogród",Sprzątanie i pielęgnacja domu,Zmywaki,Komputery,,,Taborety kąpielowe
"Dom, Warsztat i Ogród",Tekstylia,Dywaniki łazienkowe,Komputery,,,Taczki i wózki
"Dom, Warsztat i Ogród",Tekstylia,Dywany,Komputery,,,Tarcze hamulcowe
"Dom, Warsztat i Ogród",Tekstylia,Firany,Komputery,,,Tarcze strzeleckie
"Dom, Warsztat i Ogród",Tekstylia,Koce,Komputery,,,Taśmy
"Dom, Warsztat i Ogród",Tekstylia,Kołdry,Komputery,,,Taśmy barwiące
"Dom, Warsztat i Ogród",Tekstylia,Narzuty,Komputery All-in-one,,,Taśmy do ćwiczeń
"Dom, Warsztat i Ogród",Tekstylia,Obrusy,Komputery Barebone,,,Taśmy do streamerów
"Dom, Warsztat i Ogród",Tekstylia,Poduszki,Konserwacja,,,Taśmy LED
"Dom, Warsztat i Ogród",Tekstylia,Pościel,Konserwacja ,,,Tekstylia
"Dom, Warsztat i Ogród",Tekstylia,Ręczniki,Konsole,,,Telebimy Mobilne
"Dom, Warsztat i Ogród",Tekstylia,Zasłony,Konsole,,,Telefony i bramki VoIP
"Dom, Warsztat i Ogród",Urządzenia gaśnicze,Gaśnice,Konsolety mikserskie,,,Telefony komórkowe
"Dom, Warsztat i Ogród",Urządzenia gaśnicze,Koce gaśnicze,Kontrolery,,,Telefony stacjonarne
"Dom, Warsztat i Ogród",Urządzenia pomiarowe,"Dalmierze, niwelatory",Kontrolery,,,Teleskopy
"Dom, Warsztat i Ogród",Urządzenia pomiarowe,Do stacji pogodowych - akcesoria,Kontrolery,,,Telewizory
"Dom, Warsztat i Ogród",Urządzenia pomiarowe,Domowe stacje pogodowe,Kontrolery,,,Telewizory mobilne
"Dom, Warsztat i Ogród",Urządzenia pomiarowe,Kamery termowizyjne,Kontrolery,,,Terminale mobilne
"Dom, Warsztat i Ogród",Urządzenia pomiarowe,Miarki i taśmy miernicze,Kontrolery,,,Termometry
"Dom, Warsztat i Ogród",Urządzenia pomiarowe,Mierniki,Kontrolery,,,Termosy i kubki termiczne
"Dom, Warsztat i Ogród",Urządzenia pomiarowe,Poziomice,Kontrolery ,,,Termowentylatory
"Dom, Warsztat i Ogród",Urządzenia pomiarowe,Statywy do dalmierzy,Kontrolery ,,,Testery
"Dom, Warsztat i Ogród",Urządzenia pomiarowe,Szczelinomierze,Kontrolery ,,,Testery kabli
"Dom, Warsztat i Ogród",Urządzenia pomiarowe,Termometry,Kontrolery ,,,"Tłumiki, adaptery, kompensatory"
"Dom, Warsztat i Ogród",Urządzenia pomiarowe,Wagi specjalistyczne,Kontrolery ,,,Toczki
"Dom, Warsztat i Ogród",Urządzenia pomiarowe,Wykrywacze,Kontrolery ,,,Tonery
"Dom, Warsztat i Ogród",Urządzenia pomiarowe,Zegary,Kontrolery ,,,Torby
"Dom, Warsztat i Ogród",Łazienka i toaleta,Akcesoria,Kontrolery ,,,Torby 
"Dom, Warsztat i Ogród",Łazienka i toaleta,Baterie łazienkowe,Kontrolery ,,,Torby i sakwy
"Dom, Warsztat i Ogród",Łazienka i toaleta,Deski WC i mocowania,Kontrolery ,,,"Torby, kuferki, skrzynie"
"Dom, Warsztat i Ogród",Łazienka i toaleta,Kabiny i brodziki,Kontrolery dyskowe,,,Tostery
"Dom, Warsztat i Ogród",Łazienka i toaleta,Meble łazienkowe,Kontrolery dyskowe,,,Trampoliny
"Dom, Warsztat i Ogród",Łazienka i toaleta,Suszarki łazienkowe i wolnostojące,Kontrolery dyskowe,,,Transfer pacjenta
"Dom, Warsztat i Ogród",Łazienka i toaleta,Umywalki,Kontrolery dyskowe,,,Transmitery FM
"Dom, Warsztat i Ogród",Łazienka i toaleta,Wagi łazienkowe,Kontrolery dyskowe,,,Transmitery sieciowe
"Dom, Warsztat i Ogród",Łazienka i toaleta,Wanny,Kontrolery dyskowe,,,T-shirt
Dziecko i matka,Do kąpieli,Akcesoria do kąpieli,Kontrolery Wi-Fi,,,Tunery
Dziecko i matka,Do kąpieli,Okrycia kąpielowe,Konwertery,,,Tunery i dekodery
Dziecko i matka,Do kąpieli,Regały kąpielowe,Konwertery,,,Turbiny wiatrowe
Dziecko i matka,Do kąpieli,Stojaki pod wanieniki,Konwertery ,,,Turbosprężarki
Dziecko i matka,Do kąpieli,Termometry do kąpieli,końcówki i szczotki,,,Tusze
Dziecko i matka,Do kąpieli,Wanienki,końcówki i szczotki,,,Ubrania i przebrania
Dziecko i matka,Do snu,Kocyki i pledy,Koparki kryptowalut,,,Uchwyty
Dziecko i matka,Do snu,Materace,Koperty,,,Uchwyty/Obudowy
Dziecko i matka,Do snu,Ochraniacze do łóżeczek,Koperty,,,Ukośnice
Dziecko i matka,Do snu,Podkłady nieprzemakalne,Kopiarki,,,Ukulele
Dziecko i matka,Do snu,Pościel,Koprocesory,,,Umywalki
Dziecko i matka,Do snu,Prześcieradła,Korektory graficzne,,,Uprzęże
Dziecko i matka,Do snu,Rożki,Korki,,,UPS-y
Dziecko i matka,Do snu,Śpiworki,Kosiarki,,,Urządzenia antycellulitowe
Dziecko i matka,Do snu,Łóżeczka dziecięce,Kosiarki,,,Urządzenia do aromaterapii
Dziecko i matka,Foteliki samochodowe,Bazy do fotelików samochodowych,Kosiarki,,,Urządzenia do hot dogów
Dziecko i matka,Foteliki samochodowe,Foteliki samochodowe,Kosiarki,,,Urządzenia do masażu
Dziecko i matka,Foteliki samochodowe,Foteliki samochodowe - akcesoria,Kostkarki do lodu,,,Urządzenia do pakowania próżniowego
Dziecko i matka,Karmienie,Butelki,Kostki,,,Urządzenia do pielęgnacji ciała
Dziecko i matka,Karmienie,Butelki - Akcesoria,Kosy i Podkaszarki,,,Urządzenia do smażenia naleśników
Dziecko i matka,Karmienie,Do dezynfekcji - Sterylizatory,Kosze,,,Urządzenia do wybielania zębów
Dziecko i matka,Karmienie,Ekspresy do mleka,Kosze,,,Urządzenia do wyrobu makaronu
Dziecko i matka,Karmienie,Higiena - Akcesoria,Kosze,,,Urządzenia filtrujące
Dziecko i matka,Karmienie,Krzesełka wielofunkcyjne,Kosze i pojemniki ,,,"Urządzenia rozruchowe, startery"
Dziecko i matka,Karmienie,Krzesełka wielofunkcyjne - Akcesoria,Koszule,,,Urządzenia wielofunkcyjne
Dziecko i matka,Karmienie,Kubki niekapki i bidony,Koszule,,,Urządzenia wykonawcze
Dziecko i matka,Karmienie,Laktatory,Koszule,,,Urządzenia zabezpieczające
Dziecko i matka,Karmienie,Naczynia i sztućce,Koszule\Koszulki,,,Urządzenia zdalnej obsługi
Dziecko i matka,Karmienie,Parowary,Koszulki,,,uszarki automatyczne
Dziecko i matka,Karmienie,Podgrzewacze do butelek,Koszulki,,,Uszczelki
Dziecko i matka,Karmienie,Poduszki do karmienia,Koszulki,,,Videokonferencje
Dziecko i matka,Karmienie,Przechowywanie pokarmu,Koszulki,,,Waflownice
Dziecko i matka,Karmienie,Śliniaki,Koszulki,,,Wagi
Dziecko i matka,Karmienie,Zestaw startowy butelek,Koszulki,,,Wagi 
Dziecko i matka,Mebelki,Barierki do łóżka,Koszulki,,,Wagi specjalistyczne
Dziecko i matka,Mebelki,Biurka dla dzieci,Koszulki,,,Wagosuszarki
Dziecko i matka,Mebelki,Bramka bezpieczeństwa,Koszulki,,,Wahacze
Dziecko i matka,Mebelki,Fotele dziecięce,Koszulki,,,Walizki
Dziecko i matka,Mebelki,Krzesełka wielofunkcyjne,Koszulki,,,Wałki
Dziecko i matka,Mebelki,Leżaczki i huśtawki,Koszulki,,,Wałki do włosów
Dziecko i matka,Mebelki,Materace,Koszulki,,,Wałki i rollery
Dziecko i matka,Mebelki,Mebelki pozostałe,Koszyki i torby,,,Wanienki
Dziecko i matka,Mebelki,Podkłady do przewijania,Krajalnice i noże elektryczne,,,Wanny
Dziecko i matka,Mebelki,Podkłady nieprzemakalne,Krosownice,,,Warniki
Dziecko i matka,Mebelki,Przewijaki,Krótkofalówki,,,Wciągarki
Dziecko i matka,Mebelki,Pufy i poduszki,Kruszarki do szkła,,,Wentylatory
Dziecko i matka,Mebelki,Skrzynie,Krzesełka,,,Wędziska
Dziecko i matka,Mebelki,Szafy,Krzesełka wielofunkcyjne,,,"Węgiel, wiórki i podpałki"
Dziecko i matka,Mebelki,Łóżeczka dziecięce,Krzesełka wielofunkcyjne,,,Węże
Dziecko i matka,Mebelki,Łóżeczka turystyczne i kojce,Krzesiwa i zapalniczki,,,Wiatrówki
Dziecko i matka,Opieka,Akcesoria do pielęgnacji,Krzesła prysznicowe,,,Wiązanie
Dziecko i matka,Opieka,Chodziki,Krzesła toaletowe,,,Wibratory
Dziecko i matka,Opieka,Chusty,Książki,,,Wibratory i masażery
Dziecko i matka,Opieka,Majtki poporodowe i podkłady poporodowe,Książki,,,Wideodomofony
Dziecko i matka,Opieka,Maty do zabawy,Książki,,,Wideorejestratory
Dziecko i matka,Opieka,Monitory oddechu,Książki,,,Widły
Dziecko i matka,Opieka,Nianie elektroniczne,Książki,,,Wiertarki
Dziecko i matka,Opieka,"Nocniki, nakładki na sedes",Książki,,,Wieszaki
Dziecko i matka,Opieka,Nosidełka,Książki,,,Wioślarze
Dziecko i matka,Opieka,Ochrona piersi,Książki,,,Wirówki
Dziecko i matka,Opieka,Oczyszczacze i nawilżacze powietrza,Książki,,,WISP
Dziecko i matka,Opieka,Oczyszczacze powietrza - akcesoria,Książki,,,Witaminy i Suplementy diety
Dziecko i matka,Opieka,Okulary przeciwsłoneczne,Książki,,,Witryny chłodnicze
Dziecko i matka,Opieka,Pieluchy,Kubki,,,Wizjery
Dziecko i matka,Opieka,Smoczki - Akcesoria,Kubki,,,Wizualizery
Dziecko i matka,Opieka,Smoczki i gryzaki,Kubki,,,Wkładki do butów
Dziecko i matka,Opieka,Termometry do ciała,Kubki,,,Wkłady do zlewów
Dziecko i matka,Opieka,Torby na akcesoria,Kubotany i długopisy taktyczne,,,wkłady zapachowe
Dziecko i matka,Opieka,Wagi dziecięce,Kuchenki,,,Wkrętarki
Dziecko i matka,Opieka,Zabezpieczenia dla dzieci,Kuchenki,,,Włóczki
Dziecko i matka,Organizacja przyjęć,Dekoracje,Kuchenki,,,Woreczki
Dziecko i matka,Organizacja przyjęć,Ubrania i przebrania,Kuchenki mikrofalowe,,,Work
Dziecko i matka,Organizacja przyjęć,Zaproszenia i karty okolicznościowe,Kuchenki mikrofalowe,,,worki
Dziecko i matka,Wózki,Wózki - Akcesoria,Kuchnie,,,Woskownice
Dziecko i matka,Wózki,Wózki - Gondole,Kufry,,,Wózki
Dziecko i matka,Wózki,Wózki dla bliźniaków,Kule ortopedyczne,,,Wózki do przewozu chorych
Dziecko i matka,Wózki,Wózki spacerowe,Kule ortopedyczne,,,Wózki inwalidzkie
Dziecko i matka,Wózki,Wózki wielofunkcyjne,Kulki,,,Wózki inwalidzkie elektryczne
Dziecko i matka,Żywność dla dzieci,Produkty bezmleczne,Kulochwyty,,,Wózki na zakupy
Dziecko i matka,Żywność dla dzieci,Produkty mleczne,Kurtki,,,"Wózki toaletowe, prysznicowe"
Enterprise i produkty serwerowe,Dyski Enterprise,Dyski Enterprise HDD dedykowane,Kurtki,,,Wózki transportowe
Enterprise i produkty serwerowe,Dyski Enterprise,Dyski Enterprise SSD,Kurtki,,,Wsporniki
Enterprise i produkty serwerowe,Dyski Enterprise,Dyski Enterprise SSD dedykowane,Kurtki,,,Wyciągarki
Enterprise i produkty serwerowe,Dyski Enterprise (HDD / SSD),Dyski Enterprise HDD,Kurtki,,,Wycieraczki
Enterprise i produkty serwerowe,Gwarancje i rozszerzenia,Gwarancje i rozszerzenia do serwerów,Kurtki,,,Wyciskarki 
Enterprise i produkty serwerowe,Gwarancje i rozszerzenia,Gwarancje i rozszerzenia do storage,Kurtki,,,Wykrywacze
Enterprise i produkty serwerowe,Gwarancje i rozszerzenia,Oprogramowanie systemowe do storage – licencje imi,Kurtki,,,Wykrywacze metali
Enterprise i produkty serwerowe,Karty graficzne do stacji roboczych i serwerów,Karty graficzne AMD,Kurtki,,,Wyłączniki nadprądowe
Enterprise i produkty serwerowe,Karty graficzne do stacji roboczych i serwerów,Karty graficzne do stacji roboczych,Kurtki,,,Wyłączniki różnicowoprądowe
Enterprise i produkty serwerowe,Karty graficzne do stacji roboczych i serwerów,Karty graficzne Nvidia,Kurtki,,,Wypiekacze
Enterprise i produkty serwerowe,Karty graficzne do stacji roboczych i serwerów,Koprocesory,Kurtyny LED,,,Wyrzynarki
Enterprise i produkty serwerowe,Kontrolery dyskowe,Kable,Kuwety,,,Wysięgniki do łóżka
Enterprise i produkty serwerowe,Kontrolery dyskowe,Karty HBA,Laktatory,,,Wytwornice
Enterprise i produkty serwerowe,Kontrolery dyskowe,Kontrolery dedykowane,Lalki,,,Wzmacniacze
Enterprise i produkty serwerowe,Kontrolery dyskowe,Kontrolery Fibre Channel,Lalki,,,Wzmacniacze szerokopasmowe
Enterprise i produkty serwerowe,Kontrolery dyskowe,Kontrolery FireWire,Lalki,,,Zabawki
Enterprise i produkty serwerowe,Kontrolery dyskowe,Kontrolery RAID,Laminatory,,,Zabawki na aplikację mobilną
Enterprise i produkty serwerowe,Kontrolery dyskowe,Moduły do kontrolerów,Lampki ,,,Zabawki na pilota
Enterprise i produkty serwerowe,KVM,Extendery konsoli,Lampki ,,,Zabezpieczenia
Enterprise i produkty serwerowe,KVM,Extendery Video,Lampki ,,,Zagęszczarki
Enterprise i produkty serwerowe,KVM,Kable,Lampki ,,,Zamiatarki
Enterprise i produkty serwerowe,KVM,Przełączniki,Lampki ,,,Zamki centralne - Sterowniki
Enterprise i produkty serwerowe,KVM,Przełączniki LCD,Lampki ,,,Zamki elektroniczne
Enterprise i produkty serwerowe,KVM,Przełączniki video,Lampki ,,,Zamki elektryczne
Enterprise i produkty serwerowe,Obudowy i akcesoria,Akcesoria,Lampy,,,Zamki kodowe - szyfratory
Enterprise i produkty serwerowe,Obudowy i akcesoria,Chłodzenie,Lampy,,,Zamrażarki 
Enterprise i produkty serwerowe,Obudowy i akcesoria,Chłodzenie dedykowane,Lampy,,,Zapalarka
Enterprise i produkty serwerowe,Obudowy i akcesoria,Kable,Lampy,,,Zapalniczki
Enterprise i produkty serwerowe,Obudowy i akcesoria,Obudowy serwerowe,Lampy,,,Zaparzacze i kawiarki
Enterprise i produkty serwerowe,Obudowy i akcesoria,Ramki do dysków,Lampy,,,Zapięcia
Enterprise i produkty serwerowe,Obudowy i akcesoria,Riser Card,Lampy,,,zapki
Enterprise i produkty serwerowe,Obudowy i akcesoria,Szyny montażowe,Lampy ,,,Zaproszenia i karty okolicznościowe
Enterprise i produkty serwerowe,Obudowy i akcesoria,Wentylatory,Lampy antydepresyjne,,,Zasilacze
Enterprise i produkty serwerowe,Obudowy i akcesoria,Zestawy montażowe,Lampy do projektorów,,,Zasilacze do obudów
Enterprise i produkty serwerowe,Oprogramowanie,Oprogramowanie backup,Lampy kosmetyczne,,,Zasilacze i mieszacze PoE
Enterprise i produkty serwerowe,Oprogramowanie,Oprogramowanie backup ESD,Lampy kosmetyczne,,,Zasłony
Enterprise i produkty serwerowe,Oprogramowanie,Oprogramowanie serwerowe,Laptopy i smartfony edukacyjne,,,Zasobniki C.W.U.
Enterprise i produkty serwerowe,Oprogramowanie,Oprogramowanie serwerowe dedykowane,Latarki,,,Zawiasy
Enterprise i produkty serwerowe,Pamięci,Pamięci - rozszerzenie pamięci,Latarki,,,Zbiorniki buforowe
Enterprise i produkty serwerowe,Pamięci,Pamięci DDR3,Latarki,,,Zdrowotne obuwie Scholl
Enterprise i produkty serwerowe,Pamięci,Pamięci DDR4,Latarki,,,Zegarki i opaski sportowe
Enterprise i produkty serwerowe,Pamięci,Pamięci DDR5,Latarki,,,Zegary
Enterprise i produkty serwerowe,Pamięci,Pamięci serwerowe dedykowane,Leginsy,,,Zestaw startowy butelek
Enterprise i produkty serwerowe,Platformy serwerowe,Platformy serwerowe RACK,Leginsy,,,Zestawy czyszczące
Enterprise i produkty serwerowe,Platformy serwerowe,Platformy serwerowe TOWER,Lewarki,,,Zestawy do KARAOKE
Enterprise i produkty serwerowe,Platformy serwerowe,Stacje robocze,Lewarki,,,Zestawy do przedłużania paznokci
Enterprise i produkty serwerowe,Procesory,Procesory AMD Epyc,Leżaczki i huśtawki,,,Zestawy do wygłuszania studia
Enterprise i produkty serwerowe,Procesory,Procesory AMD Threadripper,Leżaki,,,Zestawy fotowoltaiczne
Enterprise i produkty serwerowe,Procesory,Procesory dedykowane,Leżanka warsztatowa,,,Zestawy głośnomówiące
Enterprise i produkty serwerowe,Procesory,Procesory Intel Xeon,Leżanka warsztatowa,,,Zestawy interaktywne
Enterprise i produkty serwerowe,Płyty główne,Płyty główne serwerowe AMD,Leżanki,,,Zestawy kina domowego
Enterprise i produkty serwerowe,Płyty główne,Płyty główne serwerowe INTEL,Liczarki,,,Zestawy kluczy
Enterprise i produkty serwerowe,Rozwiązania sieciowe,Akcesoria do kabli,Liczniki / Czujniki prędkości i kadencji,,,Zestawy montażowe
Enterprise i produkty serwerowe,Rozwiązania sieciowe,Gniazda,Liczniki energii,,,Zestawy narzędzi
Enterprise i produkty serwerowe,Rozwiązania sieciowe,Kable antenowe,Liczniki energii,,,Zestawy przetrwania
Enterprise i produkty serwerowe,Rozwiązania sieciowe,Kable sieciowe,Liczniki energii,,,Zestawy startowe
Enterprise i produkty serwerowe,Rozwiązania sieciowe,Kable światłowodowe,Lifting twarzy,,,Zestawy WC
Enterprise i produkty serwerowe,Rozwiązania sieciowe,Kable telefoniczne,Liny,,,Zestawy wkrętaków
Enterprise i produkty serwerowe,Rozwiązania sieciowe,Karty sieciowe,Liny holownicze,,,Zgniatarki 
Enterprise i produkty serwerowe,Rozwiązania sieciowe,Patchcable,Listwy oświetleniowe,,,Zgrzewarki
Enterprise i produkty serwerowe,Rozwiązania sieciowe,Puszki niewyposażone,Listwy zasilające,,,Zlewarki oleju
Enterprise i produkty serwerowe,Rozwiązania sieciowe,Puszki wyposażone,Listwy zasilające,,,Zlewozmywaki
Enterprise i produkty serwerowe,Rozwiązania sieciowe,Szybkozłączki żelowe,Listwy zasilające,,,Złączki
Enterprise i produkty serwerowe,Rozwiązania sieciowe,Transceivery (Moduły optyczne),Listwy zasilające,,,Zmywaki
Enterprise i produkty serwerowe,Rozwiązania sieciowe,Wtyki,Listwy zasilające,,,Znikopisy
Enterprise i produkty serwerowe,Serwery i stacje robocze,Akcesoria,Listwy zasilające ,,,Zraszacze
Enterprise i produkty serwerowe,Serwery i stacje robocze,Serwery dedykowane,Listwy zasilające ,,,Zszywacze
Enterprise i produkty serwerowe,Serwery i stacje robocze,Serwery Rack,Lodówki,,,Zwory elektromagnetyczne
Enterprise i produkty serwerowe,Serwery i stacje robocze,Serwery Tower,Lodówki,,,Żarówki
Enterprise i produkty serwerowe,Serwery i stacje robocze,Stacje robocze,Lodówki,,,Żelazka i generatory pary
Enterprise i produkty serwerowe,Sieci - Data Center,Drzwi przesuwne do alejek,Lokalizatory,,,Żwirek
Enterprise i produkty serwerowe,Sieci - Data Center,Inteligentne PDU,Lokalizatory,,,Żyłki i plecionki
Enterprise i produkty serwerowe,Sieci - Data Center,Podłogi podniesione,Lokówki do włosów,,,Żywność długoterminowa
Enterprise i produkty serwerowe,Sieci - Data Center,Pokrywy dachowe do alejek,Lokówki do włosów,,,
Enterprise i produkty serwerowe,Sieci - Data Center,Szafy serwerowe 19”,Lornetki,,,
Enterprise i produkty serwerowe,Storage,Akcesoria,Lornetki i lunety,,,
Enterprise i produkty serwerowe,Storage,Kasety RDX,Lornetki i lunety,,,
Enterprise i produkty serwerowe,Storage,Kasety RDX dedykowane,Lornetki i lunety,,,
Enterprise i produkty serwerowe,Storage,Macierze dyskowe,Lotki,,,
Enterprise i produkty serwerowe,Storage,Napędy dedykowane,Lusterka,,,
Enterprise i produkty serwerowe,Storage,Napędy optyczne,Lusterka,,,
Enterprise i produkty serwerowe,Storage,Napędy RDX,Lusterka,,,
Enterprise i produkty serwerowe,Storage,Napędy taśmowe (STREAMERY),Lustra,,,
Enterprise i produkty serwerowe,Storage,Napędy taśmowe (STREAMERY) dedykowane,Lutownice,,,
Enterprise i produkty serwerowe,Storage,NAS - akcesoria,Ładowark,,,
Enterprise i produkty serwerowe,Storage,NAS - licencje,Ładowark,,,
Enterprise i produkty serwerowe,Storage,NAS - serwery plików,Ładowarki,,,
Enterprise i produkty serwerowe,Storage,Rozszerzenia do macierzy (półki dyskowe),Ładowarki,,,
Enterprise i produkty serwerowe,Storage,Storage - Automatyka,Ładowarki,,,
Enterprise i produkty serwerowe,Storage,Switche SAN,Ładowarki,,,
Enterprise i produkty serwerowe,Storage,Switche SAN dedykowane,Ładowarki,,,
Enterprise i produkty serwerowe,Storage,Taśmy do streamerów,Ładowarki,,,
Enterprise i produkty serwerowe,Storage,Taśmy do streamerów dedykowane,Ładowarki,,,
Enterprise i produkty serwerowe,Szafy rack,Akcesoria,Ładowarki,,,
Enterprise i produkty serwerowe,Szafy rack,Listwy zasilające RACK,Ładowarki,,,
Enterprise i produkty serwerowe,Szafy rack,Organizery,Ładowarki,,,
Enterprise i produkty serwerowe,Szafy rack,Panele krosownicze,Ładowarki,,,
Enterprise i produkty serwerowe,Szafy rack,Półki,Ładowarki,,,
Enterprise i produkty serwerowe,Szafy rack,"Ramy stojące 19""",Ładowarki,,,
Enterprise i produkty serwerowe,Szafy rack,"Szafy stojące 19""",Ładowarki,,,
Enterprise i produkty serwerowe,Szafy rack,"Szafy wiszące 10""/19""",Ładowarki,,,
Enterprise i produkty serwerowe,Szafy rack,Wentylacja,Ładowarki,,,
Enterprise i produkty serwerowe,Szafy rack,Wsporniki,Ładowarki,,,
Enterprise i produkty serwerowe,Zasilacze,Zasilacze,Ładowarki do akumulatorów,,,
Enterprise i produkty serwerowe,Zasilanie,Moduły bateryjne,Ładowarki do pojazdów elektrycznych,,,
Enterprise i produkty serwerowe,Zasilanie,UPS-y,Ładowarki do pojazdów elektrycznych,,,
Enterprise i produkty serwerowe,Zasilanie,Zasilacze dedykowane,Ładowarki mobilne,,,
Fotografia i film,Aparaty,Akcesoria do aparatów,Ławki i stoły,,,
Fotografia i film,Aparaty,Aparaty kompaktowe,Ławki i stoły,,,
Fotografia i film,Aparaty,Aparaty kompaktowe z wymienną optyką,Ławki i stoły,,,
Fotografia i film,Aparaty,Aparaty natychmiastowe,Łodzie,,,
Fotografia i film,Aparaty,Lustrzanki cyfrowe,Łopaty,,,
Fotografia i film,Drony,Akumulatorki do dronów,Łopaty i szpadle,,,
Fotografia i film,Drony,Atrapy,Łożyska,,,
Fotografia i film,Drony,Części zamienne i serwisowe,Łóżka i materace,,,
Fotografia i film,Drony,Diody LED,Łóżka i materace,,,
Fotografia i film,Drony,Dodatkowe gwarancje,Łóżka i materace,,,
Fotografia i film,Drony,Drony,Łóżka i materace,,,
Fotografia i film,Drony,Elektronika do dronów,Łóżka i materace,,,
Fotografia i film,Drony,Gogle i okulary,Łóżka i materace,,,
Fotografia i film,Drony,Kable i przewody,Łóżka i materace,,,
Fotografia i film,Drony,Kamery do dronów,Łóżka i materace,,,
Fotografia i film,Drony,Kamery do dronów - Filtry,Łóżka rehabilitacyjne,,,
Fotografia i film,Drony,Materiały reklamowe,Łuki,,,
Fotografia i film,Drony,Monitory,Łuparki do drewna,,,
Fotografia i film,Drony,Nóżki i płozy,Łyżwy,,,
Fotografia i film,Drony,Obudowy do dronów,Macierze dyskowe,,,
Fotografia i film,Drony,Pokrywy ochronne,Macierze dyskowe,,,
Fotografia i film,Drony,Silniki,Macierze dyskowe,,,
Fotografia i film,Drony,Śmigła,Macierze dyskowe,,,
Fotografia i film,Drony,Sterowanie,Macierze dyskowe,,,
Fotografia i film,Drony,Torby do dronów,Magazynki i bębny,,,
Fotografia i film,Drony,Uchwyty,Magazynki i ładowarki,,,
Fotografia i film,Drony,Ładowarki akumulatorowe,Magazyny energii,,,
Fotografia i film,Drony,Ładowarki do dronów,Magnetofony,,,
Fotografia i film,Kamery,Kamery cyfrowe,Majtki,,,
Fotografia i film,Kamery,Kamery inspekcyjne,Manicure / Pedicure,,,
Fotografia i film,Kamery,Kamery sportowe,Manipulatory,,,
Fotografia i film,Kamery,Wideorejestratory,Masażery,,,
Fotografia i film,Lampy,Akcesoria do lamp,Masażery,,,
Fotografia i film,Lampy,Lampy błyskowe,Masażery,,,
Fotografia i film,Optyka,Filtry fotograficzne,Masażery,,,
Fotografia i film,Optyka,Lornetki,Maski,,,
Fotografia i film,Optyka,Lornetki operowe,Maski,,,
Fotografia i film,Optyka,Lunety,Maski,,,
Fotografia i film,Optyka,Mikroskopy,Maski ochronne,,,
Fotografia i film,Optyka,Monokulary,Maski ochronne,,,
Fotografia i film,Optyka,Obiektywy,Maski ochronne,,,
Fotografia i film,Optyka,Obiektywy - akcesoria,Maskotki,,,
Fotografia i film,Optyka,Teleskopy,Maskownice kabli,,,
Fotografia i film,Pamięci,Czytniki kart pamięci,Maskownice kabli,,,
Fotografia i film,Pamięci,Pamięci Compact Flash,Masturbatory,,,
Fotografia i film,Pamięci,Pamięci SecureDigital,Maszynki do golenia,,,
Fotografia i film,Ramki,Oprawy zdjęć,Maszynki do lodów,,,
Fotografia i film,Ramki,Ramki cyfrowe,Maszynki do makaronu,,,
Fotografia i film,Stabilizatory do kamer i aparatów,Akcesoria,Maszynki do mielenia,,,
Fotografia i film,Stabilizatory do kamer i aparatów,Stabilizatory do kamer i aparatów,Maszyny - urządzenia czyszczące i piorące,,,
Fotografia i film,Statywy i uchwyty,Głowice do statywów,Maszyny - urządzenia czyszczące i piorące,,,
Fotografia i film,Statywy i uchwyty,Piloty,Maszyny - urządzenia czyszczące i piorące,,,
Fotografia i film,Statywy i uchwyty,Statywy fotograficzne,Maszyny do szycia,,,
Fotografia i film,Statywy i uchwyty,Uchwyty dodatkowe,Maszyny do waty cukrowej,,,
Fotografia i film,Statywy i uchwyty,Uchwyty selfie,Materace,,,
Fotografia i film,"Torby, plecaki, etui",Etui i futerały,Materace,,,
Fotografia i film,"Torby, plecaki, etui",Plecaki,Materace,,,
Fotografia i film,"Torby, plecaki, etui",Torby,Materace,,,
Fotografia i film,Zasilanie,Akumulatorki,Materiały reklamowe,,,
Fotografia i film,Zasilanie,Akumulatory dedykowane do foto,Materiały reklamowe,,,
Fotografia i film,Zasilanie,Baterie,Materiały reklamowe,,,
Fotografia i film,Zasilanie,Powerbanki,Matryce,,,
Fotografia i film,Zasilanie,Ładowarki dedykowane do foto,matryce,,,
Fotografia i film,Zasilanie,Ładowarki do akumulatorków,Maty,,,
"Gaming: Konsole, Gry i Akcesoria",Gadżety dla graczy,Breloczki,Maty,,,
"Gaming: Konsole, Gry i Akcesoria",Gadżety dla graczy,Czapki,Maty antypoślizgowe,,,
"Gaming: Konsole, Gry i Akcesoria",Gadżety dla graczy,"Ekspozytory, gabloty i futerały",Maty i nakładki masujące,,,
"Gaming: Konsole, Gry i Akcesoria",Gadżety dla graczy,Figurki,Maty tłumiące,,,
"Gaming: Konsole, Gry i Akcesoria",Gadżety dla graczy,Koszulki,Maty tłumiące,,,
"Gaming: Konsole, Gry i Akcesoria",Gadżety dla graczy,Książki,Meble do przechowywania,,,
"Gaming: Konsole, Gry i Akcesoria",Gadżety dla graczy,Kubki,Meble do przechowywania,,,
"Gaming: Konsole, Gry i Akcesoria",Gadżety dla graczy,Maskotki,Meble do przechowywania,,,
"Gaming: Konsole, Gry i Akcesoria",Gadżety dla graczy,Otwieracze,Meble do przechowywania,,,
"Gaming: Konsole, Gry i Akcesoria",Gadżety dla graczy,Plakaty,Meble do przechowywania,,,
"Gaming: Konsole, Gry i Akcesoria",Gadżety dla graczy,Puzzle,Meble do przechowywania,,,
"Gaming: Konsole, Gry i Akcesoria",Gadżety dla graczy,Skarpety,Meble do przechowywania,,,
"Gaming: Konsole, Gry i Akcesoria",Gadżety dla graczy,Zapalniczki,Meble do przechowywania,,,
"Gaming: Konsole, Gry i Akcesoria",Gaming PC,Akcesoria do streamingu,Meble do przechowywania,,,
"Gaming: Konsole, Gry i Akcesoria",Gaming PC,Dyski SSD,Meble do przechowywania,,,
"Gaming: Konsole, Gry i Akcesoria",Gaming PC,Dyski zewnętrzne,Meble do przechowywania,,,
"Gaming: Konsole, Gry i Akcesoria",Gaming PC,Fotele gamingowe,Meble do przechowywania,,,
"Gaming: Konsole, Gry i Akcesoria",Gaming PC,Fotele gamingowe - Akcesoria,Meble do przechowywania,,,
"Gaming: Konsole, Gry i Akcesoria",Gaming PC,Klawiaturowe zestawy z myszą,Meble do przechowywania,,,
"Gaming: Konsole, Gry i Akcesoria",Gaming PC,Klawiatury,Meble do przechowywania,,,
"Gaming: Konsole, Gry i Akcesoria",Gaming PC,Komputery,Meble do przechowywania,,,
"Gaming: Konsole, Gry i Akcesoria",Gaming PC,Kontrolery,Meble do przechowywania,,,
"Gaming: Konsole, Gry i Akcesoria",Gaming PC,Monitory LCD,Meble do przechowywania,,,
"Gaming: Konsole, Gry i Akcesoria",Gaming PC,Myszy,Meble do przechowywania,,,
"Gaming: Konsole, Gry i Akcesoria",Gaming PC,Myszy - uchwyty do kabli,Meble do przechowywania,,,
"Gaming: Konsole, Gry i Akcesoria",Gaming PC,Podkładki pod myszkę,Meble do przechowywania,,,
"Gaming: Konsole, Gry i Akcesoria",Gaming PC,Stoliki i biurka,Meble do przechowywania,,,
"Gaming: Konsole, Gry i Akcesoria",Gaming PC,Słuchawki,Mediaporty,,,
"Gaming: Konsole, Gry i Akcesoria",Gry,Gry Nintendo,Mediaporty,,,
"Gaming: Konsole, Gry i Akcesoria",Gry,Gry PC,Mediaporty,,,
"Gaming: Konsole, Gry i Akcesoria",Gry,Gry Playstation 3,Mediaporty,,,
"Gaming: Konsole, Gry i Akcesoria",Gry,Gry Playstation 4,Mediaporty,,,
"Gaming: Konsole, Gry i Akcesoria",Gry,Gry Playstation 5,Mediaporty,,,
"Gaming: Konsole, Gry i Akcesoria",Gry,Gry Playstation Vita,Mediaporty,,,
"Gaming: Konsole, Gry i Akcesoria",Gry,Gry w dystrybucji elektronicznej,Mediaporty,,,
"Gaming: Konsole, Gry i Akcesoria",Gry,Gry Xbox 360,Megafony,,,
"Gaming: Konsole, Gry i Akcesoria",Gry,Gry Xbox One,Metkownice,,,
"Gaming: Konsole, Gry i Akcesoria",Konsole,Adaptery,Metronomy i tunery,,,
"Gaming: Konsole, Gry i Akcesoria",Konsole,Kable,Miarki,,,
"Gaming: Konsole, Gry i Akcesoria",Konsole,Kamery - Akcesoria,Mierniki,,,
"Gaming: Konsole, Gry i Akcesoria",Konsole,Kamery do konsol,Mierniki grubości lakieru,,,
"Gaming: Konsole, Gry i Akcesoria",Konsole,Karty do streamingu,Mierniki tłuszczu,,,
"Gaming: Konsole, Gry i Akcesoria",Konsole,Konsole,Mieszacze POE,,,
"Gaming: Konsole, Gry i Akcesoria",Konsole,Konsole przenośne,Mieszacze POE,,,
"Gaming: Konsole, Gry i Akcesoria",Konsole,Kontrolery,Mieszadła,,,
"Gaming: Konsole, Gry i Akcesoria",Konsole,Kontrolery - akcesoria,Mieszarki,,,
"Gaming: Konsole, Gry i Akcesoria",Konsole,Stacje dokujące do kontrolerów,Mieszarki,,,
"Gaming: Konsole, Gry i Akcesoria",Konsole,Słuchawki,Mikrodermabrazja,,,
"Gaming: Konsole, Gry i Akcesoria",VR - Wirtualna rzeczywistość,Akcesoria,Mikrofony,,,
"Gaming: Konsole, Gry i Akcesoria",VR - Wirtualna rzeczywistość,Czujniki,Mikrofony,,,
"Gaming: Konsole, Gry i Akcesoria",VR - Wirtualna rzeczywistość,Gogle wirtualnej rzeczywistości,Mikrofony,,,
"Gaming: Konsole, Gry i Akcesoria",VR - Wirtualna rzeczywistość,Kable,mikrofony,,,
"Gaming: Konsole, Gry i Akcesoria",VR - Wirtualna rzeczywistość,Kontrolery VR,Mikrofony/Głośniki,,,
Gry i zabawki,Edukacja i rozwój,Gry edukacyjne,Mikrokomputery,,,
Gry i zabawki,Edukacja i rozwój,Instrumenty muzyczne,Mikroskopy,,,
Gry i zabawki,Edukacja i rozwój,Interaktywne,Mikroskopy,,,
Gry i zabawki,Edukacja i rozwój,Konstrukcyjne,miksery,,,
Gry i zabawki,Edukacja i rozwój,Laptopy i smartfony edukacyjne,Miksery / Blendery,,,
Gry i zabawki,Edukacja i rozwój,Wspomaganie nauki,Mini wieże,,,
Gry i zabawki,Figurki,Akcji,Minutniki,,,
Gry i zabawki,Figurki,Dinozaury,"Miotły, zmiotki i szufelki",,,
Gry i zabawki,Figurki,Kolekcjonerskie,"Miotły, zmiotki i szufelki",,,
Gry i zabawki,Figurki,Militarne,"Miski, pojemniki i poidełka",,,
Gry i zabawki,Figurki,Z bajek,"Miski, pojemniki i poidełka",,,
Gry i zabawki,Figurki,Zwierzęta,Młotki,,,
Gry i zabawki,Gry,Edukacyjne,Młotki,,,
Gry i zabawki,Gry,Ekonomiczne,Młotowiertarki,,,
Gry i zabawki,Gry,Familijne,Młotowiertarki,,,
Gry i zabawki,Gry,Imprezowe i towarzyskie,Młoty udarowe,,,
Gry i zabawki,Gry,Karciane,Młoty udarowe,,,
Gry i zabawki,Gry,Logiczne,Młynki,,,
Gry i zabawki,Gry,Strategiczne,Młynki,,,
Gry i zabawki,Gry,Zręcznościowe,Mocowani/Uchwyty,,,
Gry i zabawki,Klocki,Drewniane,Mocowani/Uchwyty,,,
Gry i zabawki,Klocki,Konstrukcyjne,Mocowania/Uchwyty,,,
Gry i zabawki,Klocki,LEGO,Mocowania/Uchwyty,,,
Gry i zabawki,Klocki,Magnetyczne,Mocowania/Uchwyty,,,
Gry i zabawki,Klocki,Plastikowe,Mocowania/Uchwyty,,,
Gry i zabawki,Klocki,PLAYMOBIL,Mocowania/Uchwyty,,,
Gry i zabawki,Kreatywne i plastyczne,"Biżuteria, koraliki i prasowanki",Mocowania/Uchwyty,,,
Gry i zabawki,Kreatywne i plastyczne,Malowanie i rysowanie,Mocowania/Uchwyty,,,
Gry i zabawki,Kreatywne i plastyczne,Masy plastyczne,Mocowania/Uchwyty,,,
Gry i zabawki,Kreatywne i plastyczne,Mozaiki,Modemy,,,
Gry i zabawki,Kreatywne i plastyczne,Pieczątki i stempelki,Modemy,,,
Gry i zabawki,Kreatywne i plastyczne,Robótki ręczne,Modemy,,,
Gry i zabawki,Kreatywne i plastyczne,Znikopisy i tablice,Modemy,,,
Gry i zabawki,Kreatywne i plastyczne,Zrób to sam,Modemy ,,,
Gry i zabawki,Lalki i akcesoria,Akcesoria dla lalek,Modularne Systemy Wi-Fi,,,
Gry i zabawki,Lalki i akcesoria,Bobasy,Modulatory i transmodulatory,,,
Gry i zabawki,Lalki i akcesoria,Domki dla lalek,Moduły bateryjne,,,
Gry i zabawki,Lalki i akcesoria,Lalki,Moduły bateryjne,,,
Gry i zabawki,Lalki i akcesoria,Meble dla lalek,Moduły bateryjne,,,
Gry i zabawki,Lalki i akcesoria,Szmaciane,Moduły bateryjne,,,
Gry i zabawki,Lalki i akcesoria,Wózki dla lalek,Moduły do kart sieciowych,,,
Gry i zabawki,Odgrywanie ról i przebrania,Kuchnia i dom,Moduły do kart sieciowych,,,
Gry i zabawki,Odgrywanie ról i przebrania,Moda i uroda,Moduły do Switch'y,,,
Gry i zabawki,Odgrywanie ról i przebrania,Sklep,Moduły fotowoltaiczne,,,
Gry i zabawki,Odgrywanie ról i przebrania,Stroje i przebrania,Moduły GSM,,,
Gry i zabawki,Odgrywanie ról i przebrania,Warsztat i narzędzia,Moduły indywidualne,,,
Gry i zabawki,Pluszaki,Interaktywne,Moduły optyczne,,,
Gry i zabawki,Pluszaki,Kukiełki i pacynki,Moduły wygrzewacza,,,
Gry i zabawki,Pluszaki,Maskotki,Moduły wygrzewacza,,,
Gry i zabawki,Pluszaki,Maskotki z bajek,Moduły wygrzewacza,,,
Gry i zabawki,Pojazdy,Budowlane,Moduły zasilania awaryjnego,,,
Gry i zabawki,Pojazdy,Garaże i tory,Monitory,,,
Gry i zabawki,Pojazdy,Kolejki i akcesoria,Monitory,,,
Gry i zabawki,Pojazdy,Modele do sklejania,Monitory,,,
Gry i zabawki,Pojazdy,Motocykle,Monitory,,,
Gry i zabawki,Pojazdy,Samochody,Monitory,,,
Gry i zabawki,Pojazdy,Samoloty i statki,Monitory,,,
Gry i zabawki,Pojazdy,Traktory i maszyny rolnicze,Monitory,,,
Gry i zabawki,Pojazdy,Wojskowe,Monitory,,,
Gry i zabawki,Pojazdy,Zdalnie sterowane,Monitory,,,
Gry i zabawki,Puzzle,3D i 4D,Monitory,,,
Gry i zabawki,Puzzle,Drewniane,Monitory,,,
Gry i zabawki,Puzzle,Magnetyczne,Monitory,,,
Gry i zabawki,Puzzle,Piankowe,Monitory,,,
Gry i zabawki,Puzzle,Tradycyjne,Monitory,,,
Gry i zabawki,Sport i rekreacja,Akumulatory do hulajnogi,Monitory,,,
Gry i zabawki,Sport i rekreacja,Bramki do piłki nożnej,Monitory,,,
Gry i zabawki,Sport i rekreacja,Cześci i akcesoria do hulajnogi,Monitory,,,
Gry i zabawki,Sport i rekreacja,Deskorolki elektryczne,Monitory,,,
Gry i zabawki,Sport i rekreacja,Deskorolki tradycyjne,Monitory,,,
Gry i zabawki,Sport i rekreacja,Hulajnogi elektryczne,Monitory,,,
Gry i zabawki,Sport i rekreacja,Hulajnogi tradycyjne,Monitory,,,
Gry i zabawki,Sport i rekreacja,Pojazdy elektryczne,Monitory,,,
Gry i zabawki,Sport i rekreacja,Quady na pedały,Monitory,,,
Gry i zabawki,Sport i rekreacja,"Rolki, wrotki",Monitory,,,
Gry i zabawki,Sport i rekreacja,Rowery dziecięce,Monitory,,,
Gry i zabawki,Sport i rekreacja,Samochody na pedały,Monitory,,,
Gry i zabawki,Sport i rekreacja,Sanki,Monitory,,,
Gry i zabawki,Zabawki dla najmłodszych (0-3 lata),Bujaki i skoczki,Monitory,,,
Gry i zabawki,Zabawki dla najmłodszych (0-3 lata),Chodziki i jeździki,Monitory ,,,
Gry i zabawki,Zabawki dla najmłodszych (0-3 lata),Do kąpieli,Monitory aktywności i snu,,,
Gry i zabawki,Zabawki dla najmłodszych (0-3 lata),Edukacyjne,Monitory aktywności i snu,,,
Gry i zabawki,Zabawki dla najmłodszych (0-3 lata),Grzechotki,Monitory oddechu,,,
Gry i zabawki,Zabawki dla najmłodszych (0-3 lata),Karuzele i pozytywki,Monokulary,,,
Gry i zabawki,Zabawki dla najmłodszych (0-3 lata),Maty edukacyjne,Monokulary,,,
Gry i zabawki,Zabawki dla najmłodszych (0-3 lata),Pojazdy,Moskitiery,,,
Gry i zabawki,Zabawki drewniane,Domki dla lalek,Moskitiery,,,
Gry i zabawki,Zabawki drewniane,Instrumenty,Moskitiery,,,
Gry i zabawki,Zabawki drewniane,Klocki,Motocykle i skutery,,,
Gry i zabawki,Zabawki drewniane,Kolejki,Moździerze,,,
Gry i zabawki,Zabawki drewniane,Kuchnie,Multiswitche,,,
Gry i zabawki,Zabawki ogrodowe,Akcesoria ogrodnicze,"Multiswitche, konwertery",,,
Gry i zabawki,Zabawki ogrodowe,Baseny i brodziki,"Multiswitche, konwertery",,,
Gry i zabawki,Zabawki ogrodowe,Do pływania,Multitoole,,,
Gry i zabawki,Zabawki ogrodowe,"Domki, namioty",Myjki,,,
Gry i zabawki,Zabawki ogrodowe,Gry i zabawy,Myjki,,,
Gry i zabawki,Zabawki ogrodowe,Piaskownice i do piasku,Myjki,,,
Gry i zabawki,Zabawki ogrodowe,"Pistolety, wyrzutnie, karabiny",Myjki,,,
Gry i zabawki,Zabawki ogrodowe,Piłki,Myjki,,,
Gry i zabawki,Zabawki ogrodowe,Place zabaw,Myjki,,,
Gry i zabawki,Zabawki ogrodowe,Trampoliny,Myjki,,,
Instrumenty muzyczne,Akcesoria do instrumentów,Kapodaster,Myjki ciśnieniowe,,,
Instrumenty muzyczne,Akcesoria do instrumentów,Kostki,Myjki ciśnieniowe,,,
Instrumenty muzyczne,Akcesoria do instrumentów,Metronomy i tunery,Myjki parowe,,,
Instrumenty muzyczne,Akcesoria do instrumentów,Pasy gitarowe,Myjki parowe,,,
Instrumenty muzyczne,Akcesoria do instrumentów,Pokrowce,Myjki parowe,,,
Instrumenty muzyczne,Akcesoria do instrumentów,Statywy i uchwyty,Myjki ultradźwiękowe,,,
Instrumenty muzyczne,Akcesoria do instrumentów,Stroiki,Myszy,,,
Instrumenty muzyczne,Akcesoria do instrumentów,Struny,Myszy,,,
Instrumenty muzyczne,Gitary,Efekty gitarowe,Naciągacze jąder,,,
Instrumenty muzyczne,Gitary,Gitary akustyczne,Naciągi tenisowe,,,
Instrumenty muzyczne,Gitary,Gitary basowe akustyczne,Naczynia,,,
Instrumenty muzyczne,Gitary,Gitary basowe elektryczne,Naczynia,,,
Instrumenty muzyczne,Gitary,Gitary elektroakustyczne,Naczynia turystyczne,,,
Instrumenty muzyczne,Gitary,Gitary elektryczne,Naczynia żaroodporne,,,
Instrumenty muzyczne,Gitary,Gitary klasyczne,Naczynia/Sztućce i przybory kuchenne,,,
Instrumenty muzyczne,Gitary,Guitalele,Nadajniki Bluetooth,,,
Instrumenty muzyczne,Instrumenty dęte,Flety,Nadajniki NFC,,,
Instrumenty muzyczne,Instrumenty dęte,Harmonijki,Nagrzewnice,,,
Instrumenty muzyczne,Instrumenty dęte,Puzony,Nagrzewnice ,,,
Instrumenty muzyczne,Instrumenty dęte,Saksofony,Naklejki,,,
Instrumenty muzyczne,Instrumenty dęte,Trąbki,Nakładki antypoślizgowe na buty,,,
Instrumenty muzyczne,Instrumenty klawiszowe i MIDI,Akordeony,Nakładki na kierownicę,,,
Instrumenty muzyczne,Instrumenty klawiszowe i MIDI,Fortepiany,Nakolanniki i Nałokietniki,,,
Instrumenty muzyczne,Instrumenty klawiszowe i MIDI,Interfejsy,Nakrycia głowy,,,
Instrumenty muzyczne,Instrumenty klawiszowe i MIDI,Keyboardy,Nakrycia głowy,,,
Instrumenty muzyczne,Instrumenty klawiszowe i MIDI,MIDI,Nakrycia głowy,,,
Instrumenty muzyczne,Instrumenty klawiszowe i MIDI,Pianina,Nakrycia głowy,,,
Instrumenty muzyczne,Instrumenty klawiszowe i MIDI,Syntezatory,Nakrycia głowy,,,
Instrumenty muzyczne,Instrumenty perkusyjne,Hardware,Nakrycia głowy,,,
Instrumenty muzyczne,Instrumenty perkusyjne,Naciągi,Nakrycia głowy,,,
Instrumenty muzyczne,Instrumenty perkusyjne,Pałki,Namioty i tarpy,,,
Instrumenty muzyczne,Instrumenty perkusyjne,Perkusje akustyczne,Namioty i tarpy,,,
Instrumenty muzyczne,Instrumenty perkusyjne,Perkusje elektroniczne,Namioty i tarpy,,,
Instrumenty muzyczne,Instrumenty perkusyjne,Perkusjonalia,Namioty i tarpy,,,
Instrumenty muzyczne,Instrumenty perkusyjne,Talerze,Napędy,,,
Instrumenty muzyczne,Instrumenty perkusyjne,Werble,Napędy,,,
Instrumenty muzyczne,Instrumenty smyczkowe,Skrzypce,Napędy,,,
Instrumenty muzyczne,Materiały wygłuszające,Dyfuzory,Napędy,,,
Instrumenty muzyczne,Materiały wygłuszające,Maty tłumiące szerokie i niskie pasma,Napędy,,,
Instrumenty muzyczne,Materiały wygłuszające,Pozostałe elementy tłumiące,Napędy,,,
Instrumenty muzyczne,Materiały wygłuszające,Standardowe maty tłumiące,Napędy,,,
Instrumenty muzyczne,Materiały wygłuszające,Zestawy do wygłuszania studia,Napędy,,,
Instrumenty muzyczne,Meble,Biurka,Napędy,,,
Instrumenty muzyczne,Meble,Segregatory,Napędy,,,
Instrumenty muzyczne,Meble,Stoły,Napędy,,,
Instrumenty muzyczne,Meble,Szafki,Napędy,,,
Instrumenty muzyczne,Meble,Ławy,Napędy,,,
Instrumenty muzyczne,Mikrofony i słuchawki,Adaptery i przejściówki,Napędy,,,
Instrumenty muzyczne,Mikrofony i słuchawki,Akcesoria,Napędy optyczne,,,
Instrumenty muzyczne,Mikrofony i słuchawki,Mikrofony,Napędy optyczne,,,
Instrumenty muzyczne,Mikrofony i słuchawki,Osłony przeciwwietrzne,Napędy RDX,,,
Instrumenty muzyczne,Mikrofony i słuchawki,Słuchawki,Napędy taśmowe,,,
Instrumenty muzyczne,Nagłośnienie,Głośniki,Napędy taśmowe,,,
Instrumenty muzyczne,Nagłośnienie,Kable,Napoje,,,
Instrumenty muzyczne,Nagłośnienie,Kolumny,Napoje,,,
Instrumenty muzyczne,Nagłośnienie,Konsolety mikserskie,Napoje,,,
Instrumenty muzyczne,Nagłośnienie,Krosownice,Napowietrzacze,,,
Instrumenty muzyczne,Nagłośnienie,Mikrofony,Naprasowanki,,,
Instrumenty muzyczne,Nagłośnienie,Procesory Audio,Narty,,,
Instrumenty muzyczne,Nagłośnienie,Symetryzatory sygnału,Narzędzia,,,
Instrumenty muzyczne,Nagłośnienie,Wzmacniacze,Narzędzia,,,
Instrumenty muzyczne,Oprogramowanie,Oprogramowanie DAW,Narzędzia,,,
Instrumenty muzyczne,Oprogramowanie,Oprogramowanie DAW ESD,Narzędzia - osprzęt,,,
Instrumenty muzyczne,Oświetlenie sceniczne,Belki LED,Narzędzia - osprzęt,,,
Instrumenty muzyczne,Oświetlenie sceniczne,Efekty dyskotekowe,Narzędzia - osprzęt,,,
Instrumenty muzyczne,Oświetlenie sceniczne,Głowice ruchome,Narzędzia - osprzęt,,,
Instrumenty muzyczne,Oświetlenie sceniczne,Reflektory PAR,Narzędzia - osprzęt,,,
Instrumenty muzyczne,Oświetlenie sceniczne,Sterowniki DMX,Narzędzia - osprzęt,,,
Instrumenty muzyczne,Rejestratory dźwięku,Rejestratory przenośne,Narzędzia - osprzęt,,,
Instrumenty muzyczne,Sprzęt DJ,Akcesoria DJ,Narzędzia - osprzęt,,,
Instrumenty muzyczne,Sprzęt DJ,Gramofony DJ,Narzędzia - osprzęt,,,
Instrumenty muzyczne,Sprzęt DJ,Kontrolery,Narzędzia - osprzęt,,,
Instrumenty muzyczne,Sprzęt DJ,Słuchawki DJ,Narzędzia - osprzęt,,,
Instrumenty muzyczne,Ukulele,Barytonowe,Narzędzia - osprzęt,,,
Instrumenty muzyczne,Ukulele,Gitarowe,Narzędzia - osprzęt,,,
Instrumenty muzyczne,Ukulele,Koncertowe,Narzędzia - osprzęt,,,
Instrumenty muzyczne,Ukulele,Sopranowe,Narzędzia - osprzęt,,,
Instrumenty muzyczne,Ukulele,Tenorowe,Narzędzia - osprzęt,,,
Instrumenty muzyczne,Wytwornice,Baniek,Narzędzia - osprzęt,,,
Instrumenty muzyczne,Wytwornice,Dymu,Narzędzia - osprzęt,,,
Instrumenty muzyczne,Wytwornice,Płyny,Narzędzia - osprzęt,,,
IT,Chłodzenie,Chłodzenie - akcesoria,Narzędzia - osprzęt,,,
IT,Chłodzenie,Chłodzenie - akcesoria do chłodzenia wodnego,Narzędzia - osprzęt,,,
IT,Chłodzenie,Chłodzenie - wentylatory,Narzędzia - osprzęt,,,
IT,Chłodzenie,Chłodzenie - zestawy,Narzędzia - osprzęt,,,
IT,Chłodzenie,Chłodzenie - zestawy chłodzenia wodnego,Narzędzia - osprzęt,,,
IT,Chłodzenie,Chłodzenie CPU,Narzędzia - osprzęt,,,
IT,Chłodzenie,Chłodzenie do dysków,Narzędzia - osprzęt,,,
IT,Chłodzenie,Chłodzenie RAM,Narzędzia - osprzęt,,,
IT,Chłodzenie,Chłodzenie VGA,Narzędzia - osprzęt,,,
IT,Chłodzenie,Pasty termoprzewodzące,Narzędzia - osprzęt,,,
IT,Chłodzenie,Podstawki pod notebooki,Narzędzia - osprzęt,,,
IT,Dyski i akcesoria,Dyski Enterprise HDD,Narzędzia - osprzęt,,,
IT,Dyski i akcesoria,Dyski Enterprise HDD dedykowane,Narzędzia - osprzęt,,,
IT,Dyski i akcesoria,Dyski Enterprise SSD,Narzędzia - osprzęt,,,
IT,Dyski i akcesoria,Dyski Enterprise SSD dedykowane,Narzędzia - osprzęt,,,
IT,Dyski i akcesoria,Dyski HDD,Narzędzia - osprzęt,,,
IT,Dyski i akcesoria,Dyski SSD,Narzędzia - osprzęt,,,
IT,Dyski i akcesoria,Dyski SSHD,Narzędzia budowlane,,,
IT,Dyski i akcesoria,Dyski zewnętrzne,Narzędzia budowlane,,,
IT,Dyski i akcesoria,Etui do dysków zewnętrznych,Narzędzia budowlane,,,
IT,Dyski i akcesoria,Gwarancje - rozszerzenia,Narzędzia budowlane,,,
IT,Dyski i akcesoria,Kieszenie HDD,Narzędzia budowlane,,,
IT,Dyski i akcesoria,Obudowy zewnętrzne na dyski,Narzędzia budowlane,,,
IT,Dyski i akcesoria,Stacje dokujące,Narzędzia budowlane,,,
IT,GPS - nawigacja satelitarna,Akcesoria do nawigacji satelitarnej,Narzędzia budowlane,,,
IT,GPS - nawigacja satelitarna,Etui / Futerały,Narzędzia budowlane,,,
IT,GPS - nawigacja satelitarna,Lokalizatory,Narzędzia budowlane,,,
IT,GPS - nawigacja satelitarna,Urządzenia do nawigacji samochodowej,Narzędzia budowlane,,,
IT,Kable i adaptery,"Adaptery, przejściówki",Narzędzia budowlane,,,
IT,Kable i adaptery,"Gniazda, wtyki",Narzędzia budowlane,,,
IT,Kable i adaptery,Kable antenowe,Narzędzia budowlane,,,
IT,Kable i adaptery,Kable DisplayPort,Narzędzia budowlane,,,
IT,Kable i adaptery,Kable do przełączników KVM,Narzędzia budowlane,,,
IT,Kable i adaptery,Kable do zasilaczy,Narzędzia budowlane,,,
IT,Kable i adaptery,Kable DVI,Narzędzia budowlane,,,
IT,Kable i adaptery,Kable FireWire,Narzędzia budowlane,,,
IT,Kable i adaptery,Kable HDMI,Narzędzia budowlane,,,
IT,Kable i adaptery,Kable JACK i RCA(Cinch),Narzędzia budowlane,,,
IT,Kable i adaptery,Kable LPT,Narzędzia budowlane,,,
IT,Kable i adaptery,Kable optyczne,Narzędzia budowlane,,,
IT,Kable i adaptery,Kable PCI-E,Narzędzia budowlane,,,
IT,Kable i adaptery,Kable PS2,Narzędzia budowlane,,,
IT,Kable i adaptery,Kable RS-232,Narzędzia budowlane,,,
IT,Kable i adaptery,Kable SAS,NAS,,,
IT,Kable i adaptery,Kable SATA/HDD/Molex,NAS,,,
IT,Kable i adaptery,Kable SCART,Nasadki podwyższające sedes,,,
IT,Kable i adaptery,Kable sieciowe,Nasiona,,,
IT,Kable i adaptery,Kable telefoniczne,Nasiona,,,
IT,Kable i adaptery,Kable USB,Naszywki,,,
IT,Kable i adaptery,Kable VGA,Nawigacja,,,
IT,Kable i adaptery,Kable zasilające do płyt głównych,Nawigacja,,,
IT,Kable i adaptery,Narzędzia,Nianie elektroniczne,,,
IT,Kable i adaptery,Organizery kablowe,Nici,,,
IT,Kable i adaptery,Patchcable,Nieśmiertelniki,,,
IT,Kable i adaptery,Testery,Niezintegrowane świetlówki kompaktowe,,,
IT,Karty graficzne,Akcesoria do kart graficznych,Niszczarki,,,
IT,Karty graficzne,Graficzne karty ( INTEL ),Nitownice,,,
IT,Karty graficzne,Graficzne karty ( NVIDIA Graphics PLUS ),"Nocniki, nakładki na sedes",,,
IT,Karty graficzne,Graficzne karty (ATI),Nosidełka,,,
IT,Karty graficzne,Karty graficzne do stacji roboczych,Nośniki,,,
IT,Karty i kontrolery,Gwarancje - rozszerzenia,Nośniki,,,
IT,Karty i kontrolery,Karty HBA,Nośniki,,,
IT,Karty i kontrolery,Karty muzyczne,Nośniki,,,
IT,Karty i kontrolery,Kontrolery COM,Nośniki,,,
IT,Karty i kontrolery,Kontrolery DV,Nośniki,,,
IT,Karty i kontrolery,Kontrolery Fibre Channel,Nośniki,,,
IT,Karty i kontrolery,Kontrolery FireWire,Nośniki,,,
IT,Karty i kontrolery,Kontrolery IrDA,Nośniki,,,
IT,Karty i kontrolery,Kontrolery LPT / COM,Notebooki,,,
IT,Karty i kontrolery,Kontrolery PCMCIA,Notebooki,,,
IT,Karty i kontrolery,Kontrolery RAID,Notebooki,,,
IT,Karty i kontrolery,Kontrolery SATA,Notebooki,,,
IT,Karty i kontrolery,Kontrolery USB,Notebooki,,,
IT,Karty i kontrolery,Konwertery,Noże,,,
IT,Karty i kontrolery,Moduły do kart sieciowych,"Noże, scyzoryki, maczety",,,
IT,Karty i kontrolery,Sieciowe karty bezprzewodowe PCI,Nożyce,,,
IT,Karty i kontrolery,Sieciowe karty bezprzewodowe PCMCIA,Nożyce,,,
IT,Karty i kontrolery,Sieciowe karty bezprzewodowe USB,Nożyce,,,
IT,Karty i kontrolery,Sieciowe karty ExpressCard,Nożyce,,,
IT,Karty i kontrolery,Sieciowe karty miniPC,Nożyce,,,
IT,Karty i kontrolery,Sieciowe karty PCI,Nożyce,,,
IT,Karty i kontrolery,Sieciowe karty PCMCIA,Nożyce,,,
IT,Karty i kontrolery,Sieciowe karty USB,Nożyce,,,
IT,Komputery,Gwarancje - rozszerzenia,Nożyce do żywopłotu,,,
IT,Komputery,Komputery All-in-one,Nożyczki,,,
IT,Komputery,Komputery Barebone,Nożyczki,,,
IT,Komputery,Komputery Biznesowe,Nożyczki i Nożyki,,,
IT,Komputery,Komputery Domowe,Nóżki i płozy,,,
IT,Komputery,Komputery Gaming,Obciążniki,,,
IT,Komputery,Komputery Media Center,Obiektywy,,,
IT,Komputery,Komputery Terminale,Obiektywy,,,
IT,Komputery,Koparki kryptowalut,Obiektywy,,,
IT,Komputery,Mini komputery,Obroże i kneble,,,
IT,Komputery,Uchwyty,Obrzeża i palisady,,,
IT,Mediaporty,Akcesoria,Obudowy,,,
IT,Mediaporty,Bloki nablatowe,Obudowy,,,
IT,Mediaporty,Bloki podblatowe,Obudowy,,,
IT,Mediaporty,Kolumny wysuwane,Obudowy,,,
IT,Mediaporty,Listwy zasilające dedykowane do przyłączy stołowyc,Obudowy,,,
IT,Mediaporty,Listwy zasilające podblatowe,Obudowy,,,
IT,Mediaporty,Moduły indywidualne,Obudowy ,,,
IT,Mediaporty,Organizery kablowe,Obudowy do dronów,,,
IT,Mediaporty,Ramki,Obudowy instalacyjne,,,
IT,Mediaporty,Wpuszczane w blat - otwarte,Obudowy instalacyjne,,,
IT,Mediaporty,Wpuszczane w blat - zamykane,Obudowy komputerowe,,,
IT,Monitory,CCTV/ Monitory do monitoringu,Obudowy zewnętrzne na dyski,,,
IT,Monitory,Monitory - Akcesoria do monitorów,Obuwie,,,
IT,Monitory,Monitory bezramkowe,Obuwie,,,
IT,Monitory,Monitory dotykowe,Obuwie,,,
IT,Monitory,Monitory dotykowe - Komputery,Obuwie,,,
IT,Monitory,Monitory LCD,Obuwie,,,
IT,Monitory,Monitory LFD wielkoformatowe,Ochraniacze,,,
IT,Monitory,Monitory plazmowe,Ochraniacze,,,
IT,Monitory,Monitory serwisowe,Ochraniacze,,,
IT,Monitory,Monitory zewnętrzne,Ochraniacze,,,
IT,Monitory,Uchwyty do monitorów,Ochraniacze i podkłady przeciwodleżynowe,,,
IT,Multimedia,Czytniki e-Book,Ochrona oczu,,,
IT,Multimedia,Czytniki e-Book (akcesoria),Ochrona piersi,,,
IT,Multimedia,Czytniki Kart,Ochrona słuchu,,,
IT,Multimedia,Kontrolery DJ,Ochrona słuchu,,,
IT,Multimedia,Mikroskopy,Ochrona twarzy,,,
IT,Multimedia,Odtwarzacze MP3,Ochrona twarzy,,,
IT,Multimedia,Odtwarzacze MP3 (akcesoria),Ociekacze i suszarki do naczyń,,,
IT,Multimedia,Odtwarzacze multimedialne,Oczyszczacze i nawilżacze powietrza,,,
IT,Multimedia,Pętle indukcyjne,Oczyszczacze i nawilżacze powietrza,,,
IT,Multimedia,Pętle indukcyjne - Akcesoria,Oczyszczacze i nawilżacze powietrza,,,
IT,Multimedia,Zestawy do KARAOKE,Oczyszczacze i nawilżacze powietrza,,,
IT,Napędy,Nagrywarki CD,Oczyszczacze i nawilżacze powietrza,,,
IT,Napędy,Nagrywarki DVD,Oczyszczacze wody,,,
IT,Napędy,Napędy Blu-ray,Odkurzacze,,,
IT,Napędy,Napędy CD-ROM,Odkurzacze,,,
IT,Napędy,Napędy DVD-ROM,Odkurzacze,,,
IT,Napędy,Napędy FDD,Odkurzacze,,,
IT,Napędy,Napędy RDX,Odkurzacze,,,
IT,Napędy,Napędy taśmowe (STREAMERY),Odkurzacze,,,
IT,Nośniki i akcesoria,BD-R Płytki (Blu-ray),Odkurzacze ,,,
IT,Nośniki i akcesoria,BD-RE Płytki (Blu-ray),Odkurzacze i dmuchawy do liści,,,
IT,Nośniki i akcesoria,CD-R Płytki,Odstraszacze,,,
IT,Nośniki i akcesoria,CD-RW Płytki,Odstraszacze,,,
IT,Nośniki i akcesoria,DVD+R Płytki,Odstraszacze gryzoni,,,
IT,Nośniki i akcesoria,DVD+RW Płytki,Odstraszacze owadów,,,
IT,Nośniki i akcesoria,DVD-R Płytki,Odśnieżarki,,,
IT,Nośniki i akcesoria,DVD-RAM Płytki,Odśnieżarki,,,
IT,Nośniki i akcesoria,DVD-RW Płytki,Odśnieżarki,,,
IT,Nośniki i akcesoria,Dyskietki,Odświeżacze powietrza,,,
IT,Nośniki i akcesoria,Kasety RDX,odtwarzacze,,,
IT,Nośniki i akcesoria,Pudełka i akcesoria na nośniki,Odtwarzacze ,,,
IT,Nośniki i akcesoria,Taśmy do streamerów,Odtwarzacze ,,,
IT,"Notebooki, laptopy, ultrabooki",Akcesoria,Odtwarzacze ,,,
IT,"Notebooki, laptopy, ultrabooki",Baterie do notebooków,Odtwarzacze ,,,
IT,"Notebooki, laptopy, ultrabooki",Części serwisowe - Gniazda,Odtwarzacze multimedialne,,,
IT,"Notebooki, laptopy, ultrabooki",Części serwisowe - Invertery,Odtwarzacze multimedialne,,,
IT,"Notebooki, laptopy, ultrabooki",Części serwisowe - Klawiatury,Odzież dla zwierząt,,,
IT,"Notebooki, laptopy, ultrabooki",Części serwisowe - Matryce,Odzież maskująca,,,
IT,"Notebooki, laptopy, ultrabooki",Części serwisowe - Taśmy,Odżywki i suplementy,,,
IT,"Notebooki, laptopy, ultrabooki",Części serwisowe - Wentylatory,Odżywki i suplementy,,,
IT,"Notebooki, laptopy, ultrabooki",Części serwisowe - Zawiasy,Odżywki i suplementy,,,
IT,"Notebooki, laptopy, ultrabooki",Ekranowe filtry prywatyzujące,Odżywki i suplementy,,,
IT,"Notebooki, laptopy, ultrabooki",Gwarancje - rozszerzenia,Odżywki i suplementy,,,
IT,"Notebooki, laptopy, ultrabooki",Modemy 3G/4G,Odżywki i suplementy,,,
IT,"Notebooki, laptopy, ultrabooki",Napędy do notebooków,Odżywki i suplementy,,,
IT,"Notebooki, laptopy, ultrabooki",Notebooki,Odżywki i suplementy,,,
IT,"Notebooki, laptopy, ultrabooki",Notebooki - stacje dokujące i replikatory,Odżywki i suplementy,,,
IT,"Notebooki, laptopy, ultrabooki",Pamięci SO-DIMM,Ograniczniki przepięć,,,
IT,"Notebooki, laptopy, ultrabooki",Podstawki pod notebooki,Ograniczniki przepięć,,,
IT,"Notebooki, laptopy, ultrabooki",Torby / plecaki / walizki / etui,Ogrodzenia,,,
IT,"Notebooki, laptopy, ultrabooki",Uchwyty,Ogrzewacze,,,
IT,"Notebooki, laptopy, ultrabooki",Zasilacze do notebooków,Ogrzewacze ,,,
IT,Obudowy i zasilacze,Obudowy - akcesoria,Ogrzewacze chemiczne,,,
IT,Obudowy i zasilacze,Obudowy do Miningu,Ogrzewacze do rąk,,,
IT,Obudowy i zasilacze,Obudowy komputerowe,Okapy kuchenne,,,
IT,Obudowy i zasilacze,Obudowy serwerowe,Okrycia kąpielowe,,,
IT,Obudowy i zasilacze,Zasilacze do obudów,Okulary,,,
IT,Outlet,Dyski twarde,Okulary,,,
IT,Outlet,Komputery PC,Okulary,,,
IT,Outlet,"Monitory LCD 19""",Okulary,,,
IT,Outlet,"Monitory LCD 22""",Okulary,,,
IT,Outlet,"Monitory LCD 24""",Okulary,,,
IT,Outlet,Netbooki,Okulary,,,
IT,Outlet,Notebooki,Olejki i świece do masażu,,,
IT,Outlet,Outlet,Opalarki,,,
IT,Outlet,Routery,Opalarki,,,
IT,Outlet,Smartfony,Opaski,,,
IT,Outlet,Tablety,Opaski do włosów,,,
IT,Outlet,Ultrabooki,Opaski medyczne,,,
IT,Pamięci,Pamięci - rozszerzenie pamięci,Opiekacze,,,
IT,Pamięci,Pamięci Compact Flash,Opony,,,
IT,Pamięci,Pamięci dedykowane,Opony,,,
IT,Pamięci,Pamięci DIMM (DDR II),Opony,,,
IT,Pamięci,Pamięci DIMM (DDR III),Opony,,,
IT,Pamięci,Pamięci DIMM (DDR IV),Opony,,,
IT,Pamięci,Pamięci DIMM (DDR V),Oprawy,,,
IT,Pamięci,Pamięci DIMM (DDR),Oprawy,,,
IT,Pamięci,Pamięci DIMM (SDRAM),Oprawy,,,
IT,Pamięci,Pamięci FlashDrive,Oprawy,,,
IT,Pamięci,Pamięci Intel Optane,Oprawy,,,
IT,Pamięci,Pamięci Memory Stick,Oprawy,,,
IT,Pamięci,Pamięci MultimediaCard,Oprawy,,,
IT,Pamięci,Pamięci RIMM,Oprogramowanie,,,
IT,Pamięci,Pamięci SecureDigital,Oprogramowanie,,,
IT,Pamięci,Pamięci serwerowe dedykowane,Oprogramowanie,,,
IT,Pamięci,Pamięci SIM,Oprogramowanie,,,
IT,Pamięci,Pamięci SmartMedia,Oprogramowanie,,,
IT,Pamięci,Pamięci SO-DIMM,Oprogramowanie,,,
IT,Peryferia,Akcesoria do drukarek,Oprogramowanie,,,
IT,Peryferia,Bluetooth,Oprogramowanie,,,
IT,Peryferia,Drukarki (Gwarancje-rozszerzenia),Oprogramowanie,,,
IT,Peryferia,Drukarki 3D,Oprogramowanie,,,
IT,Peryferia,Drukarki 3D - Części zamienne,Oprogramowanie,,,
IT,Peryferia,Drukarki atramentowe,Oprogramowanie,,,
IT,Peryferia,Drukarki etykiet,Oprogramowanie,,,
IT,Peryferia,Drukarki igłowe,Oprogramowanie,,,
IT,Peryferia,Drukarki laserowe,Oprogramowanie,,,
IT,Peryferia,Drukarki termiczne,Oprogramowanie,,,
IT,Peryferia,Drukarki termosublimacyjne,Oprogramowanie,,,
IT,Peryferia,Drukarki-Plotery,Oprogramowanie,,,
IT,Peryferia,Głośniki,Oprogramowanie,,,
IT,Peryferia,Huby USB,Oprogramowanie,,,
IT,Peryferia,Kamery internetowe,Oprogramowanie,,,
IT,Peryferia,Klawiaturowe zestawy z myszą,Oprogramowanie,,,
IT,Peryferia,Klawiatury,Oprogramowanie,,,
IT,Peryferia,Klucze sprzętowe,Oprogramowanie,,,
IT,Peryferia,Kopiarki,Oprogramowanie,,,
IT,Peryferia,Mikrofony,Oprogramowanie,,,
IT,Peryferia,Myszy,Oprogramowanie,,,
IT,Peryferia,Podkładki pod myszkę,Oprogramowanie,,,
IT,Peryferia,Przełączniki do drukarek,Oprogramowanie,,,
IT,Peryferia,Przełączniki i splitery,Oprogramowanie,,,
IT,Peryferia,Skanery,Oprogramowanie,,,
IT,Peryferia,Słuchawki,Oprogramowanie,,,
IT,Peryferia,Urządzenia wielofunkcyjne atramentowe,Oprogramowanie,,,
IT,Peryferia,Urządzenia wielofunkcyjne laserowe,Oprogramowanie,,,
IT,Procesory,Procesory AM4,Oprogramowanie,,,
IT,Procesory,Procesory AMD APU,Oprogramowanie,,,
IT,Procesory,Procesory AMD Athlon,Oprogramowanie,,,
IT,Procesory,Procesory AMD Epyc,Oprogramowanie,,,
IT,Procesory,Procesory AMD Ryzen,Oprogramowanie,,,
IT,Procesory,Procesory AMD Threadripper,Oprogramowanie,,,
IT,Procesory,Procesory Intel Celeron,Oprogramowanie,,,
IT,Procesory,Procesory Intel Core i3,Oprogramowanie,,,
IT,Procesory,Procesory Intel Core i5,Oprogramowanie,,,
IT,Procesory,Procesory Intel Core i7,Oprogramowanie,,,
IT,Procesory,Procesory Intel Core i9,Oprogramowanie,,,
IT,Procesory,Procesory Intel Pentium Dual-Core,Oprogramowanie,,,
IT,Procesory,Procesory Intel Xeon,Oprogramowanie,,,
IT,Płyty główne,Płyty główne - dodatki,Oprogramowanie,,,
IT,Płyty główne,Płyty główne Socket-1150,Oprogramowanie,,,
IT,Płyty główne,Płyty główne Socket-1151,Oprogramowanie,,,
IT,Płyty główne,Płyty główne Socket-1155,Oprogramowanie,,,
IT,Płyty główne,Płyty główne Socket-1200,Oprogramowanie,,,
IT,Płyty główne,Płyty główne Socket-1366,Oprogramowanie,,,
IT,Płyty główne,Płyty główne Socket-1700,Oprogramowanie,,,
IT,Płyty główne,Płyty główne Socket-1851,Oprogramowanie ,,,
IT,Płyty główne,Płyty główne Socket-2011,Oprogramowanie ,,,
IT,Płyty główne,Płyty główne Socket-2066,Oprogramowanie ,,,
IT,Płyty główne,Płyty główne Socket-3647,Oprogramowanie ,,,
IT,Płyty główne,Płyty główne Socket-4094,Opryskiwacze,,,
IT,Płyty główne,Płyty główne Socket-AM1,Optyka i celowniki,,,
IT,Płyty główne,Płyty główne Socket-AM3 (AMD64),Optymalizatory,,,
IT,Płyty główne,Płyty główne Socket-AM4,Orbitreki,,,
IT,Płyty główne,Płyty główne Socket-AM5,Organizery,,,
IT,Płyty główne,Płyty główne Socket-FM1,Organizery,,,
IT,Płyty główne,Płyty główne Socket-FM2,Organizery,,,
IT,Płyty główne,Płyty główne Socket-sTR5,Organizery,,,
IT,Płyty główne,Płyty główne Socket-sTRX4,Organizery,,,
IT,Płyty główne,Płyty główne Socket-sWRX8,Organizery,,,
IT,Płyty główne,Płyty główne Socket-TR4,Organizery,,,
IT,Systemy audiowizualne,Akcesoria do ekranów,Ortezy i stabilizatory,,,
IT,Systemy audiowizualne,Akcesoria do projektorów,Ortezy i stabilizatory,,,
IT,Systemy audiowizualne,Akcesoria do tablic,Ortezy i stabilizatory,,,
IT,Systemy audiowizualne,Ekrany do projektorów,Ortezy i stabilizatory,,,
IT,Systemy audiowizualne,Ekrany LED,Ortezy i stabilizatory,,,
IT,Systemy audiowizualne,Infokioski / Totemy,Ortezy i stabilizatory,,,
IT,Systemy audiowizualne,Lampy do projektorów,Ortezy i stabilizatory,,,
IT,Systemy audiowizualne,Monitory bezramkowe,Ortezy i stabilizatory,,,
IT,Systemy audiowizualne,Monitory dotykowe,Ortezy i stabilizatory,,,
IT,Systemy audiowizualne,Monitory LFD wielkoformatowe,Ortezy i stabilizatory,,,
IT,Systemy audiowizualne,Monitory zewnętrzne,Ortezy i stabilizatory,,,
IT,Systemy audiowizualne,"Multiswitche, konwertery",Ortezy i stabilizatory,,,
IT,Systemy audiowizualne,Oprogramowanie,Osłony amortyzatora,,,
IT,Systemy audiowizualne,Podstawki i stelaże,Osłony przeciwwietrzne,,,
IT,Systemy audiowizualne,Projektory biznesowe,Osprzęt elektroinstalacyjny,,,
IT,Systemy audiowizualne,Projektory do kina domowego,Ostrza,,,
IT,Systemy audiowizualne,Projektory laserowe,Ostrzałki,,,
IT,Systemy audiowizualne,Rzutniki pisma,Ostrzałki,,,
IT,Systemy audiowizualne,Tablice interaktywne,Oświetlenie,,,
IT,Systemy audiowizualne,Tablice samokopiujące,Oświetlenie,,,
IT,Systemy audiowizualne,Uchwyty do monitorów,Oświetlenie samochodowe,,,
IT,Systemy audiowizualne,Uchwyty do projektorów,Oświetlenie samochodowe,,,
IT,Systemy audiowizualne,Uchwyty i stojaki do tablic,Oświetlenie samochodowe,,,
IT,Systemy audiowizualne,Wizualizery,Oświetlenie samochodowe,,,
IT,Systemy audiowizualne,Zestawy interaktywne,Oświetlenie samochodowe,,,
IT,Tablety,Akcesoria,Oświetlenie samochodowe,,,
IT,Tablety,Klawiatury,Oświetlenie samochodowe,,,
IT,Tablety,Modemy 3G/4G,Oświetlenie samochodowe,,,
IT,Tablety,Powerbanki,Oświetlenie sceniczne,,,
IT,Tablety,Rysiki,Oświetlenie sceniczne,,,
IT,Tablety,Tablety,Oświetlenie sceniczne,,,
IT,Tablety,Tablety graficzne,Oświetlenie sceniczne,,,
IT,Tablety,"Torby, etui",Otoskopy,,,
IT,Tablety,Uchwyty,Ozdoby,,,
IT,Tablety,Znikopisy,Packi i pejcze,,,
IT,Tablety,Ładowarki,Palniki,,,
IT,UŻYWANE PRODUKTY IT,Drukarki igłowe,Pałki obronne,,,
IT,UŻYWANE PRODUKTY IT,Drukarki laserowe,Pamięci,,,
IT,UŻYWANE PRODUKTY IT,Karty graficzne,Pamięci,,,
IT,UŻYWANE PRODUKTY IT,Komputery,Pamięci,,,
IT,UŻYWANE PRODUKTY IT,Monitory,Pamięci,,,
IT,UŻYWANE PRODUKTY IT,Notebooki,Pamięci,,,
IT,UŻYWANE PRODUKTY IT,Stacje dokujące i replikatory,Pamięci,,,
IT,UŻYWANE PRODUKTY IT,Tablety,Pamięci,,,
IT,UŻYWANE PRODUKTY IT,Telefony komórkowe (Smartfony),Pamięci,,,
IT,UŻYWANE PRODUKTY IT,Telewizory LCD,Pamięci,,,
IT,UŻYWANE PRODUKTY IT,UPS-y,Pamięci,,,
Literatura i sztuka,Książki,Biografie i wspomnienia,Pamięci,,,
Literatura i sztuka,Książki,Dla dzieci i młodzieży,Pamięci,,,
Literatura i sztuka,Książki,Historia,Pamięci,,,
Literatura i sztuka,Książki,Komiksy,Pamięci,,,
Literatura i sztuka,Książki,Literatura faktu,Pamięci,,,
Literatura i sztuka,Książki,Poezja,Pamięci,,,
Literatura i sztuka,Książki,Poradniki,Pamięci,,,
Literatura i sztuka,Książki,Powieść,Pamięci FlashDrive,,,
Literatura i sztuka,Książki,Psychologia,Pamięci FlashDrive,,,
Materiały eksploatacyjne i artykuły szkolno-biurow,Artykuły biurowe,Dziurkacze,Panele,,,
Materiały eksploatacyjne i artykuły szkolno-biurow,Artykuły biurowe,Kalendarze,Panele,,,
Materiały eksploatacyjne i artykuły szkolno-biurow,Artykuły biurowe,Kalkulatory,Panele krosownicze,,,
Materiały eksploatacyjne i artykuły szkolno-biurow,Artykuły biurowe,Kalkulatory - Akcesoria,Panele krosownicze,,,
Materiały eksploatacyjne i artykuły szkolno-biurow,Artykuły biurowe,Kleje,Papier ,,,
Materiały eksploatacyjne i artykuły szkolno-biurow,Artykuły biurowe,Nożyczki i Nożyki,Papier ,,,
Materiały eksploatacyjne i artykuły szkolno-biurow,Artykuły biurowe,Piórniki,Papier ,,,
Materiały eksploatacyjne i artykuły szkolno-biurow,Artykuły biurowe,Podkładki pod myszkę,Papier ,,,
Materiały eksploatacyjne i artykuły szkolno-biurow,Artykuły biurowe,Przybory do pisania (długopisy i pióra),Papiery pakowe i ozdobne,,,
Materiały eksploatacyjne i artykuły szkolno-biurow,Artykuły biurowe,Rozszywacze,Parasole,,,
Materiały eksploatacyjne i artykuły szkolno-biurow,Artykuły biurowe,Sejfy i kasetki,Parasolki,,,
Materiały eksploatacyjne i artykuły szkolno-biurow,Artykuły biurowe,"Spinacze, klipy i pinezki",Parawany,,,
Materiały eksploatacyjne i artykuły szkolno-biurow,Artykuły biurowe,Zszywacze,Parawany,,,
Materiały eksploatacyjne i artykuły szkolno-biurow,Artykuły czyszczące,Chusteczki czyszczące,Parawany,,,
Materiały eksploatacyjne i artykuły szkolno-biurow,Artykuły czyszczące,Czyściki,Parowary,,,
Materiały eksploatacyjne i artykuły szkolno-biurow,Artykuły czyszczące,Patyczki do czyszczenia klawiatur,Parowary,,,
Materiały eksploatacyjne i artykuły szkolno-biurow,Artykuły czyszczące,Pianki,Parownice,,,
Materiały eksploatacyjne i artykuły szkolno-biurow,Artykuły czyszczące,Płyny,Paski,,,
Materiały eksploatacyjne i artykuły szkolno-biurow,Artykuły czyszczące,Płyty czyszczące,Paski,,,
Materiały eksploatacyjne i artykuły szkolno-biurow,Artykuły czyszczące,Ściereczki i zmywaki,Paski,,,
Materiały eksploatacyjne i artykuły szkolno-biurow,Artykuły czyszczące,Sprężone powietrze,Paski,,,
Materiały eksploatacyjne i artykuły szkolno-biurow,Artykuły czyszczące,Zestawy czyszczące,Paski,,,
Materiały eksploatacyjne i artykuły szkolno-biurow,Artykuły pakowe,Folie pakowe,Paski,,,
Materiały eksploatacyjne i artykuły szkolno-biurow,Artykuły pakowe,Koperty,Paski,,,
Materiały eksploatacyjne i artykuły szkolno-biurow,Artykuły pakowe,Papiery pakowe i ozdobne,Paski do zegarków i smartwatchy,,,
Materiały eksploatacyjne i artykuły szkolno-biurow,Artykuły pakowe,Pudełka kartonowe,Paski do zegarków i smartwatchy,,,
Materiały eksploatacyjne i artykuły szkolno-biurow,Artykuły pakowe,Reklamówki,Pasty termoprzewodzące,,,
Materiały eksploatacyjne i artykuły szkolno-biurow,Artykuły pakowe,Sznurki pakowe,Pasy,,,
Materiały eksploatacyjne i artykuły szkolno-biurow,Artykuły pakowe,Taśmy pakowe,Pasy cnoty,,,
Materiały eksploatacyjne i artykuły szkolno-biurow,Artykuły pakowe,Torby i pudełka prezentowe,Pasy gitarowe,,,
Materiały eksploatacyjne i artykuły szkolno-biurow,Artykuły papiernicze,Bloczki samoprzylepne,Pasy krępujące,,,
Materiały eksploatacyjne i artykuły szkolno-biurow,Artykuły papiernicze,Bloki i zeszyty,Pasy transmisyjne,,,
Materiały eksploatacyjne i artykuły szkolno-biurow,Artykuły papiernicze,Etykiety samoprzylepne,Pasy transmisyjne,,,
Materiały eksploatacyjne i artykuły szkolno-biurow,Artykuły papiernicze,Koperty,Pasy transmisyjne,,,
Materiały eksploatacyjne i artykuły szkolno-biurow,Artykuły papiernicze,Notatniki,Pasy transmisyjne,,,
Materiały eksploatacyjne i artykuły szkolno-biurow,Artykuły papiernicze,Papier biurowy,Pasy transmisyjne,,,
Materiały eksploatacyjne i artykuły szkolno-biurow,Artykuły papiernicze,Papier fotograficzny,Pasy transmisyjne,,,
Materiały eksploatacyjne i artykuły szkolno-biurow,Artykuły papiernicze,Papier kolorowy,Pasy zabezpieczające do wózków inwalidzkich,,,
Materiały eksploatacyjne i artykuły szkolno-biurow,Artykuły papiernicze,Papier Xero,Pasywa,,,
Materiały eksploatacyjne i artykuły szkolno-biurow,Artykuły papiernicze,Rolki faksowe,Pasywna sieć optyczna,,,
Materiały eksploatacyjne i artykuły szkolno-biurow,Artykuły papiernicze,Rolki kasowe,Pasywna sieć optyczna,,,
Materiały eksploatacyjne i artykuły szkolno-biurow,Bębny,Do drukarek Brother,"Patery, etażerki",,,
Materiały eksploatacyjne i artykuły szkolno-biurow,Bębny,Do drukarek Canon,Peleryny,,,
Materiały eksploatacyjne i artykuły szkolno-biurow,Bębny,Do drukarek Epson,Pędzle,,,
Materiały eksploatacyjne i artykuły szkolno-biurow,Bębny,Do drukarek G&G,Pędzle,,,
Materiały eksploatacyjne i artykuły szkolno-biurow,Bębny,Do drukarek HP,Pętle indukcyjne,,,
Materiały eksploatacyjne i artykuły szkolno-biurow,Bębny,Do drukarek Kyocera,Pianki,,,
Materiały eksploatacyjne i artykuły szkolno-biurow,Bębny,Do drukarek Lexmark,Piekarniki,,,
Materiały eksploatacyjne i artykuły szkolno-biurow,Bębny,Do drukarek Minolta,Piekarniki,,,
Materiały eksploatacyjne i artykuły szkolno-biurow,Bębny,Do drukarek OKI,Pielęgnacja,,,
Materiały eksploatacyjne i artykuły szkolno-biurow,Bębny,Do drukarek Panasonic,Pielęgnacja,,,
Materiały eksploatacyjne i artykuły szkolno-biurow,Bębny,Do drukarek Samsung,Pielęgnacja,,,
Materiały eksploatacyjne i artykuły szkolno-biurow,Bębny,Do drukarek Sharp,Pielęgnacja,,,
Materiały eksploatacyjne i artykuły szkolno-biurow,Bębny,Do drukarek Xerox,Pielęgnacja,,,
Materiały eksploatacyjne i artykuły szkolno-biurow,Ergonomia użytkowania,Podkładki do siedzenia,Pieluchomajtki,,,
Materiały eksploatacyjne i artykuły szkolno-biurow,Ergonomia użytkowania,Podkładki pod nadgarstki,Pieluchy,,,
Materiały eksploatacyjne i artykuły szkolno-biurow,Ergonomia użytkowania,Podnóżki,Pierścienie,,,
Materiały eksploatacyjne i artykuły szkolno-biurow,Ergonomia użytkowania,Podpórki pod plecy,Pierwsza pomoc,,,
Materiały eksploatacyjne i artykuły szkolno-biurow,Ergonomia użytkowania,Podstawki pod monitor,Pigtaile,,,
Materiały eksploatacyjne i artykuły szkolno-biurow,Ergonomia użytkowania,Podstawki pod notebooka,Pikflometry,,,
Materiały eksploatacyjne i artykuły szkolno-biurow,Filamenty do drukarek i długopisów 3D,Filamenty ABS,Pilark,,,
Materiały eksploatacyjne i artykuły szkolno-biurow,Filamenty do drukarek i długopisów 3D,Filamenty FLEXY,Pilark,,,
Materiały eksploatacyjne i artykuły szkolno-biurow,Filamenty do drukarek i długopisów 3D,Filamenty PLA,Pilark,,,
Materiały eksploatacyjne i artykuły szkolno-biurow,Folie termotransferowe,Do faksów Brother,Pilark,,,
Materiały eksploatacyjne i artykuły szkolno-biurow,Folie termotransferowe,Do faksów Panasonic,Pilarki,,,
Materiały eksploatacyjne i artykuły szkolno-biurow,Folie termotransferowe,Do faksów Philips,Pilarki,,,
Materiały eksploatacyjne i artykuły szkolno-biurow,Folie termotransferowe,Do faksów Sharp,Pilarki,,,
Materiały eksploatacyjne i artykuły szkolno-biurow,Moduły wygrzewacza (fuser),Do drukarek Epson,Pilarki,,,
Materiały eksploatacyjne i artykuły szkolno-biurow,Moduły wygrzewacza (fuser),Do drukarek HP,Pilarki,,,
Materiały eksploatacyjne i artykuły szkolno-biurow,Moduły wygrzewacza (fuser),Do drukarek OKI,Pilniki i bloki,,,
Materiały eksploatacyjne i artykuły szkolno-biurow,Pasy transmisyjne,Do drukarek Brother,Piloty,,,
Materiały eksploatacyjne i artykuły szkolno-biurow,Pasy transmisyjne,Do drukarek Epson,Piloty,,,
Materiały eksploatacyjne i artykuły szkolno-biurow,Pasy transmisyjne,Do drukarek HP,Piloty ,,,
Materiały eksploatacyjne i artykuły szkolno-biurow,Pasy transmisyjne,Do drukarek OKI,Piloty do zdalnego sterowania,,,
Materiały eksploatacyjne i artykuły szkolno-biurow,Pasy transmisyjne,Do drukarek Samsung,Piłki,,,
Materiały eksploatacyjne i artykuły szkolno-biurow,Pasy transmisyjne,Do drukarek Xerox,Piłki,,,
Materiały eksploatacyjne i artykuły szkolno-biurow,Prezentacja wizualna,Ekrany projekcyjne,Piłki,,,
Materiały eksploatacyjne i artykuły szkolno-biurow,Prezentacja wizualna,Projektory multimedialne,Piłki,,,
Materiały eksploatacyjne i artykuły szkolno-biurow,Prezentacja wizualna,Projektory multimedialne - akcesoria,Piłki,,,
Materiały eksploatacyjne i artykuły szkolno-biurow,Prezentacja wizualna,Projektory multimedialne - lampy,Piły ,,,
Materiały eksploatacyjne i artykuły szkolno-biurow,Prezentacja wizualna,Rzutniki pisma,Piły ,,,
Materiały eksploatacyjne i artykuły szkolno-biurow,Prezentacja wizualna,Tablice i Flipcharty,Piły ,,,
Materiały eksploatacyjne i artykuły szkolno-biurow,Prezentacja wizualna,Tablice i Flipcharty - akcesoria,Piły ,,,
Materiały eksploatacyjne i artykuły szkolno-biurow,Prezentacja wizualna,Tablice interaktywne,Piórka do łaskotania,,,
Materiały eksploatacyjne i artykuły szkolno-biurow,Prezentacja wizualna,Tablice interaktywne - akcesoria,Piórniki,,,
Materiały eksploatacyjne i artykuły szkolno-biurow,Prezentacja wizualna,Tablice samokopiujące,Pirotechnika sygnalizacyjna,,,
Materiały eksploatacyjne i artykuły szkolno-biurow,Prezentacja wizualna,Wizualizery,Pisaki,,,
Materiały eksploatacyjne i artykuły szkolno-biurow,Przechowywanie dokumentów,Deski i teczki z klipem,Pisaki,,,
Materiały eksploatacyjne i artykuły szkolno-biurow,Przechowywanie dokumentów,Etui / okładki na dokumenty,Pisaki,,,
Materiały eksploatacyjne i artykuły szkolno-biurow,Przechowywanie dokumentów,Segregatory,Pisaki,,,
Materiały eksploatacyjne i artykuły szkolno-biurow,Przechowywanie dokumentów,Skoroszyty,Pistolety przemysłowe,,,
Materiały eksploatacyjne i artykuły szkolno-biurow,Taśmy barwiące,Do drukarek Brother,Pistolety przemysłowe,,,
Materiały eksploatacyjne i artykuły szkolno-biurow,Taśmy barwiące,Do drukarek Citizen,Pistolety przemysłowe,,,
Materiały eksploatacyjne i artykuły szkolno-biurow,Taśmy barwiące,Do drukarek Epson,Pistolety przemysłowe,,,
Materiały eksploatacyjne i artykuły szkolno-biurow,Taśmy barwiące,Do drukarek Lexmark,Pistolety przemysłowe,,,
Materiały eksploatacyjne i artykuły szkolno-biurow,Taśmy barwiące,Do drukarek OKI,Pistolety przemysłowe,,,
Materiały eksploatacyjne i artykuły szkolno-biurow,Taśmy barwiące,Do drukarek Panasonic,Pistolety przemysłowe,,,
Materiały eksploatacyjne i artykuły szkolno-biurow,Taśmy barwiące,Do drukarek Seikosha,"Pistolety, wyrzutnie, karabiny dla dzieci",,,
Materiały eksploatacyjne i artykuły szkolno-biurow,Taśmy barwiące,Do drukarek Siemens,Place zabaw,,,
Materiały eksploatacyjne i artykuły szkolno-biurow,Taśmy barwiące,Do drukarek Star,Plandeki,,,
Materiały eksploatacyjne i artykuły szkolno-biurow,Tonery,Do drukarek Brother,Platformy serwerowe RACK,,,
Materiały eksploatacyjne i artykuły szkolno-biurow,Tonery,Do drukarek Canon,Platformy serwerowe TOWER,,,
Materiały eksploatacyjne i artykuły szkolno-biurow,Tonery,Do drukarek Epson,Playery DS,,,
Materiały eksploatacyjne i artykuły szkolno-biurow,Tonery,Do drukarek G&G,Plecaki,,,
Materiały eksploatacyjne i artykuły szkolno-biurow,Tonery,Do drukarek HP,Plecaki,,,
Materiały eksploatacyjne i artykuły szkolno-biurow,Tonery,Do drukarek Kyocera,Plecaki,,,
Materiały eksploatacyjne i artykuły szkolno-biurow,Tonery,Do drukarek Lexmark,Plecaki,,,
Materiały eksploatacyjne i artykuły szkolno-biurow,Tonery,Do drukarek Minolta,Pluszaki,,,
Materiały eksploatacyjne i artykuły szkolno-biurow,Tonery,Do drukarek Oce,Pluszaki,,,
Materiały eksploatacyjne i artykuły szkolno-biurow,Tonery,Do drukarek OKI,Pluszaki,,,
Materiały eksploatacyjne i artykuły szkolno-biurow,Tonery,Do drukarek Panasonic,Pluszaki,,,
Materiały eksploatacyjne i artykuły szkolno-biurow,Tonery,Do drukarek Pantum,Płaszcze ,,,
Materiały eksploatacyjne i artykuły szkolno-biurow,Tonery,Do drukarek Philips,Płaszcze i peleryny,,,
Materiały eksploatacyjne i artykuły szkolno-biurow,Tonery,Do drukarek Ricoh,Płaszcze i peleryny,,,
Materiały eksploatacyjne i artykuły szkolno-biurow,Tonery,Do drukarek Samsung,Płótna,,,
Materiały eksploatacyjne i artykuły szkolno-biurow,Tonery,Do drukarek Sharp,Płyty budowlane,,,
Materiały eksploatacyjne i artykuły szkolno-biurow,Tonery,Do drukarek Toshiba,Płyty budowlane,,,
Materiały eksploatacyjne i artykuły szkolno-biurow,Tonery,Do drukarek Xerox,Płyty główne,,,
Materiały eksploatacyjne i artykuły szkolno-biurow,Tusze,Do drukarek Brother,Płyty główne,,,
Materiały eksploatacyjne i artykuły szkolno-biurow,Tusze,Do drukarek Canon,Płyty główne,,,
Materiały eksploatacyjne i artykuły szkolno-biurow,Tusze,Do drukarek Epson,Płyty główne,,,
Materiały eksploatacyjne i artykuły szkolno-biurow,Tusze,Do drukarek HP,Płyty główne,,,
Materiały eksploatacyjne i artykuły szkolno-biurow,Tusze,Do drukarek Lexmark,Płyty główne,,,
Materiały eksploatacyjne i artykuły szkolno-biurow,Tusze,Do drukarek Olivetti,Płyty główne,,,
Materiały eksploatacyjne i artykuły szkolno-biurow,Tusze,Do drukarek Samsung,Płyty główne,,,
Materiały eksploatacyjne i artykuły szkolno-biurow,Tusze,Do drukarek Xerox,Płyty główne,,,
Materiały eksploatacyjne i artykuły szkolno-biurow,Urządzenia biurowe,Bindownice,Płyty główne,,,
Materiały eksploatacyjne i artykuły szkolno-biurow,Urządzenia biurowe,Folie do laminacji,Płyty główne,,,
Materiały eksploatacyjne i artykuły szkolno-biurow,Urządzenia biurowe,"Gilotyny, Trymery",Płyty główne,,,
Materiały eksploatacyjne i artykuły szkolno-biurow,Urządzenia biurowe,Grzbiety do bindowania,Płyty główne,,,
Materiały eksploatacyjne i artykuły szkolno-biurow,Urządzenia biurowe,Karbownice,Płyty główne,,,
Materiały eksploatacyjne i artykuły szkolno-biurow,Urządzenia biurowe,Laminatory,Płyty główne,,,
Materiały eksploatacyjne i artykuły szkolno-biurow,Urządzenia biurowe,Niszczarki,Płyty główne,,,
Materiały eksploatacyjne i artykuły szkolno-biurow,Urządzenia biurowe,Niszczarki - mat. eksploatacyjne,Płyty główne,,,
Materiały eksploatacyjne i artykuły szkolno-biurow,Zestawy do uzupełnień,Butelki z tuszem,Płyty główne,,,
Materiały eksploatacyjne i artykuły szkolno-biurow,Zestawy do uzupełnień,Systemy uzupełnień,Płyty główne,,,
Militaria,Odzież,Akcesoria do butów,Płyty główne,,,
Militaria,Odzież,Bielizna termoaktywna,Płyty główne,,,
Militaria,Odzież,Bluzy,Płyty główne,,,
Militaria,Odzież,Buty,Płyty główne,,,
Militaria,Odzież,"Chusty, arafatki, kominy",Płyty główne,,,
Militaria,Odzież,Koszule,Płyty główne,,,
Militaria,Odzież,Koszulki,Płyty grzejne,,,
Militaria,Odzież,Kurtki,Podajniki do folii i papieru,,,
Militaria,Odzież,Nakolanniki i Nałokietniki,Podgrzewacze,,,
Militaria,Odzież,Nakrycia głowy,Podgrzewacze,,,
Militaria,Odzież,Naszywki,Podgrzewacze,,,
Militaria,Odzież,Nieśmiertelniki,Podkaszarki,,,
Militaria,Odzież,Odzież maskująca,Podkaszarki,,,
Militaria,Odzież,Pasy,Podkładki,,,
Militaria,Odzież,Polary,Podkładki,,,
Militaria,Odzież,Płaszcze przeciwdeszczowe,Podkładki,,,
Militaria,Odzież,Rękawiczki,Podkładki,,,
Militaria,Odzież,Skarpety,Podkładki ,,,
Militaria,Odzież,Spódnice,Podkłady,,,
Militaria,Odzież,Spodnie,Podkłady,,,
Militaria,Odzież,Środki do czyszczenia i pielęgnacji,Podkłady i prześcieradła nieprzemakalne,,,
Militaria,Optyka,Lornetki,Podłogi podniesione,,,
Militaria,Optyka,Monokulary,Podłogi podniesione,,,
Militaria,Samoobrona,Akcesoria do paralizatorów,Podłoża,,,
Militaria,Samoobrona,Alarmy i odstraszacze,Podłoża i trociny,,,
Militaria,Samoobrona,Amunicja do broni hukowej,Podłoża i trociny,,,
Militaria,Samoobrona,Amunicja do broni na kule gumowe,Podłoża i trociny,,,
Militaria,Samoobrona,Atrapy broni,Podnośniki hydrauliczne,,,
Militaria,Samoobrona,Broń na kule gumowe,Podnośniki hydrauliczne,,,
Militaria,Samoobrona,Gazy pieprzowe,Podnośniki i Pionizatory,,,
Militaria,Samoobrona,Kabury i pokrowce,Podnośniki wannowe,,,
Militaria,Samoobrona,Kajdanki,Podnóżki,,,
Militaria,Samoobrona,Konserwacja broni,Podpaski i tampony,,,
Militaria,Samoobrona,Kubotany i długopisy taktyczne,Podpórki / kobyłki,,,
Militaria,Samoobrona,Magazynki i bębny,Podpórki i poręcze,,,
Militaria,Samoobrona,Pałki obronne,Podpórki i poręcze,,,
Militaria,Samoobrona,Pistolety gazowe RMG,Podpórki pod plecy,,,
Militaria,Samoobrona,Race i flary,Podpórki trójkołowe,,,
Militaria,Samoobrona,Wyposażenie dla służb ochrony,Podstawki,,,
Militaria,Strzelectwo,AIPSC,Podstawki,,,
Militaria,Strzelectwo,Akcesoria,Podstawki ,,,
Militaria,Strzelectwo,Akcesoria myśliwskie,Podstawki ,,,
Militaria,Strzelectwo,Akcesoria strzeleckie,Podstawki i stelaże,,,
Militaria,Strzelectwo,Akumulatory ASG,Podstawki i stelaże,,,
Militaria,Strzelectwo,Części wewnętrzne ASG,Podstawy bezpiecznikowe,,,
Militaria,Strzelectwo,Części zewnętrzne ASG,Podstawy bezpiecznikowe,,,
Militaria,Strzelectwo,Dalmierze,Podstawy pod parasole,,,
Militaria,Strzelectwo,Dmuchawki,Poduszki,,,
Militaria,Strzelectwo,Dwójnogi,Poduszki,,,
Militaria,Strzelectwo,"Green Gas, CO2, HPA",Poduszki ortopedyczne,,,
Militaria,Strzelectwo,"Kabury, pokrowce, walizki",Pojazdy dziecięce,,,
Militaria,Strzelectwo,Kamizelki taktyczne i kuloodporne,Pojazdy dziecięce,,,
Militaria,Strzelectwo,Konserwacja,Pojazdy dziecięce,,,
Militaria,Strzelectwo,Kulki do ASG,Pojazdy dziecięce,,,
Militaria,Strzelectwo,Kulochwyty,Pojazdy dziecięce,,,
Militaria,Strzelectwo,Magazynki i ładowarki,Pojazdy dziecięce,,,
Militaria,Strzelectwo,Maty łucznicze i stojaki,Pojazdy dziecięce,,,
Militaria,Strzelectwo,Ochraniacze łucznicze,Pojazdy dziecięce,,,
Militaria,Strzelectwo,Ochrona oczu,Pojazdy dziecięce,,,
Militaria,Strzelectwo,Ochrona słuchu,Pojazdy dziecięce,,,
Militaria,Strzelectwo,Ochrona twarzy,Pojazdy dziecięce,,,
Militaria,Strzelectwo,Optyka i celowniki,Pojazdy elektryczne,,,
Militaria,Strzelectwo,Proce i akcesoria,Pojazdy na pedały,,,
Militaria,Strzelectwo,Repliki ASG,Pojazdy na pedały,,,
Militaria,Strzelectwo,Śruty do wiatrówek,Pojemniki,,,
Militaria,Strzelectwo,Strzały do łuków,Pojemniki,,,
Militaria,Strzelectwo,Szyny i montaże,Pojemniki,,,
Militaria,Strzelectwo,Tarcze strzeleckie,Pojemniki,,,
Militaria,Strzelectwo,"Tłumiki, adaptery, kompensatory",Pojemniki,,,
Militaria,Strzelectwo,Wiatrówki,Pojemniki,,,
Militaria,Strzelectwo,Ładowarki do akumulatorów ASG,Pojemniki,,,
Militaria,Strzelectwo,Łuki klasyczne i bloczkowe,Pojemniki,,,
Militaria,Survival,Farby do maskowania i kamuflażu,Pojemniki,,,
Militaria,Survival,Karabińczyki i breloki,Pojemniki,,,
Militaria,Survival,Kompasy i busole,Pojemniki ,,,
Militaria,Survival,Krzesiwa i zapalniczki,pojemniki przemysłowe,,,
Militaria,Survival,Latarki i akcesoria,Pokarm,,,
Militaria,Survival,"Lornetki, noktowizory, termowizory",Pokrowce,,,
Militaria,Survival,Maski ochronne i przeciwgazowe,Pokrowce,,,
Militaria,Survival,Moskitiery,Pokrowce,,,
Militaria,Survival,Multitoole,Pokrowce,,,
Militaria,Survival,Naczynia i sztućce,Pokrywy dachowe do alejek,,,
Militaria,Survival,Namioty i tarpy,Pokrywy dachowe do alejek,,,
Militaria,Survival,Nawigacje i komunikatory satelitarne,Pokrywy ochronne,,,
Militaria,Survival,"Noże, scyzoryki, maczety",Polary,,,
Militaria,Survival,Oczyszczacze wody,Polerki,,,
Militaria,Survival,Odstraszacze owadów,Polerki,,,
Militaria,Survival,Ogrzewacze chemiczne,Polerki,,,
Militaria,Survival,Palniki,Pomiar składu ciała,,,
Militaria,Survival,Palniki - paliwo,Pomiar uderzenia,,,
Militaria,Survival,Pierwsza pomoc,Pomoce do ubierania,,,
Militaria,Survival,Pirotechnika sygnalizacyjna,Pompki,,,
Militaria,Survival,Płachty biwakowe,Pompki,,,
Militaria,Survival,"Saperki, siekiery, piły",Pompki,,,
Militaria,Survival,"Śpiwory, hamaki, maty",Pompki ,,,
Militaria,Survival,Światła chemiczne i gazowe,Pompki do penisa,,,
Militaria,Survival,Systemy hydracyjne,Pompy,,,
Militaria,Survival,"Torby, plecaki, organizery",Pompy,,,
Militaria,Survival,Zestawy przetrwania,Pompy,,,
Militaria,Survival,Żywność długoterminowa,Pompy,,,
Motoryzacja,Car audio,Anteny samochodowe,Pompy,,,
Motoryzacja,Car audio,Głośniki,Pompy,,,
Motoryzacja,Car audio,Komponenty do Car audio,Pompy ciepła,,,
Motoryzacja,Car audio,Radioodtwarzacze,Pompy ciepła,,,
Motoryzacja,Car audio,Samochodowe radioodtwarzacze video,Pompy ciepła,,,
Motoryzacja,Car audio,Subwoofery,Pompy ciepła,,,
Motoryzacja,Car audio,Transmitery FM,Pompy ciepła,,,
Motoryzacja,Car audio,Wzmacniacze,Pompy ciepła,,,
Motoryzacja,Części i akcesoria do łodzi,Silniki,Pompy ciepła,,,
Motoryzacja,Części i akcesoria motocyklowe,Kufry,Pompy ciepła,,,
Motoryzacja,Części zamienne do samochodów,Alternatory,Pompy ciepła,,,
Motoryzacja,Części zamienne do samochodów,Amortyzatory,Pompy ciepła,,,
Motoryzacja,Części zamienne do samochodów,Czujniki,Pompy ciepła,,,
Motoryzacja,Części zamienne do samochodów,Filtry oleju,Pompy ciepła,,,
Motoryzacja,Części zamienne do samochodów,Filtry paliwa,Pontony,,,
Motoryzacja,Części zamienne do samochodów,Filtry powietrza,Poręcze do łóżka,,,
Motoryzacja,Części zamienne do samochodów,Lusterka,Porozbijać po kategoriach,,,
Motoryzacja,Części zamienne do samochodów,Osłony amortyzatora,Porozbijać po kategoriach,,,
Motoryzacja,Części zamienne do samochodów,Pompy,Porozbijać po kategoriach ,,,
Motoryzacja,Części zamienne do samochodów,Sprężyny,Porozbijać po kategoriach ,,,
Motoryzacja,Części zamienne do samochodów,Tarcze hamulcowe,Porozbijać po kategoriach ,,,
Motoryzacja,Części zamienne do samochodów,Turbosprężarki,Porozbijać po kategoriach ,,,
Motoryzacja,Części zamienne do samochodów,Wahacze,Portfele,,,
Motoryzacja,Części zamienne do samochodów,Wycieraczki,Powerbanki,,,
Motoryzacja,Części zamienne do samochodów,Łożyska,Powerbanki,,,
Motoryzacja,Elektronika i akcesoria,Akcesoria do zapalniczki samochodowej,Powerbanki,,,
Motoryzacja,Elektronika i akcesoria,Alkomaty,Powerbanki,,,
Motoryzacja,Elektronika i akcesoria,Alkomaty - Akcesoria,Powerbanki,,,
Motoryzacja,Elektronika i akcesoria,Antyradary,PowerLine – Home Plug,,,
Motoryzacja,Elektronika i akcesoria,CB Radia,Powiększanie penisa,,,
Motoryzacja,Elektronika i akcesoria,CB Radia - anteny,"Powiększanie piersi, pośladków",,,
Motoryzacja,Elektronika i akcesoria,Czujniki parkowania i kamery cofania,Poziomice,,,
Motoryzacja,Elektronika i akcesoria,GPS - Etui / Futerały,Półki,,,
Motoryzacja,Elektronika i akcesoria,GPS - Urządzenia do nawigacji,Półki,,,
Motoryzacja,Elektronika i akcesoria,Kable,Półki,,,
Motoryzacja,Elektronika i akcesoria,Przetwornice,Pralki,,,
Motoryzacja,Elektronika i akcesoria,Samochodowe odtwarzacze DVD,Pralki,,,
Motoryzacja,Elektronika i akcesoria,Telewizory mobilne,Pralko-suszarki,,,
Motoryzacja,Elektronika i akcesoria,Uchwyty do tabletów,Pralko-suszarki,,,
Motoryzacja,Elektronika i akcesoria,Uchwyty do telefonów,Prezerwatywy,,,
Motoryzacja,Elektronika i akcesoria,Wideorejestratory,Print Serwery,,,
Motoryzacja,Elektronika i akcesoria,Zamki centralne - Sterowniki,PrintSerwer,,,
Motoryzacja,Elektronika i akcesoria,Zestawy głośnomówiące,Proce,,,
Motoryzacja,Elektronika i akcesoria,Ładowarki samochodowe,Procesory,,,
Motoryzacja,Elektryka samochodowa,Akcesoria,Procesory,,,
Motoryzacja,Elektryka samochodowa,Akumulatory,Procesory,,,
Motoryzacja,Elektryka samochodowa,Bezpieczniki,Procesory,,,
Motoryzacja,Elektryka samochodowa,Prostowniki,Procesory,,,
Motoryzacja,Elektryka samochodowa,"Urządzenia rozruchowe, startery",Procesory,,,
Motoryzacja,Elektryka samochodowa,Ładowarki do pojazdów elektrycznych,Procesory,,,
Motoryzacja,Kosmetyki i konserwacja,Czyszczenie nadwozia,Procesory,,,
Motoryzacja,Kosmetyki i konserwacja,Czyszczenie wnętrza,Procesory,,,
Motoryzacja,Kosmetyki i konserwacja,Narzędzia i akcesoria,Procesory,,,
Motoryzacja,Kosmetyki i konserwacja,Opony i felgi,Procesory,,,
Motoryzacja,Kosmetyki i konserwacja,Zapachy,Procesory,,,
Motoryzacja,Odzież,Rękawice,Procesory,,,
Motoryzacja,Oleje i płyny,Dodatki czyszczące do chłodnic,Procesory,,,
Motoryzacja,Oleje i płyny,Dodatki czyszczące do dolotu powietrza,Procesory,,,
Motoryzacja,Oleje i płyny,Dodatki czyszczące do oleju silnikowego,Procesory,,,
Motoryzacja,Oleje i płyny,Dodatki czyszczące do paliwa,Procesory,,,
Motoryzacja,Oleje i płyny,Dodatki czyszczące do skrzyni biegów,Procesory Audio,,,
Motoryzacja,Oleje i płyny,Dodatki uszlachetniające do paliwa,Produkty bezmleczne,,,
Motoryzacja,Oleje i płyny,Oleje silnikowe,Produkty bezmleczne,,,
Motoryzacja,Oleje i płyny,Płyny do chłodnic,produkty mączne,,,
Motoryzacja,Oleje i płyny,Płyny do spryskiwaczy,produkty mączne,,,
Motoryzacja,Oleje i płyny,Płyny do wspomagania,Produkty mleczne,,,
Motoryzacja,Oleje i płyny,Płyny hamulcowe,Produkty mleczne,,,
Motoryzacja,Oleje i płyny,Smary,Produkty obciążeniowe,,,
Motoryzacja,Opony,Do maszyn rolniczych,Produkty z konopii,,,
Motoryzacja,Opony,Do motocykli i skuterów,Profile,,,
Motoryzacja,Opony,Do pojazdów przemysłowych,Projektory,,,
Motoryzacja,Opony,Do quadów,Projektory,,,
Motoryzacja,Opony,Do samochodów,Projektory,,,
Motoryzacja,Oświetlenie,Kierunkowskazy,Projektory,,,
Motoryzacja,Oświetlenie,Lampki tablicy rejestracyjnej,Projektory,,,
Motoryzacja,Oświetlenie,Lampy przednie,Projektory,,,
Motoryzacja,Oświetlenie,Lampy tylne,Projektory,,,
Motoryzacja,Oświetlenie,Oświetlenie ozdobne,Projektory,,,
Motoryzacja,Oświetlenie,Światła do jazdy dziennej,Projektory,,,
Motoryzacja,Oświetlenie,Światło chemiczne,Projektory,,,
Motoryzacja,Oświetlenie,Żarówki,Projektory,,,
Motoryzacja,Podróż z dzieckiem,Akcesoria samochodowe dla dzieci,Projektory,,,
Motoryzacja,Podróż z dzieckiem,Bazy do fotelików dziecięcych,Prostownice do włosów,,,
Motoryzacja,Podróż z dzieckiem,Foteliki samochodowe,Prostowniki,,,
Motoryzacja,Podróż z dzieckiem,Foteliki samochodowe - akcesoria,Przebrania,,,
Motoryzacja,Pojazdy elektryczne,Motocykle i skutery,Przechowywanie żywności,,,
Motoryzacja,Warsztat samochodowy,Kable rozruchowe,Przeciwpożarowe wyłączniki bezpieczeństwa,,,
Motoryzacja,Warsztat samochodowy,Kamery inspekcyjne,Przedłużacze,,,
Motoryzacja,Warsztat samochodowy,Klucze,Przedłużacze elektryczne,,,
Motoryzacja,Warsztat samochodowy,Klucze udarowe,Przełączniki,,,
Motoryzacja,Warsztat samochodowy,Komplety lakiernicze,Przełączniki,,,
Motoryzacja,Warsztat samochodowy,Kompresory akumulatorowe,Przełączniki,,,
Motoryzacja,Warsztat samochodowy,Kompresory elektryczne,Przełączniki,,,
Motoryzacja,Warsztat samochodowy,Latarki przemysłowe,Przełączniki,,,
Motoryzacja,Warsztat samochodowy,Lewarki,Przełączniki,,,
Motoryzacja,Warsztat samochodowy,Leżanka warsztatowa,Przełączniki,,,
Motoryzacja,Warsztat samochodowy,Mierniki grubości lakieru,Przełączniki,,,
Motoryzacja,Warsztat samochodowy,Myjki ciśnieniowe,Przełączniki,,,
Motoryzacja,Warsztat samochodowy,Młotki,Przetwornice,,,
Motoryzacja,Warsztat samochodowy,Pistolety do pomopowania kół,Przetwornice,,,
Motoryzacja,Warsztat samochodowy,Pistolety lakiernicze,Przewijaki,,,
Motoryzacja,Warsztat samochodowy,Podnośniki hydrauliczne,Przybory do mycia,,,
Motoryzacja,Warsztat samochodowy,Skrzynie narzędziowe,Przybory do mycia,,,
Motoryzacja,Warsztat samochodowy,Szczelinomierze,Przybory do mycia,,,
Motoryzacja,Warsztat samochodowy,Zestawy kluczy,przybory malarsko-lakiernicze,,,
Motoryzacja,Warsztat samochodowy,Zestawy narzędzi,przybory malarsko-lakiernicze,,,
Motoryzacja,Warsztat samochodowy,Zestawy wkrętaków,Przyczepki,,,
Motoryzacja,Warsztat samochodowy,Zlewarki oleju,Przyłącza kranowe,,,
Motoryzacja,Wyposażenie,Apteczki samochodowe,Przynęty,,,
Motoryzacja,Wyposażenie,Bagażniki samochodowe,Przyrządy do ćwiczeń,,,
Motoryzacja,Wyposażenie,Chlapacze,Przyrządy przeciwbólowe,,,
Motoryzacja,Wyposażenie,Dywaniki samochodowe,Przysmaki,,,
Motoryzacja,Wyposażenie,Kanistry,Przysmaki,,,
Motoryzacja,Wyposażenie,Koła zapasowe,Przysmaki,,,
Motoryzacja,Wyposażenie,Liny holownicze,Przysmaki,,,
Motoryzacja,Wyposażenie,Nakładki na kierownicę,Przysmaki,,,
Motoryzacja,Wyposażenie,Osłony na fotele,Pudełka,,,
Motoryzacja,Wyposażenie,Osłony na okno,Pufy i poduszki,,,
Motoryzacja,Wyposażenie,Pompki,Pulsatory,,,
Motoryzacja,Wyposażenie,Wieszaki,Pulsoksymetry,,,
Motoryzacja,Zabezpieczenia,Odstraszacze gryzoni,Pulsoksymetry,,,
Motoryzacja,Ładowanie pojazdów elektrycznych,Akcesoria do ładowarek,Pulsometry,,,
Motoryzacja,Ładowanie pojazdów elektrycznych,Kable,Pulsometry,,,
Motoryzacja,Ładowanie pojazdów elektrycznych,Stacje ładowania AC,Puszki,,,
Motoryzacja,Ładowanie pojazdów elektrycznych,Stacje ładowania DC,Puszki,,,
Motoryzacja,Ładowanie pojazdów elektrycznych,Ładowarki mobilne,Puzzle,,,
"Obuwie, odzież i galanteria",Bieganie,Akcesoria,Puzzle,,,
"Obuwie, odzież i galanteria",Bieganie,Bielizna,Puzzle,,,
"Obuwie, odzież i galanteria",Bieganie,Bluzy,Puzzle,,,
"Obuwie, odzież i galanteria",Bieganie,Dresy,Puzzle,,,
"Obuwie, odzież i galanteria",Bieganie,Koszulki,Puzzle,,,
"Obuwie, odzież i galanteria",Bieganie,Kurtki,Race i flary,,,
"Obuwie, odzież i galanteria",Bieganie,Leginsy,Radiator,,,
"Obuwie, odzież i galanteria",Bieganie,Nakrycia głowy,Radiobudziki,,,
"Obuwie, odzież i galanteria",Bieganie,Obuwie,Radioodbiorniki i boomboxy,,,
"Obuwie, odzież i galanteria",Bieganie,Rękawiczki,Radioodtwarzacze,,,
"Obuwie, odzież i galanteria",Bieganie,Skarpety,Radioodtwarzacze,,,
"Obuwie, odzież i galanteria",Bieganie,Spodenki krótkie,Raki,,,
"Obuwie, odzież i galanteria",Bieganie,Spódnice,Rakiety,,,
"Obuwie, odzież i galanteria",Bieganie,Spodnie długie,Rakiety,,,
"Obuwie, odzież i galanteria",Galanteria i dodatki,Akcesoria do biżuterii,Rakiety,,,
"Obuwie, odzież i galanteria",Galanteria i dodatki,Biżuteria,Rakiety,,,
"Obuwie, odzież i galanteria",Galanteria i dodatki,Naprasowanki,Rakiety śnieżne,,,
"Obuwie, odzież i galanteria",Galanteria i dodatki,Paski,Ramki,,,
"Obuwie, odzież i galanteria",Galanteria i dodatki,Portfele,Ramki,,,
"Obuwie, odzież i galanteria",Galanteria i dodatki,Saszetki i nerki,Ramki,,,
"Obuwie, odzież i galanteria",Galanteria i dodatki,Szczotki do ubrań,Ramki,,,
"Obuwie, odzież i galanteria",Galanteria i dodatki,Sznurówki,Ramki do dysków,,,
"Obuwie, odzież i galanteria",Jeździectwo,Toczki,Rampy,,,
"Obuwie, odzież i galanteria",Klasyka,Bielizna,Rampy progowe i podjazdowe,,,
"Obuwie, odzież i galanteria",Klasyka,Bluzy,Regulatory ładowania,,,
"Obuwie, odzież i galanteria",Klasyka,Czapki,Rejestratory,,,
"Obuwie, odzież i galanteria",Klasyka,Kombinezony,Rejestratory,,,
"Obuwie, odzież i galanteria",Klasyka,Koszulki,Rejestratory,,,
"Obuwie, odzież i galanteria",Klasyka,Kurtki,Rejestratory,,,
"Obuwie, odzież i galanteria",Klasyka,Obuwie,Rejestratory czasu pracy,,,
"Obuwie, odzież i galanteria",Klasyka,Obuwie - akcesoria,Relingi,,,
"Obuwie, odzież i galanteria",Klasyka,Parasolki,Repeatery,,,
"Obuwie, odzież i galanteria",Klasyka,Płaszcze i peleryny,Repeatery,,,
"Obuwie, odzież i galanteria",Klasyka,Rękawiczki,Ręczne Ostrzegacze,,,
"Obuwie, odzież i galanteria",Klasyka,Spodnie długie,Ręczniki,,,
"Obuwie, odzież i galanteria",Klasyka,Spodnie krótkie,"Ręczniki papierowe, chusteczki higieniczne",,,
"Obuwie, odzież i galanteria",Kolarstwo,Bluzy,"Ręczniki papierowe, chusteczki higieniczne",,,
"Obuwie, odzież i galanteria",Kolarstwo,Czapki,Rękawice,,,
"Obuwie, odzież i galanteria",Kolarstwo,Kamizelki,Rękawice,,,
"Obuwie, odzież i galanteria",Kolarstwo,Kombinezony,Rękawice,,,
"Obuwie, odzież i galanteria",Kolarstwo,Koszulki,Rękawice,,,
"Obuwie, odzież i galanteria",Kolarstwo,Kurtki,Rękawice,,,
"Obuwie, odzież i galanteria",Kolarstwo,Peleryny,Rękawice,,,
"Obuwie, odzież i galanteria",Kolarstwo,Rękawiczki,Rękawice,,,
"Obuwie, odzież i galanteria",Kolarstwo,Skarpetki,Rękawice,,,
"Obuwie, odzież i galanteria",Kolarstwo,Spodenki,Rękawice jednorazowe,,,
"Obuwie, odzież i galanteria",Motoryzacja,Rękawice,Rękawice ochronne,,,
"Obuwie, odzież i galanteria",Narciarstwo,Bielizna,Rękawiczki,,,
"Obuwie, odzież i galanteria",Narciarstwo,Bluzy,Rękawiczki,,,
"Obuwie, odzież i galanteria",Narciarstwo,Buty,Rękawiczki,,,
"Obuwie, odzież i galanteria",Narciarstwo,Czapki,Rękawiczki,,,
"Obuwie, odzież i galanteria",Narciarstwo,Gogle,Rękawiczki,,,
"Obuwie, odzież i galanteria",Narciarstwo,Kamizelki,Rękawiczki,,,
"Obuwie, odzież i galanteria",Narciarstwo,Kaski,Rękawiczki,,,
"Obuwie, odzież i galanteria",Narciarstwo,Opaski na głowę,Rękawiczki,,,
"Obuwie, odzież i galanteria",Narciarstwo,Paski,Rękawiczki,,,
"Obuwie, odzież i galanteria",Narciarstwo,Rękawice,Rękawiczki,,,
"Obuwie, odzież i galanteria",Narciarstwo,Skarpety,Riser Card,,,
"Obuwie, odzież i galanteria",Narciarstwo,Spodnie,Roboty koszące,,,
"Obuwie, odzież i galanteria",Narciarstwo,Szaliki,Roboty kuchenne,,,
"Obuwie, odzież i galanteria",Narciarstwo,T-shirt,Roboty sprzątające,,,
"Obuwie, odzież i galanteria",Narciarstwo,Wkładki do butów,rolki,,,
"Obuwie, odzież i galanteria",Odzież ochronna i BHP,Bluzy,Rolki papierowe,,,
"Obuwie, odzież i galanteria",Odzież ochronna i BHP,Czapki i kaski,Rolki papierowe,,,
"Obuwie, odzież i galanteria",Odzież ochronna i BHP,Koszule i koszulki,"Rolki, wrotki",,,
"Obuwie, odzież i galanteria",Odzież ochronna i BHP,Kurtki,"Rolki, wrotki",,,
"Obuwie, odzież i galanteria",Odzież ochronna i BHP,Maski,Rotory do ćwiczeń rąk i nóg,,,
"Obuwie, odzież i galanteria",Odzież ochronna i BHP,Obuwie,Routery,,,
"Obuwie, odzież i galanteria",Odzież ochronna i BHP,Okulary,Routery,,,
"Obuwie, odzież i galanteria",Odzież ochronna i BHP,Paski,Routery,,,
"Obuwie, odzież i galanteria",Odzież ochronna i BHP,Rękawice,Routery,,,
"Obuwie, odzież i galanteria",Odzież ochronna i BHP,Skarpety,Routery,,,
"Obuwie, odzież i galanteria",Odzież ochronna i BHP,Spodnie,Routery,,,
"Obuwie, odzież i galanteria",Piłka nożna i siatkówka,Bluzy,Rowery,,,
"Obuwie, odzież i galanteria",Piłka nożna i siatkówka,Buty,Rowery,,,
"Obuwie, odzież i galanteria",Piłka nożna i siatkówka,Kamizelki,Rowery rehabilitacyjne,,,
"Obuwie, odzież i galanteria",Piłka nożna i siatkówka,Koszulki,Rowery treningowe,,,
"Obuwie, odzież i galanteria",Piłka nożna i siatkówka,Kurtki,Rozdrabniarki,,,
"Obuwie, odzież i galanteria",Piłka nożna i siatkówka,Rękawice,Rozdrabniarki,,,
"Obuwie, odzież i galanteria",Siłownia i fitness,Buty,Rozgałęziacze,,,
"Obuwie, odzież i galanteria",Siłownia i fitness,Koszulki,Rozłączniki izolacyjne,,,
"Obuwie, odzież i galanteria",Siłownia i fitness,Rękawice,Rozłączniki izolacyjne,,,
"Obuwie, odzież i galanteria",Siłownia i fitness,Spodnie,Rozszerzenia do macierzy,,,
"Obuwie, odzież i galanteria",Wspinaczka,Kurtki,Rozszerzenia do macierzy,,,
"Obuwie, odzież i galanteria",Wspinaczka,Spodnie,Rozszywacze,,,
"Obuwie, odzież i galanteria",Łowiectwo i wędkarstwo,Koszule,Rysiki,,,
"Obuwie, odzież i galanteria",Łowiectwo i wędkarstwo,Paski,"Ryże, makarony, kasze",,,
"Obuwie, odzież i galanteria",Łowiectwo i wędkarstwo,Spodnie,"Ryże, makarony, kasze",,,
"Obuwie, odzież i galanteria",Łowiectwo i wędkarstwo,T-shirt,"Ryże, makarony, kasze",,,
Odnawialne źródła energii,Aparaty elektryczne,Aparatura instalacyjna,Rzutniki pisma,,,
Odnawialne źródła energii,Aparaty elektryczne,Aparatura pulpitowa,Rzutniki pisma,,,
Odnawialne źródła energii,Aparaty elektryczne,Liczniki energii,Salaterki i półmiski,,,
Odnawialne źródła energii,Aparaty elektryczne,Obudowy instalacyjne,Samochodowe odtwarzacze DVD,,,
Odnawialne źródła energii,Aparaty elektryczne,Ograniczniki przepięć,Samochodowe radioodtwarzacze video,,,
Odnawialne źródła energii,Aparaty elektryczne,Podstawy bezpiecznikowe,Samochodowe radioodtwarzacze video,,,
Odnawialne źródła energii,Aparaty elektryczne,Rozłączniki izolacyjne,Samozamykacze,,,
Odnawialne źródła energii,Aparaty elektryczne,Wyłączniki nadprądowe,Sanki,,,
Odnawialne źródła energii,Aparaty elektryczne,Wyłączniki różnicowoprądowe,Saszetki i nerki,,,
Odnawialne źródła energii,Energetyka wiatrowa,Kontrolery,Saszetki i nerki,,,
Odnawialne źródła energii,Energetyka wiatrowa,Turbiny wiatrowe,Saturatory,,,
Odnawialne źródła energii,Fotowoltaika,Akcesoria,Schodki do wanny,,,
Odnawialne źródła energii,Fotowoltaika,Aparaty elektryczne,Schodołazy,,,
Odnawialne źródła energii,Fotowoltaika,Elementy montażowe,Segregatory i skoroszyty,,,
Odnawialne źródła energii,Fotowoltaika,Inwertery,Segregatory i skoroszyty,,,
Odnawialne źródła energii,Fotowoltaika,Kable,Sejfy i kasetki,,,
Odnawialne źródła energii,Fotowoltaika,Liczniki energii,Sekatory,,,
Odnawialne źródła energii,Fotowoltaika,Magazyny energii,Serwery,,,
Odnawialne źródła energii,Fotowoltaika,Moduły bateryjne,Serwery,,,
Odnawialne źródła energii,Fotowoltaika,Moduły fotowoltaiczne,Serwery,,,
Odnawialne źródła energii,Fotowoltaika,Optymalizatory,Sex Machine,,,
Odnawialne źródła energii,Fotowoltaika,Przeciwpożarowe wyłączniki bezpieczeństwa,Siatki,,,
Odnawialne źródła energii,Fotowoltaika,Regulatory ładowania,Sieciowe odtwarzacze multimediów,,,
Odnawialne źródła energii,Fotowoltaika,Skrzynki przyłączeniowe,Siedziska wannowe,,,
Odnawialne źródła energii,Fotowoltaika,Zestawy fotowoltaiczne,Siewniki ogrodowe,,,
Odnawialne źródła energii,Fotowoltaika,Ładowarki do pojazdów elektrycznych,Silniki,,,
Odnawialne źródła energii,Kolektory,Kolektory słoneczne,Silniki,,,
Odnawialne źródła energii,Pompy ciepła,Akcesoria,Silniki,,,
Odnawialne źródła energii,Pompy ciepła,Jednostki wewnętrzne,Siodełka,,,
Odnawialne źródła energii,Pompy ciepła,Jednostki zewnętrzne,Siodełka glazurnicze,,,
Odnawialne źródła energii,Pompy ciepła,Monoblok,Skakanki,,,
Odnawialne źródła energii,Pompy ciepła,Split,Skanery,,,
Odnawialne źródła energii,Pompy ciepła,Z zintegrowanym zasobnikiem C.W.U.,Skanery twarzy,,,
Odnawialne źródła energii,Pompy ciepła,Zasobniki C.W.U.,Skanery twarzy,,,
Odnawialne źródła energii,Pompy ciepła,Zbiorniki buforowe,Skarpetki,,,
Oprogramowanie,Oprogramowanie,Oprogramowanie (inne),Skarpetki,,,
Oprogramowanie,Oprogramowanie,Oprogramowanie - syntezator mowy,Skarpety,,,
Oprogramowanie,Oprogramowanie,Oprogramowanie antyszpiegowskie,Skarpety,,,
Oprogramowanie,Oprogramowanie,Oprogramowanie antywirusowe,Skarpety,,,
Oprogramowanie,Oprogramowanie,Oprogramowanie backup,Skarpety,,,
Oprogramowanie,Oprogramowanie,Oprogramowanie biurowe,Skarpety,,,
Oprogramowanie,Oprogramowanie,Oprogramowanie CAD,Skarpety,,,
Oprogramowanie,Oprogramowanie,Oprogramowanie CRM,Skarpety,,,
Oprogramowanie,Oprogramowanie,Oprogramowanie DAW,Skarpety,,,
Oprogramowanie,Oprogramowanie,Oprogramowanie do archiwizacji danych,Skarpety,,,
Oprogramowanie,Oprogramowanie,Oprogramowanie do obróbki VIDEO,Skrzynki przyłączeniowe,,,
Oprogramowanie,Oprogramowanie,Oprogramowanie do obróbki zdjęć,Skrzynki rozdzielcze,,,
Oprogramowanie,Oprogramowanie,Oprogramowanie do odzyskiwania danych,Skrzynki telekomunikacyjne,,,
Oprogramowanie,Oprogramowanie,Oprogramowanie do WWW,Skutery inwalidzkie elektryczne,,,
Oprogramowanie,Oprogramowanie,Oprogramowanie edukacyjne i językowe,Słodycze i przekąski,,,
Oprogramowanie,Oprogramowanie,Oprogramowanie finansowo-księgowe,Słodycze i przekąski,,,
Oprogramowanie,Oprogramowanie,Oprogramowanie GIS,Słodycze i przekąski,,,
Oprogramowanie,Oprogramowanie,Oprogramowanie graficzne,Słodycze i przekąski,,,
Oprogramowanie,Oprogramowanie,Oprogramowanie kadrowo-płacowe,Słodycze i przekąski,,,
Oprogramowanie,Oprogramowanie,Oprogramowanie narzędziowe,Słodycze i przekąski,,,
Oprogramowanie,Oprogramowanie,Oprogramowanie obsługujące sprzedaż,Słodycze i przekąski,,,
Oprogramowanie,Oprogramowanie,Oprogramowanie programistyczne,Słodycze i przekąski,,,
Oprogramowanie,Oprogramowanie,Oprogramowanie serwerowe,Słodycze i przekąski,,,
Oprogramowanie,Oprogramowanie,Oprogramowanie serwerowe dedykowane,Słodycze i przekąski,,,
Oprogramowanie,Oprogramowanie,Oprogramowanie systemowe,Słodycze i przekąski,,,
Oprogramowanie,Oprogramowanie,Oprogramowanie użytkowe,Słodycze i przekąski,,,
Oprogramowanie,Oprogramowanie - Licencje imienne,Oprogramowanie antywirusowe - licencje imienne,Słodycze i przekąski,,,
Oprogramowanie,Oprogramowanie - Licencje imienne,Oprogramowanie biurowe - licencje imienne,Słoiki i butelki,,,
Oprogramowanie,Oprogramowanie - Licencje imienne,Oprogramowanie do archiwizacji danych - licencje i,Słuchawki,,,
Oprogramowanie,Oprogramowanie - Licencje imienne,Oprogramowanie graficzne - licencje imienne,Słuchawki,,,
Oprogramowanie,Oprogramowanie ESD,Oprogramowanie antywirusowe ESD,Słuchawki,,,
Oprogramowanie,Oprogramowanie ESD,Oprogramowanie backup ESD,Słuchawki,,,
Oprogramowanie,Oprogramowanie ESD,Oprogramowanie biurowe ESD,Słuchawki,,,
Oprogramowanie,Oprogramowanie ESD,Oprogramowanie DAW ESD,Słuchawki,,,
Oprogramowanie,Oprogramowanie ESD,Oprogramowanie finansowo-księgowe ESD,Słuchawki,,,
Oprogramowanie,Oprogramowanie ESD,Oprogramowanie graficzne ESD,Słuchawki,,,
Oprogramowanie,Oprogramowanie ESD,Oprogramowanie kadrowo-płacowe ESD,Słuchawki,,,
Oprogramowanie,Oprogramowanie ESD,Oprogramowanie narzędziowe ESD,Smarownice,,,
Oprogramowanie,Oprogramowanie ESD,Oprogramowanie obsługujące sprzedaż ESD,Smarownice,,,
Oprogramowanie,Oprogramowanie ESD,Oprogramowanie systemowe ESD,Smartfony,,,
Przemysł,Chemia profesjonalna,Środki czyszczące,Smartfony,,,
Przemysł,Chemia profesjonalna,Środki konserwujące,Smoczki i gryzaki,,,
Przemysł,Maszyny - urządzenia czyszczące i piorące,Akcesoria do odkurzaczy profesjonalnych,Soft BDSM,,,
Przemysł,Maszyny - urządzenia czyszczące i piorące,Komponenty do maszyn czyszcząco-piorących,Sofy i fotele,,,
Przemysł,Maszyny - urządzenia czyszczące i piorące,Komponenty do maszyn szorująco-zbierających,Sofy i fotele,,,
Przemysł,Maszyny - urządzenia czyszczące i piorące,Maszyny czyszcząco-piorące,Sofy i fotele,,,
Przemysł,Maszyny - urządzenia czyszczące i piorące,Maszyny polerujące,Sofy i fotele,,,
Przemysł,Maszyny - urządzenia czyszczące i piorące,Maszyny szorująco-zbierające,Sofy i fotele,,,
Przemysł,Maszyny - urządzenia czyszczące i piorące,Odkurzacze profesjonalne,Sokowirówki,,,
Przemysł,Maszyny - urządzenia niszczące,Kruszarki do szkła,Sonary i echosondy,,,
Przemysł,Wagi specjalistyczne,Kompaktowe wagi stołowe,Sondy,,,
Przemysł,Wagi specjalistyczne,Mierniki wagowe,Sondy,,,
Przemysł,Wagi specjalistyczne,Platformy wagowe,Soundbary,,,
Przemysł,Wagi specjalistyczne,Pomosty wagowe,Spawarki światłowodowe,,,
Przemysł,Wagi specjalistyczne,Przenośne wagi ekonomiczne,Spieniacze do mleka,,,
Przemysł,Wagi specjalistyczne,Przenośne wagi laboratoryjno-przemysłowe,"Spinki, klamry, wsuwki",,,
Przemysł,Wagi specjalistyczne,Wagi analityczne,Splitery,,,
Przemysł,Wagi specjalistyczne,Wagi do paczek,Splitery i przełączniki video,,,
Przemysł,Wagi specjalistyczne,Wagi do żywności,Spodenki,,,
Przemysł,Wagi specjalistyczne,Wagi kieszonkowe,Spodenki krótkie,,,
Przemysł,Wagi specjalistyczne,Wagi liczące,Spodenki krótkie,,,
Przemysł,Wagi specjalistyczne,Wagi magazynowe,Spodenki krótkie,,,
Przemysł,Wagi specjalistyczne,Wagi mechaniczne,Spodenki krótkie,,,
Przemysł,Wagi specjalistyczne,Wagi platformowe,Spodnie,,,
Przemysł,Wagi specjalistyczne,Wagi precyzyjne,Spodnie,,,
Przemysł,Wagi specjalistyczne,Wagi semi-micro (0.01 mg),Spodnie,,,
Przemysł,Wagi specjalistyczne,Wagi stacjonarne,Spodnie,,,
Przemysł,Wagi specjalistyczne,Wagi wysyłkowe,Spodnie,,,
Przemysł,Wagi specjalistyczne,Wagosuszarki,Spodnie,,,
RTV,Car audio,Anteny samochodowe,Spodnie,,,
RTV,Car audio,Głośniki samochodowe,Spodnie,,,
RTV,Car audio,Komponenty do Car audio,Spodnie,,,
RTV,Car audio,Radioodtwarzacze samochodowe,Spodnie,,,
RTV,Car audio,Samochodowe radioodtwarzacze video,Spodnie,,,
RTV,Car audio,Subwoofery samochodowe,Spodnie,,,
RTV,Car audio,Transmitery FM,Spodnie,,,
RTV,Car audio,Wzmacniacze samochodowe,Spodnie,,,
RTV,"Głośniki, kolumny, słuchawki",Głośniki do zabudowy,Spódnice,,,
RTV,"Głośniki, kolumny, słuchawki",Głośniki i zestawy głośnikowe,Spódnice,,,
RTV,"Głośniki, kolumny, słuchawki",Głośniki przenośne i bezprzewodowe,Spódnice,,,
RTV,"Głośniki, kolumny, słuchawki",Megafony,Sprężyny,,,
RTV,"Głośniki, kolumny, słuchawki",Soundbary,Sprzęt lawinowy,,,
RTV,"Głośniki, kolumny, słuchawki",Subwoofery,Stabilizatory,,,
RTV,"Głośniki, kolumny, słuchawki",Słuchawki,Stacje dokujące,,,
RTV,"Głośniki, kolumny, słuchawki",Uchwyty głośnikowe,stacje dokujące,,,
RTV,"Głośniki, kolumny, słuchawki",Uchwyty słuchawkowe,Stacje dokujące,,,
RTV,Kable audio-video,Kable antenowe,Stacje dokujące,,,
RTV,Kable audio-video,Kable głośnikowe,stacje dokujące,,,
RTV,Kable audio-video,Kable HDMI,stacje dokujące,,,
RTV,Kable audio-video,Kable JACK i RCA(Cinch),Stacje dokujące,,,
RTV,Kable audio-video,Kable optyczne,Stacje ładowania,,,
RTV,Kable audio-video,Kable SCART,Stacje ładowania,,,
RTV,Kamery,Akcesoria do kamer Video,Stacje robocze,,,
RTV,Kamery,Kamery cyfrowe,Stacje robocze,,,
RTV,Kamery,Kamery sportowe,Statywy,,,
RTV,Kamery,"Torby, futerały do kamer Video",Statywy,,,
RTV,Odtwarzacze audio-video,Amplitunery,Statywy,,,
RTV,Odtwarzacze audio-video,Anteny radiowe,Statywy,,,
RTV,Odtwarzacze audio-video,Gramofony,Statywy/Uchwyty,,,
RTV,Odtwarzacze audio-video,Korektory graficzne,Steppery,,,
RTV,Odtwarzacze audio-video,Magnetofony,Sterowanie,,,
RTV,Odtwarzacze audio-video,Mini wieże,Sterowniki,,,
RTV,Odtwarzacze audio-video,Odtwarzacze Blu-ray stacjonarne,Sterowniki radiowe,,,
RTV,Odtwarzacze audio-video,Odtwarzacze CD stacjonarne,"Sterowniki, programatory",,,
RTV,Odtwarzacze audio-video,Odtwarzacze DVD przenośne,"Sterowniki, programatory",,,
RTV,Odtwarzacze audio-video,Odtwarzacze DVD stacjonarne,Sterylizatory,,,
RTV,Odtwarzacze audio-video,Radiobudziki,Sterylizatory,,,
RTV,Odtwarzacze audio-video,Radioodbiorniki i boomboxy,Stojaki,,,
RTV,Odtwarzacze audio-video,Sieciowe odtwarzacze multimediów,Stojaki,,,
RTV,Odtwarzacze audio-video,Tunery,Stojaki i ruszty,,,
RTV,Odtwarzacze audio-video,Wzmacniacze,Stojaki i ruszty,,,
RTV,Odtwarzacze audio-video,Zestawy kina domowego,Stojaki i ruszty,,,
RTV,Projektory i akcesoria,Akcesoria do projektorów,Stoliki,,,
RTV,Projektory i akcesoria,Ekrany projekcyjne,Stoliki i szafki,,,
RTV,Projektory i akcesoria,Projektory biznesowe,Stoliki i szafki pod sprzęt RTV,,,
RTV,Projektory i akcesoria,Projektory do kina domowego,Stoliki i tace do łóżka,,,
RTV,Projektory i akcesoria,Projektory laserowe,Storage - Automatyka,,,
RTV,Projektory i akcesoria,Uchwyty do projektorów,Storage - Automatyka,,,
RTV,Telewizja naziemna,DVB-T Karty komputerowe,Strap-On,,,
RTV,Telewizja naziemna,DVB-T Telewizory,Stroiki,,,
RTV,Telewizja naziemna,DVB-T Tunery,Stroje i przebrania,,,
RTV,Telewizja naziemna,Piloty do tunerów DVB-T,Stroje kąpielowe,,,
RTV,Telewizja satelitarna,Anteny satelitarne,Stroje kompresyjne,,,
RTV,Telewizja satelitarna,Konwertery LNB,Stroje startowe,,,
RTV,Telewizja satelitarna,Tunery i dekodery,Strugi,,,
RTV,Telewizory i akcesoria,Akcesoria,Strugi,,,
RTV,Telewizory i akcesoria,Maskownice kabli,Struny,,,
RTV,Telewizory i akcesoria,Piloty do zdalnego sterowania,Stymulatory,,,
RTV,Telewizory i akcesoria,Półki pod sprzęt RTV,Subwoofery,,,
RTV,Telewizory i akcesoria,Stoliki i szafki pod sprzęt RTV,Subwoofery,,,
RTV,Telewizory i akcesoria,Telewizory hotelowe,Subwoofery,,,
RTV,Telewizory i akcesoria,Telewizory LCD,Suszarki do butów,,,
RTV,Telewizory i akcesoria,Telewizory mobilne,"Suszarki do grzybów, warzyw i owoców",,,
RTV,Telewizory i akcesoria,Telewizory OLED,Suszarki do rąk,,,
RTV,Telewizory i akcesoria,Telewizory plazmowe,Suszarki do włosów,,,
RTV,Telewizory i akcesoria,Uchwyty do telewizorów/monitorów,Suszarki do włosów,,,
Sieci i systemy zabezpieczeń,Akcesoria sieciowe,Modemy 3G/4G/5G,Suszarki do włosów,,,
Sieci i systemy zabezpieczeń,Akcesoria sieciowe,Print Serwery,Suszarki łazienkowe i wolnostojące,,,
Sieci i systemy zabezpieczeń,Akcesoria sieciowe,Transmitery sieciowe  PowerLine/Home Plug AV,Suwnice,,,
Sieci i systemy zabezpieczeń,Akcesoria sieciowe,Zasilacze i mieszacze PoE,Switche,,,
Sieci i systemy zabezpieczeń,Anteny,Akcesoria,Switche,,,
Sieci i systemy zabezpieczeń,Anteny,Anteny 3G/4G/5G,Switche,,,
Sieci i systemy zabezpieczeń,Anteny,Anteny Wi-Fi,Switche SAN,,,
Sieci i systemy zabezpieczeń,CCTV Analog,Akcesoria,Switche SAN,,,
Sieci i systemy zabezpieczeń,CCTV Analog,Atrapy,Switche SAN,,,
Sieci i systemy zabezpieczeń,CCTV Analog,"Gniazda, wtyki",Switche SAN,,,
Sieci i systemy zabezpieczeń,CCTV Analog,Kable,Sygnalizatory,,,
Sieci i systemy zabezpieczeń,CCTV Analog,Kamery,Sygnalizatory,,,
Sieci i systemy zabezpieczeń,CCTV Analog,Macierze dyskowe,Sygnalizatory,,,
Sieci i systemy zabezpieczeń,CCTV Analog,Monitory do monitoringu,Symetryzatory sygnału,,,
Sieci i systemy zabezpieczeń,CCTV Analog,Rejestratory,System bezprzewodowy,,,
Sieci i systemy zabezpieczeń,CCTV Analog,"Uchwyty, obudowy",System bezprzewodowy,,,
Sieci i systemy zabezpieczeń,CCTV Analog HD,Akcesoria,Systemy Alarmowe gotowe,,,
Sieci i systemy zabezpieczeń,CCTV Analog HD,Atrapy,Systemy hydracyjne,,,
Sieci i systemy zabezpieczeń,CCTV Analog HD,"Gniazda, wtyki",Systemy trakcyjne,,,
Sieci i systemy zabezpieczeń,CCTV Analog HD,Kable,Systemy uzupełnień,,,
Sieci i systemy zabezpieczeń,CCTV Analog HD,Kamery,Szafki przyłóżkowe,,,
Sieci i systemy zabezpieczeń,CCTV Analog HD,Macierze dyskowe,Szafy rack,,,
Sieci i systemy zabezpieczeń,CCTV Analog HD,Monitory do monitoringu,Szafy rack,,,
Sieci i systemy zabezpieczeń,CCTV Analog HD,Rejestratory,Szafy rack,,,
Sieci i systemy zabezpieczeń,CCTV Analog HD,"Uchwyty, obudowy",Szafy serwerowe,,,
Sieci i systemy zabezpieczeń,CCTV IP,Akcesoria,Szafy serwerowe,,,
Sieci i systemy zabezpieczeń,CCTV IP,Atrapy,Szafy serwerowe,,,
Sieci i systemy zabezpieczeń,CCTV IP,Fotopułapki,Szafy serwerowe,,,
Sieci i systemy zabezpieczeń,CCTV IP,"Gniazda, wtyki",Szafy serwerowe,,,
Sieci i systemy zabezpieczeń,CCTV IP,Kable,Szafy serwerowe,,,
Sieci i systemy zabezpieczeń,CCTV IP,Kamery,Szafy serwerowe ,,,
Sieci i systemy zabezpieczeń,CCTV IP,Kamery termowizyjne,Szaliki,,,
Sieci i systemy zabezpieczeń,CCTV IP,Macierze dyskowe,Szaliki,,,
Sieci i systemy zabezpieczeń,CCTV IP,Monitory do monitoringu,Szczelinomierze,,,
Sieci i systemy zabezpieczeń,CCTV IP,Obiektywy,Szczelinomierze,,,
Sieci i systemy zabezpieczeń,CCTV IP,Rejestratory,Szczoteczki do zębów,,,
Sieci i systemy zabezpieczeń,CCTV IP,"Uchwyty, obudowy",Szczoteczki do zębów,,,
Sieci i systemy zabezpieczeń,Data Center,Drzwi przesuwne do alejek,Szczotki,,,
Sieci i systemy zabezpieczeń,Data Center,Inteligentne PDU,Szczotki,,,
Sieci i systemy zabezpieczeń,Data Center,Podłogi podniesione,Szczotki ,,,
Sieci i systemy zabezpieczeń,Data Center,Pokrywy dachowe do alejek,Szczotki akumulatorowe,,,
Sieci i systemy zabezpieczeń,Data Center,Szafy serwerowe 19”,Szelki korekcyjne,,,
Sieci i systemy zabezpieczeń,Dodatkowa gwarancja oraz oprogramowanie,Dodatkowe gwarancje do urządzeń do monitoringu,Szkolenie,,,
Sieci i systemy zabezpieczeń,Dodatkowa gwarancja oraz oprogramowanie,Dodatkowe gwarancje do urządzeń sieciowych,Szlabany,,,
Sieci i systemy zabezpieczeń,Dodatkowa gwarancja oraz oprogramowanie,Licencje elektroniczne,Szlifierki,,,
Sieci i systemy zabezpieczeń,Instalacje telekomunikacyjne,Akcesoria,Szlifierki,,,
Sieci i systemy zabezpieczeń,Instalacje telekomunikacyjne,Anteny,Szlifierki,,,
Sieci i systemy zabezpieczeń,Instalacje telekomunikacyjne,Mocowania i uchwyty,Szlifierki,,,
Sieci i systemy zabezpieczeń,Instalacje telekomunikacyjne,Modulatory i transmodulatory,Szlifierki,,,
Sieci i systemy zabezpieczeń,Instalacje telekomunikacyjne,Multiswitche,Szlifierki,,,
Sieci i systemy zabezpieczeń,Instalacje telekomunikacyjne,Skrzynki telekomunikacyjne,Szlifierki,,,
Sieci i systemy zabezpieczeń,Instalacje telekomunikacyjne,Wzmacniacze szerokopasmowe,Szlifierki,,,
Sieci i systemy zabezpieczeń,Instalacje telekomunikacyjne,Zabezpieczenia,Szlifierki,,,
Sieci i systemy zabezpieczeń,Inteligenty dom,Adaptery,Szlifierki,,,
Sieci i systemy zabezpieczeń,Inteligenty dom,Akcesoria,Szlifierki,,,
Sieci i systemy zabezpieczeń,Inteligenty dom,Alarm - akcesoria,Szlifierki,,,
Sieci i systemy zabezpieczeń,Inteligenty dom,Alarm - akumulatory,Szlifierki,,,
Sieci i systemy zabezpieczeń,Inteligenty dom,Alarm - centrale,Szlifierki,,,
Sieci i systemy zabezpieczeń,Inteligenty dom,Alarm - czujniki,Szlifierki,,,
Sieci i systemy zabezpieczeń,Inteligenty dom,Alarm - moduły GSM,Szlifierki,,,
Sieci i systemy zabezpieczeń,Inteligenty dom,Alarm - obudowy,Sznurki pakowe,,,
Sieci i systemy zabezpieczeń,Inteligenty dom,Alarm - sygnalizatory,Sznurówki,,,
Sieci i systemy zabezpieczeń,Inteligenty dom,Audio/Video,Sznury,,,
Sieci i systemy zabezpieczeń,Inteligenty dom,Centrale systemu,Sztuczne rzęsy,,,
Sieci i systemy zabezpieczeń,Inteligenty dom,Czujniki,Sztućce i przybory kuchenne,,,
Sieci i systemy zabezpieczeń,Inteligenty dom,Domofony,Sztućce i przybory kuchenne,,,
Sieci i systemy zabezpieczeń,Inteligenty dom,Inteligentne doniczki,Sztućce i przybory kuchenne,,,
Sieci i systemy zabezpieczeń,Inteligenty dom,Inteligentne doniczki - nasiona,Sztućce i przybory kuchenne,,,
Sieci i systemy zabezpieczeń,Inteligenty dom,Kamery,Sztućce i przybory kuchenne,,,
Sieci i systemy zabezpieczeń,Inteligenty dom,Nagłośnienie - akcesoria,Szuflady grzewcze,,,
Sieci i systemy zabezpieczeń,Inteligenty dom,Nagłośnienie - głośniki,Szybkozłączki,,,
Sieci i systemy zabezpieczeń,Inteligenty dom,Nagłośnienie - matryce,Szyny i montaże,,,
Sieci i systemy zabezpieczeń,Inteligenty dom,Nagłośnienie - mikrofony,Szyny montażowe,,,
Sieci i systemy zabezpieczeń,Inteligenty dom,Nagłośnienie - miksery,Szyny montażowe,,,
Sieci i systemy zabezpieczeń,Inteligenty dom,Nagłośnienie - odtwarzacze,Ściągacze i stabilizatory,,,
Sieci i systemy zabezpieczeń,Inteligenty dom,Nagłośnienie - sterowanie,Ściereczki i zmywaki,,,
Sieci i systemy zabezpieczeń,Inteligenty dom,Nagłośnienie - wzmacniacze,Ściereczki i zmywaki,,,
Sieci i systemy zabezpieczeń,Inteligenty dom,Przyciski,Ścierki,,,
Sieci i systemy zabezpieczeń,Inteligenty dom,Urządzenia wykonawcze,Śliniaki,,,
Sieci i systemy zabezpieczeń,Inteligenty dom,Zamki elektroniczne,Śliniaki i fartuchy,,,
Sieci i systemy zabezpieczeń,Inteligenty dom,Zestawy startowe,Śmigła,,,
Sieci i systemy zabezpieczeń,"Kable, gniazda i wtyki",Akcesoria do kabli,Śpiwory,,,
Sieci i systemy zabezpieczeń,"Kable, gniazda i wtyki",Gniazda,Światła chemiczne i gazowe,,,
Sieci i systemy zabezpieczeń,"Kable, gniazda i wtyki",Kable antenowe,Świece,,,
Sieci i systemy zabezpieczeń,"Kable, gniazda i wtyki",Kable sieciowe,Świece ,,,
Sieci i systemy zabezpieczeń,"Kable, gniazda i wtyki",Kable światłowodowe,Świetlówki,,,
Sieci i systemy zabezpieczeń,"Kable, gniazda i wtyki",Kable telefoniczne,Świetlówki,,,
Sieci i systemy zabezpieczeń,"Kable, gniazda i wtyki",Patchcable,Świetlówki,,,
Sieci i systemy zabezpieczeń,"Kable, gniazda i wtyki",Puszki niewyposażone,T-shirt,,,
Sieci i systemy zabezpieczeń,"Kable, gniazda i wtyki",Puszki wyposażone,T-shirt,,,
Sieci i systemy zabezpieczeń,"Kable, gniazda i wtyki",Szybkozłączki żelowe,Tablety,,,
Sieci i systemy zabezpieczeń,"Kable, gniazda i wtyki",Wtyki,Tablety,,,
Sieci i systemy zabezpieczeń,Karty sieciowe,Moduły do kart sieciowych,Tablety,,,
Sieci i systemy zabezpieczeń,Karty sieciowe,Sieciowe karty bezprzewodowe PCI,Tablety graficzne,,,
Sieci i systemy zabezpieczeń,Karty sieciowe,Sieciowe karty bezprzewodowe PCMCIA,Tablety przemysłowe,,,
Sieci i systemy zabezpieczeń,Karty sieciowe,Sieciowe karty bezprzewodowe USB,Tablice i Flipcharty,,,
Sieci i systemy zabezpieczeń,Karty sieciowe,Sieciowe karty ExpressCard,Tablice i Flipcharty,,,
Sieci i systemy zabezpieczeń,Karty sieciowe,Sieciowe karty miniPC,Tablice interaktywne,,,
Sieci i systemy zabezpieczeń,Karty sieciowe,Sieciowe karty PCI,Tablice interaktywne,,,
Sieci i systemy zabezpieczeń,Karty sieciowe,Sieciowe karty PCMCIA,Tablice interaktywne,,,
Sieci i systemy zabezpieczeń,Karty sieciowe,Sieciowe karty USB,Tablice interaktywne,,,
Sieci i systemy zabezpieczeń,Komunikacja i łączność,AccesPoint,Tablice interaktywne,,,
Sieci i systemy zabezpieczeń,Komunikacja i łączność,Akcesoria montażowe,Tablice wyników,,,
Sieci i systemy zabezpieczeń,Komunikacja i łączność,Anteny,Taborety kąpielowe,,,
Sieci i systemy zabezpieczeń,Komunikacja i łączność,Firewalle sprzętowe,Taczki i wózki,,,
Sieci i systemy zabezpieczeń,Komunikacja i łączność,Kontrolery Access Point,Taczki i wózki,,,
Sieci i systemy zabezpieczeń,Komunikacja i łączność,Modemy 3G/4G,Tarcze hamulcowe,,,
Sieci i systemy zabezpieczeń,Komunikacja i łączność,Modularne Systemy Wi-Fi,Tarcze strzeleckie,,,
Sieci i systemy zabezpieczeń,Komunikacja i łączność,Moduły do Switch'y,Tarcze strzeleckie,,,
Sieci i systemy zabezpieczeń,Komunikacja i łączność,PowerLine – Home Plug,Taśmy,,,
Sieci i systemy zabezpieczeń,Komunikacja i łączność,PrintSerwer - Serwery wydruku,Taśmy,,,
Sieci i systemy zabezpieczeń,Komunikacja i łączność,Repeatery,Taśmy,,,
Sieci i systemy zabezpieczeń,Komunikacja i łączność,Routery,Taśmy,,,
Sieci i systemy zabezpieczeń,Komunikacja i łączność,Routery 3G/4G/5G,Taśmy,,,
Sieci i systemy zabezpieczeń,Komunikacja i łączność,Switch-e,Taśmy,,,
Sieci i systemy zabezpieczeń,Kontrola dostępu,Centrale,Taśmy,,,
Sieci i systemy zabezpieczeń,Kontrola dostępu,Czytniki kart dostępu,Taśmy,,,
Sieci i systemy zabezpieczeń,Kontrola dostępu,Czytniki linii papilarnych,Taśmy,,,
Sieci i systemy zabezpieczeń,Kontrola dostępu,Elektrozaczepy i akcesoria,Taśmy,,,
Sieci i systemy zabezpieczeń,Kontrola dostępu,Karty dostępu,Taśmy,,,
Sieci i systemy zabezpieczeń,Kontrola dostępu,Przyciski wyjścia,Taśmy,,,
Sieci i systemy zabezpieczeń,Kontrola dostępu,Samozamykacze,Taśmy ,,,
Sieci i systemy zabezpieczeń,Kontrola dostępu,Skanery twarzy,Taśmy barwiące,,,
Sieci i systemy zabezpieczeń,Kontrola dostępu,Zamki elektryczne,Taśmy barwiące,,,
Sieci i systemy zabezpieczeń,Kontrola dostępu,Zamki kodowe - szyfratory,Taśmy barwiące,,,
Sieci i systemy zabezpieczeń,Kontrola dostępu,Zwory elektromagnetyczne,Taśmy barwiące,,,
Sieci i systemy zabezpieczeń,Konwertery,"Konwertery, Transceiver",Taśmy barwiące,,,
Sieci i systemy zabezpieczeń,KVM,Extendery konsoli,Taśmy barwiące,,,
Sieci i systemy zabezpieczeń,KVM,Extendery Video,Taśmy barwiące,,,
Sieci i systemy zabezpieczeń,KVM,Kable,Taśmy barwiące,,,
Sieci i systemy zabezpieczeń,KVM,Przełączniki,Taśmy barwiące,,,
Sieci i systemy zabezpieczeń,KVM,Przełączniki LCD,Taśmy do ćwiczeń,,,
Sieci i systemy zabezpieczeń,Narzędzia,Narzędzia,Taśmy do streamerów,,,
Sieci i systemy zabezpieczeń,Narzędzia,Testery,Taśmy do streamerów,,,
Sieci i systemy zabezpieczeń,Passive Optical Network,GEPON OLT,Taśmy do streamerów,,,
Sieci i systemy zabezpieczeń,Passive Optical Network,GPON ONU,Taśmy do streamerów,,,
Sieci i systemy zabezpieczeń,Routery,Akcesoria,Taśmy do streamerów,,,
Sieci i systemy zabezpieczeń,Routery,Firewalle i bramy zabezpieczające,Taśmy LED,,,
Sieci i systemy zabezpieczeń,Routery,Gatewaye (bramki),Tekstylia,,,
Sieci i systemy zabezpieczeń,Routery,Gwarancje,Tekstylia,,,
Sieci i systemy zabezpieczeń,Routery,Licencje,Tekstylia,,,
Sieci i systemy zabezpieczeń,Routery,Routery,Tekstylia,,,
Sieci i systemy zabezpieczeń,Routery,Routery 3G/4G/5G,Tekstylia,,,
Sieci i systemy zabezpieczeń,Storage,Akcesoria,Tekstylia,,,
Sieci i systemy zabezpieczeń,Storage,Kasety RDX,Tekstylia,,,
Sieci i systemy zabezpieczeń,Storage,Kasety RDX dedykowane,Tekstylia,,,
Sieci i systemy zabezpieczeń,Storage,Macierze dyskowe,Tekstylia,,,
Sieci i systemy zabezpieczeń,Storage,Macierze dyskowe - akcesoria,Tekstylia,,,
Sieci i systemy zabezpieczeń,Storage,Napędy dedykowane,Tekstylia,,,
Sieci i systemy zabezpieczeń,Storage,Napędy optyczne,Tekstylia,,,
Sieci i systemy zabezpieczeń,Storage,Napędy RDX,Tekstylia,,,
Sieci i systemy zabezpieczeń,Storage,Napędy taśmowe (STREAMERY),Tekstylia,,,
Sieci i systemy zabezpieczeń,Storage,Napędy taśmowe (STREAMERY) dedykowane,Tekstylia,,,
Sieci i systemy zabezpieczeń,Storage,Rozszerzenia do macierzy (półki dyskowe),Tekstylia,,,
Sieci i systemy zabezpieczeń,Storage,Sprzętowy serwer plików NAS,Tekstylia,,,
Sieci i systemy zabezpieczeń,Storage,Sprzętowy serwer plików NAS - gwarancje,Tekstylia,,,
Sieci i systemy zabezpieczeń,Storage,Storage - Automatyka,Tekstylia,,,
Sieci i systemy zabezpieczeń,Storage,Switche SAN,Tekstylia,,,
Sieci i systemy zabezpieczeń,Storage,Switche SAN dedykowane,Telebimy Mobilne,,,
Sieci i systemy zabezpieczeń,Storage,Taśmy do streamerów,Telefony i bramki VoIP,,,
Sieci i systemy zabezpieczeń,Storage,Taśmy do streamerów dedykowane,Telefony i bramki VoIP,,,
Sieci i systemy zabezpieczeń,Światłowody,Adaptery Multi-Mode,Telefony komórkowe,,,
Sieci i systemy zabezpieczeń,Światłowody,Akcesoria,Telefony komórkowe,,,
Sieci i systemy zabezpieczeń,Światłowody,Kable światłowodowe,Telefony komórkowe,,,
Sieci i systemy zabezpieczeń,Światłowody,Panele,Telefony komórkowe,,,
Sieci i systemy zabezpieczeń,Światłowody,Pasywa,Telefony stacjonarne,,,
Sieci i systemy zabezpieczeń,Światłowody,Patchcable,Telefony stacjonarne,,,
Sieci i systemy zabezpieczeń,Światłowody,Pigtaile,Teleskopy,,,
Sieci i systemy zabezpieczeń,Światłowody,Spawarki światłowodowe,Telewizory,,,
Sieci i systemy zabezpieczeń,Światłowody,Splitery,Telewizory,,,
Sieci i systemy zabezpieczeń,Switch-e,Akcesoria,Telewizory,,,
Sieci i systemy zabezpieczeń,Switch-e,Gwarancje,Telewizory ,,,
Sieci i systemy zabezpieczeń,Switch-e,Licencje,Telewizory ,,,
Sieci i systemy zabezpieczeń,Switch-e,Niezarządzane,Telewizory ,,,
Sieci i systemy zabezpieczeń,Switch-e,Zarządzane,Telewizory ,,,
Sieci i systemy zabezpieczeń,Systemy Alarmowe,Akcesoria,Telewizory ,,,
Sieci i systemy zabezpieczeń,Systemy Alarmowe,Akumulatory,Telewizory mobilne,,,
Sieci i systemy zabezpieczeń,Systemy Alarmowe,CCTV/ Monitory do monitoringu,Terminale mobilne,,,
Sieci i systemy zabezpieczeń,Systemy Alarmowe,Centrale alarmowe,Termometry,,,
Sieci i systemy zabezpieczeń,Systemy Alarmowe,Czujki,Termometry,,,
Sieci i systemy zabezpieczeń,Systemy Alarmowe,Kable,Termometry,,,
Sieci i systemy zabezpieczeń,Systemy Alarmowe,Kamery,Termometry,,,
Sieci i systemy zabezpieczeń,Systemy Alarmowe,Komunikacja i powiadamianie,Termosy i kubki termiczne,,,
Sieci i systemy zabezpieczeń,Systemy Alarmowe,Manipulatory,Termowentylatory,,,
Sieci i systemy zabezpieczeń,Systemy Alarmowe,Obudowy,Testery,,,
Sieci i systemy zabezpieczeń,Systemy Alarmowe,Oprogramowanie,Testery,,,
Sieci i systemy zabezpieczeń,Systemy Alarmowe,Sterowniki radiowe,Testery kabli,,,
Sieci i systemy zabezpieczeń,Systemy Alarmowe,Sygnalizatory,"Tłumiki, adaptery, kompensatory",,,
Sieci i systemy zabezpieczeń,Systemy Alarmowe,System bezprzewodowy ABAX,Toczki,,,
Sieci i systemy zabezpieczeń,Systemy Alarmowe,System bezprzewodowy MICRA,Tonery,,,
Sieci i systemy zabezpieczeń,Systemy Alarmowe,Zasilanie,Tonery,,,
Sieci i systemy zabezpieczeń,Systemy Alarmowe,Zestawy gotowe,Tonery,,,
Sieci i systemy zabezpieczeń,Systemy Domofonowe,Akcesoria,Tonery,,,
Sieci i systemy zabezpieczeń,Systemy Domofonowe,Kable,Tonery,,,
Sieci i systemy zabezpieczeń,Systemy Domofonowe,Monitory,Tonery,,,
Sieci i systemy zabezpieczeń,Systemy Domofonowe,Panele,Tonery,,,
Sieci i systemy zabezpieczeń,Systemy Domofonowe,Wideodomofony,Tonery,,,
Sieci i systemy zabezpieczeń,Systemy Domofonowe,Wideodomofony (zestawy),Tonery,,,
Sieci i systemy zabezpieczeń,Systemy Domofonowe,Wizjery,Tonery,,,
Sieci i systemy zabezpieczeń,Systemy Domofonowe,Zasilanie,Tonery,,,
Sieci i systemy zabezpieczeń,Systemy Sygnalizacji Pożarowej,Akcesoria,Tonery,,,
Sieci i systemy zabezpieczeń,Systemy Sygnalizacji Pożarowej,Czujki,Tonery,,,
Sieci i systemy zabezpieczeń,Systemy Sygnalizacji Pożarowej,Płyty główne,Tonery,,,
Sieci i systemy zabezpieczeń,Systemy Sygnalizacji Pożarowej,Ręczne Ostrzegacze,Tonery,,,
Sieci i systemy zabezpieczeń,Systemy Sygnalizacji Pożarowej,Sygnalizatory,Tonery,,,
Sieci i systemy zabezpieczeń,Systemy Sygnalizacji Pożarowej,Urządzenia zdalnej obsługi,Tonery,,,
Sieci i systemy zabezpieczeń,Systemy Wi-Fi,Access Pointy,Tonery,,,
Sieci i systemy zabezpieczeń,Systemy Wi-Fi,Akcesoria,Torby,,,
Sieci i systemy zabezpieczeń,Systemy Wi-Fi,Gwarancje,Torby,,,
Sieci i systemy zabezpieczeń,Systemy Wi-Fi,Kontrolery Wi-Fi,Torby,,,
Sieci i systemy zabezpieczeń,Systemy Wi-Fi,Licencje,Torby,,,
Sieci i systemy zabezpieczeń,Systemy Wi-Fi,Licencje do access pointów,Torby,,,
Sieci i systemy zabezpieczeń,Systemy Wi-Fi,Repeatery,Torby,,,
Sieci i systemy zabezpieczeń,Systemy Wi-Fi,WISP,Torby ,,,
Sieci i systemy zabezpieczeń,Szafki,Akcesoria,Torby i sakwy,,,
Sieci i systemy zabezpieczeń,Szafki,Skrzynki rozdzielcze,"Torby, kuferki, skrzynie",,,
Sieci i systemy zabezpieczeń,Szafki,Szafki dystrybucyjne na łączówki LSA,"Torby, kuferki, skrzynie",,,
Sieci i systemy zabezpieczeń,Szafki,Szafki instalatorskie,"Torby, kuferki, skrzynie",,,
Sieci i systemy zabezpieczeń,Szafki,Szafki lokalowe/mieszkaniowe FTTH,"Torby, kuferki, skrzynie",,,
Sieci i systemy zabezpieczeń,Szafy rack,Akcesoria,"Torby, kuferki, skrzynie",,,
Sieci i systemy zabezpieczeń,Szafy rack,Listwy zasilające RACK,"Torby, kuferki, skrzynie",,,
Sieci i systemy zabezpieczeń,Szafy rack,Organizery,"Torby, kuferki, skrzynie",,,
Sieci i systemy zabezpieczeń,Szafy rack,Panele krosownicze,"Torby, kuferki, skrzynie",,,
Sieci i systemy zabezpieczeń,Szafy rack,Półki,Tostery,,,
Sieci i systemy zabezpieczeń,Szafy rack,"Ramy stojące 19""",Trampoliny,,,
Sieci i systemy zabezpieczeń,Szafy rack,"Szafy stojące 19""",Trampoliny,,,
Sieci i systemy zabezpieczeń,Szafy rack,"Szafy wiszące 10""/19""",Trampoliny,,,
Sieci i systemy zabezpieczeń,Szafy rack,Wentylacja,Transfer pacjenta,,,
Sieci i systemy zabezpieczeń,Szafy rack,Wsporniki,Transmitery FM,,,
Sieci i systemy zabezpieczeń,Urządzenia zabezpieczające,Urządzenia zabezpieczające,Transmitery FM,,,
Sieci i systemy zabezpieczeń,VoIP,Centralki tel. VoIP,Transmitery sieciowe,,,
Sieci i systemy zabezpieczeń,VoIP,Telefony i bramki VoIP,Tunery,,,
Sieci i systemy zabezpieczeń,Zasilanie,Akumulatory,Tunery,,,
Sieci i systemy zabezpieczeń,Zasilanie,Mieszacze POE,Tunery i dekodery,,,
Sieci i systemy zabezpieczeń,Zasilanie,Moduły bateryjne,Turbiny wiatrowe,,,
Sieci i systemy zabezpieczeń,Zasilanie,UPS-y,Turbosprężarki,,,
Sieci i systemy zabezpieczeń,Zasilanie,Zasilacze dedykowane,Tusze,,,
Sieci i systemy zabezpieczeń,Zasilanie,Zasilacze sieciowe i CCTV,Tusze,,,
Sport i Turystyka,Akcesoria sportowe i turystyczne,Bidony i Shakery,Tusze,,,
Sport i Turystyka,Akcesoria sportowe i turystyczne,Do butów - elementy serwisowe,Tusze,,,
Sport i Turystyka,Akcesoria sportowe i turystyczne,Drony,Tusze,,,
Sport i Turystyka,Akcesoria sportowe i turystyczne,Kamery sportowe,Tusze,,,
Sport i Turystyka,Akcesoria sportowe i turystyczne,Kamery sportowe - Akcesoria,Tusze,,,
Sport i Turystyka,Akcesoria sportowe i turystyczne,Kije do Nordic Walking i trekkingu,Tusze,,,
Sport i Turystyka,Akcesoria sportowe i turystyczne,Latarki,Ubrania i przebrania,,,
Sport i Turystyka,Akcesoria sportowe i turystyczne,Maski antysmogowe,Uchwyty,,,
Sport i Turystyka,Akcesoria sportowe i turystyczne,Mierniki tłuszczu,Uchwyty,,,
Sport i Turystyka,Akcesoria sportowe i turystyczne,Monitory aktywności i snu,Uchwyty,,,
Sport i Turystyka,Akcesoria sportowe i turystyczne,Naciągi tenisowe,Uchwyty,,,
Sport i Turystyka,Akcesoria sportowe i turystyczne,Naczynia turystyczne,Uchwyty,,,
Sport i Turystyka,Akcesoria sportowe i turystyczne,Ogrzewacze do rąk,Uchwyty,,,
Sport i Turystyka,Akcesoria sportowe i turystyczne,Opaski,Uchwyty,,,
Sport i Turystyka,Akcesoria sportowe i turystyczne,Paski do zegarków i smartwatchy,Uchwyty,,,
Sport i Turystyka,Akcesoria sportowe i turystyczne,Pomiar uderzenia,Uchwyty,,,
Sport i Turystyka,Akcesoria sportowe i turystyczne,Pompki,Uchwyty,,,
Sport i Turystyka,Akcesoria sportowe i turystyczne,Pulsometry,Uchwyty,,,
Sport i Turystyka,Akcesoria sportowe i turystyczne,Saszetki i nerki,Uchwyty,,,
Sport i Turystyka,Akcesoria sportowe i turystyczne,Tablice taktyczne / organizery,Uchwyty,,,
Sport i Turystyka,Akcesoria sportowe i turystyczne,Urządzenia do nawigacji turystycznej,Uchwyty,,,
Sport i Turystyka,Akcesoria sportowe i turystyczne,Wykrywacze metali,Uchwyty,,,
Sport i Turystyka,Akcesoria sportowe i turystyczne,Zegarki i opaski sportowe,Uchwyty,,,
Sport i Turystyka,Akcesoria sportowe i turystyczne,Zegarki sportowe - Akcesoria,Uchwyty,,,
Sport i Turystyka,Badminton,Lotki,Uchwyty,,,
Sport i Turystyka,Badminton,Rakiety,Uchwyty,,,
Sport i Turystyka,Badminton,Siatki,Uchwyty,,,
Sport i Turystyka,Badminton,Zestawy,Uchwyty,,,
Sport i Turystyka,Bagaż,Kosmetyczki i kuferki,Uchwyty/Obudowy,,,
Sport i Turystyka,Bagaż,Plecaki,Uchwyty/Obudowy,,,
Sport i Turystyka,Bagaż,Plecaki - akcesoria,Uchwyty/Obudowy,,,
Sport i Turystyka,Bagaż,Wagi bagażowe,Ukośnice,,,
Sport i Turystyka,Bagaż,"Walizki, torby - Akcesoria",Ukulele,,,
Sport i Turystyka,Bagaż,"Walizki, torby, worki",Ukulele,,,
Sport i Turystyka,Baseball,Kije,Ukulele,,,
Sport i Turystyka,Boks,Rękawice,Ukulele,,,
Sport i Turystyka,Do biegania,Akcesoria,Ukulele,,,
Sport i Turystyka,Do biegania,Bielizna,Umywalki,,,
Sport i Turystyka,Do biegania,Bluzy,Uprzęże,,,
Sport i Turystyka,Do biegania,Dresy,UPS-y,,,
Sport i Turystyka,Do biegania,Koszulki,UPS-y,,,
Sport i Turystyka,Do biegania,Kurtki,UPS-y,,,
Sport i Turystyka,Do biegania,Leginsy,UPS-y,,,
Sport i Turystyka,Do biegania,Nakrycia głowy,UPS-y,,,
Sport i Turystyka,Do biegania,Obuwie,Urządzenia antycellulitowe,,,
Sport i Turystyka,Do biegania,Rękawiczki,Urządzenia do aromaterapii,,,
Sport i Turystyka,Do biegania,Skarpety,Urządzenia do hot dogów,,,
Sport i Turystyka,Do biegania,Spodenki krótkie,Urządzenia do masażu,,,
Sport i Turystyka,Do biegania,Spódnice,Urządzenia do masażu,,,
Sport i Turystyka,Do biegania,Spodnie długie,Urządzenia do masażu,,,
Sport i Turystyka,Kemping,Do higieny,Urządzenia do pakowania próżniowego,,,
Sport i Turystyka,Kemping,Krzesełka,Urządzenia do pielęgnacji ciała,,,
Sport i Turystyka,Kemping,Materace,Urządzenia do smażenia naleśników,,,
Sport i Turystyka,Kemping,Moskitiery,Urządzenia do wybielania zębów,,,
Sport i Turystyka,Kemping,Namioty,Urządzenia do wyrobu makaronu,,,
Sport i Turystyka,Kemping,Pojemniki na paliwo,Urządzenia filtrujące,,,
Sport i Turystyka,Kemping,Pompki do materacy,Urządzenia filtrujące,,,
Sport i Turystyka,Kemping,Płachty biwakowe,"Urządzenia rozruchowe, startery",,,
Sport i Turystyka,Kemping,Śpiwory,Urządzenia wielofunkcyjne,,,
Sport i Turystyka,Kemping,Stoliki,Urządzenia wielofunkcyjne,,,
Sport i Turystyka,Koszykówka,Piłki,Urządzenia wielofunkcyjne,,,
Sport i Turystyka,Koszykówka,Stojaki do koszykówki,Urządzenia wielofunkcyjne,,,
Sport i Turystyka,Nad wodę,Deski,Urządzenia wykonawcze,,,
Sport i Turystyka,Nad wodę,Kajaki,Urządzenia zabezpieczające,,,
Sport i Turystyka,Nad wodę,Parawany,Urządzenia zdalnej obsługi,,,
Sport i Turystyka,Nad wodę,Pontony,uszarki automatyczne,,,
Sport i Turystyka,Nad wodę,Silniki,uszarki automatyczne,,,
Sport i Turystyka,Nad wodę,Łodzie,Uszczelki,,,
Sport i Turystyka,Narciarstwo,Bielizna,Videokonferencje,,,
Sport i Turystyka,Narciarstwo,Bluzy,Waflownice,,,
Sport i Turystyka,Narciarstwo,Buty,Wagi,,,
Sport i Turystyka,Narciarstwo,Czapki,Wagi,,,
Sport i Turystyka,Narciarstwo,Gogle,Wagi,,,
Sport i Turystyka,Narciarstwo,Kamizelki,Wagi,,,
Sport i Turystyka,Narciarstwo,Kaski,Wagi,,,
Sport i Turystyka,Narciarstwo,Narty,Wagi ,,,
Sport i Turystyka,Narciarstwo,Ochraniacze,Wagi ,,,
Sport i Turystyka,Narciarstwo,Opaski na głowę,Wagi ,,,
Sport i Turystyka,Narciarstwo,Paski,Wagi ,,,
Sport i Turystyka,Narciarstwo,Rękawice,Wagi specjalistyczne,,,
Sport i Turystyka,Narciarstwo,Skarpety,Wagi specjalistyczne,,,
Sport i Turystyka,Narciarstwo,Spodnie,Wagi specjalistyczne,,,
Sport i Turystyka,Narciarstwo,Sprzęt lawinowy,Wagi specjalistyczne,,,
Sport i Turystyka,Narciarstwo,Szaliki,Wagi specjalistyczne,,,
Sport i Turystyka,Narciarstwo,T-shirt,Wagi specjalistyczne,,,
Sport i Turystyka,Narciarstwo,Wkładki do butów,Wagi specjalistyczne,,,
Sport i Turystyka,Odżywki i suplementy,Akcesoria,Wagi specjalistyczne,,,
Sport i Turystyka,Odżywki i suplementy,Aminokwasy,Wagi specjalistyczne,,,
Sport i Turystyka,Odżywki i suplementy,Batony energetyczne,Wagi specjalistyczne,,,
Sport i Turystyka,Odżywki i suplementy,Gainery - odżywki na masę,Wagi specjalistyczne,,,
Sport i Turystyka,Odżywki i suplementy,Kreatyny,Wagi specjalistyczne,,,
Sport i Turystyka,Odżywki i suplementy,Napoje izotoniczne i energetyczne,Wagi specjalistyczne,,,
Sport i Turystyka,Odżywki i suplementy,Odżywki białkowe,Wagi specjalistyczne,,,
Sport i Turystyka,Odżywki i suplementy,Odżywki potreningowe,Wagi specjalistyczne,,,
Sport i Turystyka,Odżywki i suplementy,Suplementy diety,Wagi specjalistyczne,,,
Sport i Turystyka,Odżywki i suplementy,Żele energetyczne,Wagi specjalistyczne,,,
Sport i Turystyka,Piłka nożna i siatkówka,Bluzy,Wagi specjalistyczne,,,
Sport i Turystyka,Piłka nożna i siatkówka,Buty,Wagosuszarki,,,
Sport i Turystyka,Piłka nożna i siatkówka,Kamizelki,Wahacze,,,
Sport i Turystyka,Piłka nożna i siatkówka,Koszulki,Walizki,,,
Sport i Turystyka,Piłka nożna i siatkówka,Kurtki,Wałki,,,
Sport i Turystyka,Piłka nożna i siatkówka,Ochraniacze,Wałki do włosów,,,
Sport i Turystyka,Piłka nożna i siatkówka,Piłki,Wałki i rollery,,,
Sport i Turystyka,Piłka nożna i siatkówka,Rękawice,Wanienki,,,
Sport i Turystyka,Pływanie,Akcesoria,Wanny,,,
Sport i Turystyka,Pływanie,Czepki,Warniki,,,
Sport i Turystyka,Pływanie,Obuwie,Wciągarki,,,
Sport i Turystyka,Pływanie,Okulary,Wciągarki,,,
Sport i Turystyka,Pływanie,"Plecaki, torby i walizki",Wentylatory,,,
Sport i Turystyka,Pływanie,Ręczniki,Wentylatory,,,
Sport i Turystyka,Pływanie,Stroje kąpielowe,Wentylatory,,,
Sport i Turystyka,Rowery i akcesoria,Akcesoria do czyszczenia,Wentylatory,,,
Sport i Turystyka,Rowery i akcesoria,Bagażniki i kufry - Akcesoria,Wentylatory,,,
Sport i Turystyka,Rowery i akcesoria,"Bagażniki, kosze i kufry",Wentylatory,,,
Sport i Turystyka,Rowery i akcesoria,Bidony,Wędziska,,,
Sport i Turystyka,Rowery i akcesoria,Bluzy,"Węgiel, wiórki i podpałki",,,
Sport i Turystyka,Rowery i akcesoria,Błotniki,Węże,,,
Sport i Turystyka,Rowery i akcesoria,Czapki,Wiatrówki,,,
Sport i Turystyka,Rowery i akcesoria,Części rowerowe,Wiązanie,,,
Sport i Turystyka,Rowery i akcesoria,Dzwonki,Wibratory,,,
Sport i Turystyka,Rowery i akcesoria,Farby,Wibratory i masażery,,,
Sport i Turystyka,Rowery i akcesoria,Foteliki rowerowe,Wideodomofony,,,
Sport i Turystyka,Rowery i akcesoria,Kamizelki,Wideorejestratory,,,
Sport i Turystyka,Rowery i akcesoria,Kaski,Wideorejestratory,,,
Sport i Turystyka,Rowery i akcesoria,Kombinezony,Widły,,,
Sport i Turystyka,Rowery i akcesoria,Koszulki,Wiertarki,,,
Sport i Turystyka,Rowery i akcesoria,Kurtki,Wiertarki,,,
Sport i Turystyka,Rowery i akcesoria,Liczniki / Czujniki prędkości i kadencji,Wiertarki,,,
Sport i Turystyka,Rowery i akcesoria,Lusterka,Wiertarki,,,
Sport i Turystyka,Rowery i akcesoria,Naklejki,Wiertarki,,,
Sport i Turystyka,Rowery i akcesoria,Narzędzia,Wiertarki,,,
Sport i Turystyka,Rowery i akcesoria,Okulary,Wiertarki,,,
Sport i Turystyka,Rowery i akcesoria,Oświetlenie,Wiertarki,,,
Sport i Turystyka,Rowery i akcesoria,Peleryny,Wiertarki,,,
Sport i Turystyka,Rowery i akcesoria,Pokrowce,Wiertarki,,,
Sport i Turystyka,Rowery i akcesoria,Pompki,Wieszaki,,,
Sport i Turystyka,Rowery i akcesoria,Preparaty konserwujące,Wieszaki,,,
Sport i Turystyka,Rowery i akcesoria,Przyczepki,Wieszaki,,,
Sport i Turystyka,Rowery i akcesoria,Rękawiczki,Wieszaki,,,
Sport i Turystyka,Rowery i akcesoria,Rowery,Wioślarze,,,
Sport i Turystyka,Rowery i akcesoria,Siodełka,Wirówki,,,
Sport i Turystyka,Rowery i akcesoria,Skarpetki,WISP,,,
Sport i Turystyka,Rowery i akcesoria,Spodenki,Witaminy i Suplementy diety,,,
Sport i Turystyka,Rowery i akcesoria,Torby i sakwy,Witryny chłodnicze,,,
Sport i Turystyka,Rowery i akcesoria,Uchwyty,Wizjery,,,
Sport i Turystyka,Rowery i akcesoria,Urządzenia do nawigacji rowerowej,Wizualizery,,,
Sport i Turystyka,Rowery i akcesoria,Zapięcia,Wizualizery,,,
Sport i Turystyka,Rowery i akcesoria,Ładowarki,Wkładki do butów,,,
Sport i Turystyka,Siatkówka,Piłki,Wkładki do butów,,,
Sport i Turystyka,Siłownia i fitness,Akcesoria fitness,Wkłady do zlewów,,,
Sport i Turystyka,Siłownia i fitness,Akcesoria na siłownię,wkłady zapachowe,,,
Sport i Turystyka,Siłownia i fitness,Atlasy,Wkrętarki,,,
Sport i Turystyka,Siłownia i fitness,Bieżnie,Wkrętarki,,,
Sport i Turystyka,Siłownia i fitness,Buty,Włóczki,,,
Sport i Turystyka,Siłownia i fitness,Ćwiczenia,Woreczki,,,
Sport i Turystyka,Siłownia i fitness,Gryfy,Work,,,
Sport i Turystyka,Siłownia i fitness,Gumy do ćwiczeń,worki,,,
Sport i Turystyka,Siłownia i fitness,Hantle,Woskownice,,,
Sport i Turystyka,Siłownia i fitness,Kettlebell,Wózki,,,
Sport i Turystyka,Siłownia i fitness,Koszulki,Wózki,,,
Sport i Turystyka,Siłownia i fitness,Kołyski,Wózki,,,
Sport i Turystyka,Siłownia i fitness,Maty do Jogi,Wózki,,,
Sport i Turystyka,Siłownia i fitness,Obciążniki,Wózki,,,
Sport i Turystyka,Siłownia i fitness,Orbitreki,Wózki do przewozu chorych,,,
Sport i Turystyka,Siłownia i fitness,Piłki do ćwiczeń,Wózki inwalidzkie,,,
Sport i Turystyka,Siłownia i fitness,Rękawice,Wózki inwalidzkie elektryczne,,,
Sport i Turystyka,Siłownia i fitness,Rowery treningowe,Wózki na zakupy,,,
Sport i Turystyka,Siłownia i fitness,Ściągacze i stabilizatory,"Wózki toaletowe, prysznicowe",,,
Sport i Turystyka,Siłownia i fitness,Skakanki,Wózki transportowe,,,
Sport i Turystyka,Siłownia i fitness,Spodnie,Wózki transportowe,,,
Sport i Turystyka,Siłownia i fitness,Steppery,Wsporniki,,,
Sport i Turystyka,Siłownia i fitness,Suwnice,Wyciągarki,,,
Sport i Turystyka,Siłownia i fitness,Trampoliny,Wycieraczki,,,
Sport i Turystyka,Siłownia i fitness,Urządzenia do masażu,Wycieraczki,,,
Sport i Turystyka,Siłownia i fitness,Wałki i rollery,Wyciskarki ,,,
Sport i Turystyka,Siłownia i fitness,Wioślarze,Wyciskarki ,,,
Sport i Turystyka,Siłownia i fitness,Ławki i stoły,Wykrywacze,,,
Sport i Turystyka,Skating i deskorolki,Akumulatory do hulajnogi,Wykrywacze metali,,,
Sport i Turystyka,Skating i deskorolki,Cześci i akcesoria do hulajnogi,Wyłączniki nadprądowe,,,
Sport i Turystyka,Skating i deskorolki,Deskorolki elektryczne,Wyłączniki nadprądowe,,,
Sport i Turystyka,Skating i deskorolki,Deskorolki tradycyjne,Wyłączniki różnicowoprądowe,,,
Sport i Turystyka,Skating i deskorolki,Hulajnogi elektryczne,Wyłączniki różnicowoprądowe,,,
Sport i Turystyka,Skating i deskorolki,Hulajnogi tradycyjne,Wypiekacze,,,
Sport i Turystyka,Skating i deskorolki,Kaski,Wyrzynarki,,,
Sport i Turystyka,Skating i deskorolki,Ochraniacze,Wyrzynarki,,,
Sport i Turystyka,Skating i deskorolki,Rampy,Wysięgniki do łóżka,,,
Sport i Turystyka,Skating i deskorolki,"Rolki, wrotki",Wytwornice,,,
Sport i Turystyka,Squash,Rakiety,Wytwornice,,,
Sport i Turystyka,Tenis,Rakiety,Wytwornice,,,
Sport i Turystyka,Tenis stołowy,Rakietki,Wzmacniacze,,,
Sport i Turystyka,Triathlon,Akcesoria,Wzmacniacze,,,
Sport i Turystyka,Triathlon,Okulary,Wzmacniacze,,,
Sport i Turystyka,Triathlon,Pianki,Wzmacniacze,,,
Sport i Turystyka,Triathlon,"Plecaki, torby i walizki",wzmacniacze,,,
Sport i Turystyka,Triathlon,Stroje kompresyjne,Wzmacniacze szerokopasmowe,,,
Sport i Turystyka,Triathlon,Stroje startowe,Zabawki,,,
Sport i Turystyka,Wspinaczka,Akcesoria,Zabawki,,,
Sport i Turystyka,Wspinaczka,Czekany,Zabawki,,,
Sport i Turystyka,Wspinaczka,Karabińczyki,Zabawki,,,
Sport i Turystyka,Wspinaczka,Kaski,Zabawki,,,
Sport i Turystyka,Wspinaczka,Kurtki,Zabawki,,,
Sport i Turystyka,Wspinaczka,Liny,Zabawki,,,
Sport i Turystyka,Wspinaczka,Lokalizatory,Zabawki,,,
Sport i Turystyka,Wspinaczka,Magnezja,Zabawki,,,
Sport i Turystyka,Wspinaczka,Plecaki,Zabawki,,,
Sport i Turystyka,Wspinaczka,Raki,Zabawki,,,
Sport i Turystyka,Wspinaczka,Rakiety śnieżne,Zabawki,,,
Sport i Turystyka,Wspinaczka,Sondy,Zabawki,,,
Sport i Turystyka,Wspinaczka,Spodnie,Zabawki,,,
Sport i Turystyka,Wspinaczka,Taśmy,Zabawki,,,
Sport i Turystyka,Wspinaczka,Uprzęże,Zabawki na aplikację mobilną,,,
Sport i Turystyka,Wspinaczka,Woreczki,Zabawki na pilota,,,
Sport i Turystyka,Wspinaczka,Łopaty,Zabezpieczenia,,,
Sport i Turystyka,Łowiectwo i wędkarstwo,Haczyki i woblery,Zabezpieczenia,,,
Sport i Turystyka,Łowiectwo i wędkarstwo,Koszule,Zagęszczarki,,,
Sport i Turystyka,Łowiectwo i wędkarstwo,Kołowrotki wędkarskie,Zamiatarki,,,
Sport i Turystyka,Łowiectwo i wędkarstwo,Okulary,Zamiatarki,,,
Sport i Turystyka,Łowiectwo i wędkarstwo,Paski,Zamki centralne - Sterowniki,,,
Sport i Turystyka,Łowiectwo i wędkarstwo,Przynęty,Zamki elektroniczne,,,
Sport i Turystyka,Łowiectwo i wędkarstwo,Sonary,Zamki elektryczne,,,
Sport i Turystyka,Łowiectwo i wędkarstwo,Sonary i echosondy - akcesoria,Zamki elektryczne,,,
Sport i Turystyka,Łowiectwo i wędkarstwo,Spodnie,Zamki kodowe - szyfratory,,,
Sport i Turystyka,Łowiectwo i wędkarstwo,T-shirt,Zamrażarki ,,,
Sport i Turystyka,Łowiectwo i wędkarstwo,Torby,Zamrażarki ,,,
Sport i Turystyka,Łowiectwo i wędkarstwo,Wędziska,Zapalarka,,,
Sport i Turystyka,Łowiectwo i wędkarstwo,Żyłki i plecionki,Zapalniczki,,,
Sport i Turystyka,Łyżwiarstwo,Łyżwy,Zaparzacze i kawiarki,,,
Telekomunikacja,Akcesoria GSM,Baterie,Zapięcia,,,
Telekomunikacja,Akcesoria GSM,Folie i szkła,zapki,,,
Telekomunikacja,Akcesoria GSM,Futerały (etui),Zaproszenia i karty okolicznościowe,,,
Telekomunikacja,Akcesoria GSM,Gogle wirtualnej rzeczywistości,Zasilacze,,,
Telekomunikacja,Akcesoria GSM,Głośniki przenośne,Zasilacze,,,
Telekomunikacja,Akcesoria GSM,Kable USB,Zasilacze,,,
Telekomunikacja,Akcesoria GSM,Kamery termowizyjne,Zasilacze,,,
Telekomunikacja,Akcesoria GSM,Karty SIM,Zasilacze,,,
Telekomunikacja,Akcesoria GSM,Obiektywy,Zasilacze,,,
Telekomunikacja,Akcesoria GSM,Paski do zegarków i smartwatchy,Zasilacze,,,
Telekomunikacja,Akcesoria GSM,Powerbanki,Zasilacze,,,
Telekomunikacja,Akcesoria GSM,Pozostałe,Zasilacze,,,
Telekomunikacja,Akcesoria GSM,"Smartwatch, smartband",Zasilacze,,,
Telekomunikacja,Akcesoria GSM,"Smartwatch, smartband - akcesoria",Zasilacze,,,
Telekomunikacja,Akcesoria GSM,Stacje dokujące,Zasilacze,,,
Telekomunikacja,Akcesoria GSM,Słuchawki bluetooth,Zasilacze,,,
Telekomunikacja,Akcesoria GSM,Słuchawki przewodowe,Zasilacze,,,
Telekomunikacja,Akcesoria GSM,Uchwyty,Zasilacze,,,
Telekomunikacja,Akcesoria GSM,Zestawy głośnomówiące bluetooth,Zasilacze do obudów,,,
Telekomunikacja,Akcesoria GSM,Ładowarki samochodowe,Zasilacze i mieszacze PoE,,,
Telekomunikacja,Akcesoria GSM,Ładowarki sieciowe,Zasłony,,,
Telekomunikacja,Akcesoria GSM,Ładowarki solarne,Zasobniki C.W.U.,,,
Telekomunikacja,Internet of Things (IoT),Bramki przemysłowe,Zawiasy,,,
Telekomunikacja,Internet of Things (IoT),Czujniki MEMS,Zbiorniki buforowe,,,
Telekomunikacja,Internet of Things (IoT),Mikrokomputery,Zdrowotne obuwie Scholl,,,
Telekomunikacja,Internet of Things (IoT),Nadajniki Bluetooth,Zegarki i opaski sportowe,,,
Telekomunikacja,Internet of Things (IoT),Nadajniki NFC,Zegarki i opaski sportowe,,,
Telekomunikacja,Radiokomunikacja,Akumulatorki do krótkofalówek,Zegary,,,
Telekomunikacja,Radiokomunikacja,"Etui, Futerały",Zestaw startowy butelek,,,
Telekomunikacja,Radiokomunikacja,Krótkofalówki,Zestawy czyszczące,,,
Telekomunikacja,Radiokomunikacja,"Mikrofony, Głośniki",Zestawy do KARAOKE,,,
Telekomunikacja,Radiokomunikacja,Słuchawki,Zestawy do przedłużania paznokci,,,
Telekomunikacja,Radiokomunikacja,Uchwyty,Zestawy do wygłuszania studia,,,
Telekomunikacja,Radiokomunikacja,Ładowarki,Zestawy fotowoltaiczne,,,
Telekomunikacja,Telefony komórkowe,Dla seniorów,Zestawy głośnomówiące,,,
Telekomunikacja,Telefony komórkowe,Gwarancje - rozszerzenia,Zestawy głośnomówiące,,,
Telekomunikacja,Telefony komórkowe,Klasyczne,Zestawy interaktywne,,,
Telekomunikacja,Telefony komórkowe,Smartfony,Zestawy kina domowego,,,
Telekomunikacja,Telefony stacjonarne / FAX,Bezprzewodowe,Zestawy kluczy,,,
Telekomunikacja,Telefony stacjonarne / FAX,Przewodowe,Zestawy montażowe,,,
Telekomunikacja,Transmisja danych,Anteny,Zestawy narzędzi,,,
Telekomunikacja,Transmisja danych,Kable telefoniczne,Zestawy narzędzi,,,
Telekomunikacja,Transmisja danych,Modemy 3G/4G,Zestawy narzędzi,,,
Telekomunikacja,Transmisja danych,Routery 3G/4G/5G,Zestawy narzędzi,,,
Telekomunikacja,Videokonferencje i VoIP,Centralki tel. VoIP,Zestawy narzędzi,,,
Telekomunikacja,Videokonferencje i VoIP,Kamery PTZ,Zestawy narzędzi,,,
Telekomunikacja,Videokonferencje i VoIP,Kamery PTZ - kable,Zestawy przetrwania,,,
Telekomunikacja,Videokonferencje i VoIP,Telefony i bramki VoIP,Zestawy startowe,,,
Telekomunikacja,Videokonferencje i VoIP,Videokonferencje,Zestawy WC,,,
Urządzenia sklepowe,Auto ID,Czytniki kart dostępu,Zestawy wkrętaków,,,
Urządzenia sklepowe,Auto ID,Czytniki kart inteligentnych,Zgniatarki ,,,
Urządzenia sklepowe,Auto ID,Czytniki kodów kreskowych,Zgrzewarki,,,
Urządzenia sklepowe,Auto ID,Czytniki kodów kreskowych - akcesoria,Zgrzewarki,,,
Urządzenia sklepowe,Auto ID,Czytniki linii papilarnych,Zlewarki oleju,,,
Urządzenia sklepowe,Auto ID,Drukarki etykiet,Zlewozmywaki,,,
Urządzenia sklepowe,Auto ID,Drukarki termiczne,Zlewozmywaki,,,
Urządzenia sklepowe,Auto ID,Etykiety samoprzylepne,Zlewozmywaki,,,
Urządzenia sklepowe,Auto ID,Gwarancje - rozszerzenia,Złączki,,,
Urządzenia sklepowe,Auto ID,Rejestratory czasu pracy,Zmywaki,,,
Urządzenia sklepowe,Auto ID,Rejestratory czasu pracy - akcesoria,Znikopisy,,,
Urządzenia sklepowe,Auto ID,Skanery twarzy,Zraszacze,,,
Urządzenia sklepowe,Auto ID,Tablety przemysłowe,Zszywacze,,,
Urządzenia sklepowe,Auto ID,Taśmy barwiące pasujące do Zebra,Zszywacze,,,
Urządzenia sklepowe,Auto ID,Terminale mobilne,Zwory elektromagnetyczne,,,
Urządzenia sklepowe,Auto ID,Terminale mobilne - Akcesoria,Żarówki,,,
Urządzenia sklepowe,Auto ID,Zamki kodowe - szyfratory,Żarówki,,,
Urządzenia sklepowe,Urządzenia sklepowe,Czytniki kodów kreskowych,Żelazka i generatory pary,,,
Urządzenia sklepowe,Urządzenia sklepowe,Czytniki kodów kreskowych - akcesoria,Żwirek,,,
Urządzenia sklepowe,Urządzenia sklepowe,Drukarki fiskalne,Żyłki i plecionki,,,
Urządzenia sklepowe,Urządzenia sklepowe,Drukarki termiczne,Żywność długoterminowa,,,
Urządzenia sklepowe,Urządzenia sklepowe,Interkomy kasowe,,,,
Urządzenia sklepowe,Urządzenia sklepowe,Interkomy kasowe - Akcesoria,,,,
Urządzenia sklepowe,Urządzenia sklepowe,Kasy fiskalne,,,,
Urządzenia sklepowe,Urządzenia sklepowe,Kasy samoobsługowe,,,,
Urządzenia sklepowe,Urządzenia sklepowe,Liczarki pieniędzy,,,,
Urządzenia sklepowe,Urządzenia sklepowe,Liczarki pieniędzy - akcesoria,,,,
Urządzenia sklepowe,Urządzenia sklepowe,Metkownice,,,,
Urządzenia sklepowe,Urządzenia sklepowe,Metkownice - akcesoria,,,,
Urządzenia sklepowe,Urządzenia sklepowe,Testery banknotów,,,,
Urządzenia sklepowe,Urządzenia sklepowe,Testery banknotów - akcesoria,,,,
Urządzenia sklepowe,Urządzenia sklepowe,Wagi sklepowe,,,,
Zasilanie,Akumulatory do elektronarzędzi,Akumulatory do elektronarzędzi,,,,
Zasilanie,Akumulatory do elektronarzędzi,Ładowarki do akumulatorów,,,,
Zasilanie,"Baterie, akumulatorki i ładowarki",Akumulatorki,,,,
Zasilanie,"Baterie, akumulatorki i ładowarki",Akumulatory dedykowane,,,,
Zasilanie,"Baterie, akumulatorki i ładowarki",Baterie,,,,
Zasilanie,"Baterie, akumulatorki i ładowarki",Baterie do aparatów słuchowych,,,,
Zasilanie,"Baterie, akumulatorki i ładowarki",Baterie do notebooków,,,,
Zasilanie,"Baterie, akumulatorki i ładowarki",Baterie do telefonów,,,,
Zasilanie,"Baterie, akumulatorki i ładowarki",Ładowarki akumulatorowe,,,,
Zasilanie,"Baterie, akumulatorki i ładowarki",Ładowarki dedykowane,,,,
Zasilanie,Kable zasilające,Kable do zasilaczy,,,,
Zasilanie,Kable zasilające,Kable Sata / Molex,,,,
Zasilanie,Kable zasilające,Kable zasilające do płyt głównych,,,,
Zasilanie,Listwy i przedłużacze,Akcesoria,,,,
Zasilanie,Listwy i przedłużacze,Listwy zasilające,,,,
Zasilanie,Listwy i przedłużacze,Listwy zasilające PDU,,,,
Zasilanie,Listwy i przedłużacze,Listwy zasilające RACK,,,,
Zasilanie,Listwy i przedłużacze,Przedłużacze elektryczne,,,,
Zasilanie,Listwy i przedłużacze,Rozgałęziacze zasilania,,,,
Zasilanie,Zasilacze dedykowane,Zasilacze do oświetlenia,,,,
Zasilanie,Zasilacze dedykowane,Zasilacze do pozostałych urządzeń,,,,
Zasilanie,Zasilacze dedykowane,Zasilacze do przemysłu i automatyki,,,,
Zasilanie,Zasilacze do komputerów i laptopów,Zasilacze do notebooków,,,,
Zasilanie,Zasilacze do komputerów i laptopów,Zasilacze do obudów,,,,
Zasilanie,Zasilanie awaryjne,Agregaty,,,,
Zasilanie,Zasilanie awaryjne,Akumulatory,,,,
Zasilanie,Zasilanie awaryjne,Bypass,,,,
Zasilanie,Zasilanie awaryjne,Czujniki do UPS,,,,
Zasilanie,Zasilanie awaryjne,Domowe urządzenia do podtrzymania napięcia,,,,
Zasilanie,Zasilanie awaryjne,Gwarancje - rozszerzenia,,,,
Zasilanie,Zasilanie awaryjne,Kable do UPS,,,,
Zasilanie,Zasilanie awaryjne,Karty SNMP,,,,
Zasilanie,Zasilanie awaryjne,Moduły bateryjne,,,,
Zasilanie,Zasilanie awaryjne,Przełączniki ATS,,,,
Zasilanie,Zasilanie awaryjne,Szyny montażowe do UPS,,,,
Zasilanie,Zasilanie awaryjne,UPS-y,,,,
Zasilanie,Zasilanie do serwerów,Zasilacze,,,,
Zasilanie,Zasilanie do serwerów,Zasilacze dedykowane,,,,
Zasilanie,Zasilanie do telefonów,Powerbanki,,,,
Zasilanie,Zasilanie do telefonów,Ładowarki sieciowe,,,,
Zasilanie,Zasilanie do telefonów,Ładowarki solarne,,,,
Zasilanie,Zasilanie samochodowe,Przetwornice,,,,
Zasilanie,Zasilanie samochodowe,Ładowarki samochodowe,,,,
Zasilanie,Zasilanie samochodowe,Ładowarki samochodowe do pojazdów elektrycznych,,,,
Zasilanie,Zasilanie sieciowe i CCTV,Mieszacze POE,,,,
Zasilanie,Zasilanie sieciowe i CCTV,Zasilacze,,,,
Zasilanie,Zasilanie sieciowe i CCTV,Zasilacze dedykowane,,,,
Zdrowie i Uroda,Aromaterapia,Olejki eteryczne,,,,
Zdrowie i Uroda,Aromaterapia,Urządzenia do aromaterapii,,,,
Zdrowie i Uroda,Do higieny i pielęgnacji,Depilatory,,,,
Zdrowie i Uroda,Do higieny i pielęgnacji,Do dezynfekcji - Gaziki,,,,
Zdrowie i Uroda,Do higieny i pielęgnacji,Do dezynfekcji - Płyny i żele antybakteryjne,,,,
Zdrowie i Uroda,Do higieny i pielęgnacji,Do dezynfekcji - Sterylizatory,,,,
Zdrowie i Uroda,Do higieny i pielęgnacji,Do frezarek - rolki,,,,
Zdrowie i Uroda,Do higieny i pielęgnacji,Do woskownic - wosk,,,,
Zdrowie i Uroda,Do higieny i pielęgnacji,Frezarki do pięt,,,,
Zdrowie i Uroda,Do higieny i pielęgnacji,Maszynki do golenia,,,,
Zdrowie i Uroda,Do higieny i pielęgnacji,Ostrza do maszynek do golenia,,,,
Zdrowie i Uroda,Do higieny i pielęgnacji,Pianki i żele do golenia,,,,
Zdrowie i Uroda,Do higieny i pielęgnacji,Pielęgnacja twarzy,,,,
Zdrowie i Uroda,Do higieny i pielęgnacji,Podpaski i tampony,,,,
Zdrowie i Uroda,Do higieny i pielęgnacji,Płyny do płukania i pasty do zębów,,,,
Zdrowie i Uroda,Do higieny i pielęgnacji,Środki pielęgnacyjne do stóp,,,,
Zdrowie i Uroda,Do higieny i pielęgnacji,Szczoteczki do zębów,,,,
Zdrowie i Uroda,Do higieny i pielęgnacji,Szczotki do włosów,,,,
Zdrowie i Uroda,Do higieny i pielęgnacji,Urządzenia antycellulitowe,,,,
Zdrowie i Uroda,Do higieny i pielęgnacji,Wałki do włosów,,,,
Zdrowie i Uroda,Do higieny i pielęgnacji,Woskownice,,,,
Zdrowie i Uroda,Do higieny i pielęgnacji,Wybielanie zębów - środki wybielające,,,,
Zdrowie i Uroda,Do higieny i pielęgnacji,Wybielanie zębów - urządzenia,,,,
Zdrowie i Uroda,Erotyka,Bielizna,,,,
Zdrowie i Uroda,Erotyka,Biżuteria erotyczna,,,,
Zdrowie i Uroda,Erotyka,Buty,,,,
Zdrowie i Uroda,Erotyka,Dilda,,,,
Zdrowie i Uroda,Erotyka,Dominacja i uległość,,,,
Zdrowie i Uroda,Erotyka,Elektrostymulacja,,,,
Zdrowie i Uroda,Erotyka,Feromony,,,,
Zdrowie i Uroda,Erotyka,Filmy,,,,
Zdrowie i Uroda,Erotyka,Gadżety do kąpieli,,,,
Zdrowie i Uroda,Erotyka,Gadżety do masażu,,,,
Zdrowie i Uroda,Erotyka,Gry erotyczne,,,,
Zdrowie i Uroda,Erotyka,Higiena osobista i gadżetów erotycznych,,,,
Zdrowie i Uroda,Erotyka,Klamerki i przyssawki,,,,
Zdrowie i Uroda,Erotyka,Korki,,,,
Zdrowie i Uroda,Erotyka,Kosmetyki i perfumy,,,,
Zdrowie i Uroda,Erotyka,Kulki,,,,
Zdrowie i Uroda,Erotyka,Masażery,,,,
Zdrowie i Uroda,Erotyka,Maski na oczy,,,,
Zdrowie i Uroda,Erotyka,Masturbatory,,,,
Zdrowie i Uroda,Erotyka,Naciągacze jąder,,,,
Zdrowie i Uroda,Erotyka,Obroże i kneble,,,,
Zdrowie i Uroda,Erotyka,Olejki i świece do masażu,,,,
Zdrowie i Uroda,Erotyka,Packi i pejcze,,,,
Zdrowie i Uroda,Erotyka,Pasy cnoty,,,,
Zdrowie i Uroda,Erotyka,Pierścienie,,,,
Zdrowie i Uroda,Erotyka,Piórka do łaskotania,,,,
Zdrowie i Uroda,Erotyka,Pompki do penisa,,,,
Zdrowie i Uroda,Erotyka,Potencja i libido,,,,
Zdrowie i Uroda,Erotyka,Powerbanki i baterie,,,,
Zdrowie i Uroda,Erotyka,Powiększanie penisa,,,,
Zdrowie i Uroda,Erotyka,"Powiększanie piersi, pośladków",,,,
Zdrowie i Uroda,Erotyka,Prezerwatywy,,,,
Zdrowie i Uroda,Erotyka,Przebrania i dodatki,,,,
Zdrowie i Uroda,Erotyka,Pulsatory,,,,
Zdrowie i Uroda,Erotyka,Sex Machine,,,,
Zdrowie i Uroda,Erotyka,Soft BDSM,,,,
Zdrowie i Uroda,Erotyka,Sondy,,,,
Zdrowie i Uroda,Erotyka,Strap-On,,,,
Zdrowie i Uroda,Erotyka,Stymulatory,,,,
Zdrowie i Uroda,Erotyka,Suplementy i kosmetyki,,,,
Zdrowie i Uroda,Erotyka,Systemy trakcyjne,,,,
Zdrowie i Uroda,Erotyka,Wiązanie,,,,
Zdrowie i Uroda,Erotyka,Wibratory i masażery,,,,
Zdrowie i Uroda,Erotyka,Zabawki na aplikację mobilną,,,,
Zdrowie i Uroda,Erotyka,Zabawki na pilota,,,,
Zdrowie i Uroda,Erotyka,Żele i suplementy,,,,
Zdrowie i Uroda,Erotyka,Zestawy,,,,
Zdrowie i Uroda,Fizjoterapia i rehabilitacja,Do elektrostymulatowów - akcesoria,,,,
Zdrowie i Uroda,Fizjoterapia i rehabilitacja,Elektrostymulatory,,,,
Zdrowie i Uroda,Fizjoterapia i rehabilitacja,"Koce, poduszki i ogrzewacze elektryczne",,,,
Zdrowie i Uroda,Fizjoterapia i rehabilitacja,Leżanki,,,,
Zdrowie i Uroda,Fizjoterapia i rehabilitacja,Masażery,,,,
Zdrowie i Uroda,Fizjoterapia i rehabilitacja,Masażery - Akcesoria,,,,
Zdrowie i Uroda,Fizjoterapia i rehabilitacja,Maty i nakładki masujące,,,,
Zdrowie i Uroda,Fizjoterapia i rehabilitacja,Produkty obciążeniowe,,,,
Zdrowie i Uroda,Fizjoterapia i rehabilitacja,Świece do masażu,,,,
Zdrowie i Uroda,Fizjoterapia i rehabilitacja,Szelki korekcyjne,,,,
Zdrowie i Uroda,Kosmetologia,Lampy kosmetyczne,,,,
Zdrowie i Uroda,Kosmetologia,Lifting twarzy,,,,
Zdrowie i Uroda,Kosmetologia,Mikrodermabrazja,,,,
Zdrowie i Uroda,Kosmetologia,Peeling kawitacyjny,,,,
Zdrowie i Uroda,Kosmetyka,Drukarki do tatuaży,,,,
Zdrowie i Uroda,Kosmetyka,Lakiery i odżywki,,,,
Zdrowie i Uroda,Kosmetyka,Lampy UV,,,,
Zdrowie i Uroda,Kosmetyka,Lusterka kosmetyczne,,,,
Zdrowie i Uroda,Kosmetyka,Manicure / Pedicure,,,,
Zdrowie i Uroda,Kosmetyka,Narzędzia,,,,
Zdrowie i Uroda,Kosmetyka,Nożyczki,,,,
Zdrowie i Uroda,Kosmetyka,Pędzle do makijażu,,,,
Zdrowie i Uroda,Kosmetyka,Pilniki i bloki,,,,
Zdrowie i Uroda,Kosmetyka,Sztuczne rzęsy,,,,
Zdrowie i Uroda,Kosmetyka,Zestawy do przedłużania paznokci,,,,
Zdrowie i Uroda,Kosmetyka,Zmywacze,,,,
Zdrowie i Uroda,Kosmetyki,Dezodoranty,,,,
Zdrowie i Uroda,Kosmetyki,Do kąpieli,,,,
Zdrowie i Uroda,Kosmetyki,Do makijażu,,,,
Zdrowie i Uroda,Kosmetyki,Kosmetyczki i kuferki,,,,
Zdrowie i Uroda,Kosmetyki,Pielęgnacja ciała,,,,
Zdrowie i Uroda,Kosmetyki,Pielęgnacja twarzy,,,,
Zdrowie i Uroda,Kosmetyki,Pielęgnacja włosów,,,,
Zdrowie i Uroda,Kosmetyki,Zapachy,,,,
Zdrowie i Uroda,Kosmetyki,Zestawy,,,,
Zdrowie i Uroda,Ozdoby do włosów,Gumki,,,,
Zdrowie i Uroda,Ozdoby do włosów,Opaski do włosów,,,,
Zdrowie i Uroda,Ozdoby do włosów,"Spinki, klamry, wsuwki",,,,
Zdrowie i Uroda,Urządzenia i sprzęt medyczny,Aparaty słuchowe,,,,
Zdrowie i Uroda,Urządzenia i sprzęt medyczny,Ciśnieniomierze,,,,
Zdrowie i Uroda,Urządzenia i sprzęt medyczny,Ciśnieniomierze - Akcesoria,,,,
Zdrowie i Uroda,Urządzenia i sprzęt medyczny,Glukometry,,,,
Zdrowie i Uroda,Urządzenia i sprzęt medyczny,Glukometry - Akcesoria,,,,
Zdrowie i Uroda,Urządzenia i sprzęt medyczny,Holtery,,,,
Zdrowie i Uroda,Urządzenia i sprzęt medyczny,Inhalatory,,,,
Zdrowie i Uroda,Urządzenia i sprzęt medyczny,Inhalatory - Akcesoria,,,,
Zdrowie i Uroda,Urządzenia i sprzęt medyczny,Monitory aktywności i snu,,,,
Zdrowie i Uroda,Urządzenia i sprzęt medyczny,Otoskopy,,,,
Zdrowie i Uroda,Urządzenia i sprzęt medyczny,Pulsoksymetry,,,,
Zdrowie i Uroda,Urządzenia i sprzęt medyczny,Pulsometry,,,,
Zdrowie i Uroda,Urządzenia i sprzęt medyczny,Uchwyty,,,,
_Gadżety i materiały reklamowe,_Gadżety i Prezenty,Gadżety,,,,
_Gadżety i materiały reklamowe,_Gadżety i Prezenty,Gry,,,,
_Gadżety i materiały reklamowe,_Gadżety i Prezenty,Zabawki,,,,
_Gadżety i materiały reklamowe,_Materiały reklamowe,Materiały reklamowe,,,,